sample_id,altura_t1_cm,temp_t1_c,precipitacao_t1_mm,umidade_t1_pct,altura_t2_cm,temp_t2_c,precipitacao_t2_mm,umidade_t2_pct,temp_futuro_2d_c,precipitacao_futuro_2d_mm,umidade_futuro_2d_pct,crescimento_passado_2d_cm,crescimento_futuro_2d_cm
S05875,56.136,18.69,0.0,75.41,56.361,22.16,0.0,83.72,23.82,0.0,67.66,0.225,0.277
S05942,44.668,20.46,10.5,78.97,44.983,21.46,0.0,64.59,23.57,0.0,61.76,0.315,0.379
S08979,71.282,26.12,0.0,77.22,71.673,28.05,0.66,79.75,22.03,19.0,70.24,0.391,0.263
S06531,63.229,23.4,0.0,70.35,63.439,24.64,0.0,75.38,21.68,14.75,59.94,0.21,0.312
S02067,60.673,20.02,0.0,80.55,60.909,20.25,4.41,78.57,21.07,9.55,61.84,0.236,0.3
S01834,62.34,22.26,4.83,61.0,62.419,19.1,0.0,71.17,22.59,26.21,64.87,0.079,0.446
S06624,56.154,17.06,4.65,54.07,56.323,23.16,8.45,64.74,22.28,5.72,65.5,0.169,0.29
S07593,67.233,19.04,0.0,64.54,67.397,23.72,0.78,77.61,23.2,10.28,83.1,0.164,0.336
S04015,52.605,21.92,0.0,58.28,52.89,32.2,0.0,82.77,20.56,3.0,79.68,0.285,0.206
S03761,53.836,29.47,0.0,75.01,54.141,16.54,0.0,69.61,24.66,0.0,68.63,0.305,0.252
S06521,80.33,20.93,0.0,62.59,80.458,25.91,0.0,74.52,23.58,2.27,78.23,0.128,0.206
S08931,58.376,26.13,0.0,63.27,58.665,21.95,3.21,77.08,27.11,4.17,71.45,0.289,0.364
S03863,63.924,25.7,0.0,78.57,64.046,16.88,0.0,59.25,23.85,4.83,72.45,0.122,0.237
S08790,53.758,22.31,0.0,83.33,54.462,25.54,0.0,70.25,20.83,0.0,73.1,0.704,0.235
S04815,68.73,23.49,6.44,63.99,69.003,25.05,19.82,71.3,22.78,2.49,67.07,0.273,0.205
S01243,70.94,19.13,3.86,82.52,71.093,18.11,0.0,81.84,25.07,0.0,70.85,0.153,0.173
S06534,52.136,18.85,17.31,74.79,52.587,17.2,0.67,70.84,22.43,16.97,75.95,0.451,0.399
S04167,73.698,22.64,0.0,75.67,73.805,27.59,10.83,76.0,24.59,10.44,64.22,0.107,0.207
S01997,58.444,19.15,0.0,58.89,58.675,27.04,0.0,68.61,23.55,38.11,89.95,0.231,0.711
S09270,52.909,18.05,0.0,57.26,53.104,15.25,0.0,67.61,23.67,0.0,69.36,0.195,0.292
S08642,52.226,22.4,7.14,63.04,52.599,20.34,0.0,67.88,23.18,8.25,67.41,0.373,0.333
S03794,66.258,24.94,0.0,73.3,66.49,19.31,0.0,58.06,19.54,2.54,59.2,0.232,0.095
S09831,60.442,25.8,0.0,69.29,60.636,23.04,30.16,68.22,19.41,0.07,67.96,0.194,0.197
S03837,56.213,19.37,0.0,58.78,56.414,22.99,0.0,52.87,22.74,0.6,66.21,0.201,0.217
S05551,69.973,21.7,0.0,71.05,70.083,25.97,7.03,61.44,21.44,0.0,74.58,0.11,0.174
S03458,55.434,18.85,0.0,70.64,55.652,25.21,0.0,72.97,22.22,0.67,72.38,0.218,0.24
S02162,55.625,18.77,0.0,61.37,55.869,15.88,0.0,67.38,23.98,5.55,79.33,0.244,0.41
S00675,68.538,23.73,0.0,68.22,68.842,22.52,0.0,70.65,18.53,0.0,64.59,0.304,0.128
S05525,53.135,23.98,0.0,67.5,53.41,21.86,0.0,65.94,22.11,2.38,73.16,0.275,0.346
S04866,62.492,23.1,0.0,89.12,62.739,17.82,0.0,59.59,22.04,5.01,69.19,0.247,0.249
S04315,71.103,20.11,0.0,87.16,71.206,18.79,0.0,60.4,21.61,0.0,70.4,0.103,0.139
S03466,60.96,26.32,3.75,71.06,61.144,19.04,5.2,57.29,22.91,17.23,60.72,0.184,0.376
S08804,72.878,17.91,25.76,69.12,73.429,23.36,0.0,73.89,24.54,9.77,71.86,0.551,0.261
S06117,87.515,23.97,0.0,88.19,87.616,14.95,0.0,65.85,20.04,0.0,68.29,0.101,0.01
S07613,69.414,23.72,0.0,58.04,69.582,27.52,0.0,87.98,19.31,0.0,72.73,0.168,0.091
S02192,77.864,13.16,6.17,63.07,77.874,24.9,0.0,83.84,27.02,1.66,67.53,0.01,0.168
S09761,69.412,28.27,0.0,76.58,69.575,23.03,0.0,59.62,21.25,6.32,63.99,0.163,0.236
S07969,64.804,19.32,0.0,70.0,64.896,23.98,0.0,72.25,19.32,30.85,64.42,0.092,0.427
S04257,72.29,17.4,0.0,59.08,72.3,19.01,0.0,71.08,23.67,1.85,73.65,0.01,0.114
S07082,61.325,31.09,7.33,64.04,61.631,18.7,0.0,62.94,19.94,2.69,63.32,0.306,0.168
S02695,66.162,21.16,0.0,75.52,66.365,22.51,0.0,64.33,22.53,7.59,67.19,0.203,0.261
S06593,51.424,26.52,0.0,84.97,51.782,28.18,0.0,69.71,18.66,0.0,69.06,0.358,0.242
S08717,69.137,27.11,11.74,87.66,69.559,27.04,0.0,64.01,22.39,15.32,68.04,0.422,0.261
S01825,59.539,23.85,3.88,76.2,59.839,16.96,0.0,69.47,19.77,3.92,59.62,0.3,0.226
S06646,67.337,25.8,6.96,68.78,67.591,24.97,0.0,64.32,21.94,1.29,65.72,0.254,0.114
S01599,53.953,22.95,0.0,51.71,54.157,23.7,0.0,73.48,23.94,0.0,61.26,0.204,0.192
S08619,64.777,24.8,35.0,77.54,65.357,20.1,0.0,66.29,22.78,0.61,62.06,0.58,0.164
S08678,60.343,24.91,14.11,71.97,60.874,22.61,0.0,79.84,22.24,0.0,74.58,0.531,0.205
S03797,65.465,19.08,0.0,71.78,65.629,25.24,3.44,72.27,18.37,0.0,60.75,0.164,0.097
S05963,80.659,27.17,0.0,70.23,80.749,24.54,0.0,70.41,24.21,13.85,82.14,0.09,0.285
S07671,68.717,22.26,0.0,75.97,68.948,20.38,0.0,68.15,21.94,4.04,83.82,0.231,0.253
S07188,60.98,24.22,0.0,92.8,61.361,23.79,4.41,71.39,21.62,0.0,71.41,0.381,0.224
S08530,62.122,22.67,5.8,79.64,62.457,22.01,6.88,62.73,17.17,0.56,60.72,0.335,0.081
S05847,53.383,23.07,0.0,57.61,53.609,19.21,0.0,80.3,23.24,16.87,64.82,0.226,0.406
S07333,65.152,19.15,0.0,68.99,65.242,26.33,0.0,73.03,22.9,6.17,80.34,0.09,0.356
S02611,66.525,27.57,0.0,77.07,66.757,26.73,4.73,79.51,22.83,0.0,67.33,0.232,0.193
S02720,70.59,24.49,0.0,69.94,70.825,19.39,0.0,72.19,19.9,0.0,67.65,0.235,0.042
S04119,57.544,22.46,0.0,60.32,57.812,24.07,0.0,73.48,25.15,15.8,84.51,0.268,0.533
S09409,66.889,28.35,0.0,71.39,67.049,18.44,11.31,69.33,26.27,0.0,73.78,0.16,0.284
S09242,63.262,21.05,4.01,75.09,63.465,26.19,0.0,66.61,27.03,1.37,61.29,0.203,0.201
S00991,66.793,14.6,0.0,60.71,66.862,23.67,0.0,75.59,23.83,0.0,71.24,0.069,0.208
S05783,53.62,14.25,0.0,66.28,53.788,24.52,6.01,78.32,21.22,0.0,66.12,0.168,0.229
S01837,59.131,20.98,0.0,57.64,59.241,14.4,0.0,58.59,25.06,0.0,66.87,0.11,0.324
S08183,74.234,27.04,0.0,70.92,74.462,21.28,0.0,59.21,26.42,3.77,70.86,0.228,0.259
S07502,61.669,24.34,6.74,65.84,61.911,22.31,0.0,72.91,27.81,0.0,69.06,0.242,0.325
S03820,63.207,26.45,0.0,65.4,63.533,23.44,0.0,63.14,21.43,15.52,59.06,0.326,0.172
S07287,53.687,25.26,8.21,72.99,54.17,22.73,0.0,75.23,24.63,0.94,57.57,0.483,0.279
S09502,68.625,14.33,0.0,67.85,68.708,22.26,0.0,69.41,27.63,30.03,78.58,0.083,0.55
S09637,68.089,25.83,0.0,69.03,68.329,21.21,0.0,75.0,18.24,1.02,63.74,0.24,0.072
S07422,47.547,19.16,0.0,69.37,47.809,25.4,0.55,60.18,23.3,3.16,63.58,0.262,0.321
S05443,68.997,25.46,0.0,82.12,69.151,19.49,0.0,71.22,23.38,1.78,66.15,0.154,0.202
S09209,58.98,25.12,0.0,91.38,59.341,24.24,0.0,55.97,24.86,18.56,59.67,0.361,0.426
S02736,77.566,14.42,0.0,64.88,77.664,25.68,0.15,73.04,25.57,0.0,64.96,0.098,0.156
S06019,71.891,24.84,0.0,80.82,72.196,24.29,0.0,60.94,18.56,6.03,71.44,0.305,0.127
S04621,60.265,27.0,0.0,80.13,60.554,26.99,14.25,70.98,18.85,0.0,64.56,0.289,0.113
S03276,55.292,20.9,0.0,74.91,55.615,19.37,0.0,69.61,26.54,2.34,68.34,0.323,0.289
S01240,67.294,24.48,0.0,83.85,67.56,22.94,0.0,72.15,25.58,1.73,73.88,0.266,0.176
S00088,64.932,24.17,26.26,81.06,65.396,23.61,0.0,61.87,26.66,18.74,66.25,0.464,0.354
S05664,72.969,17.75,0.0,80.98,73.047,19.77,0.0,49.84,19.97,0.98,53.12,0.078,0.057
S06756,62.817,24.14,0.0,74.11,63.034,17.87,0.0,65.09,19.87,0.0,67.03,0.217,0.177
S06331,62.435,19.08,0.0,74.18,62.617,24.88,0.0,61.66,23.65,10.89,65.23,0.182,0.351
S09405,67.161,24.11,0.0,72.13,67.426,27.87,0.0,84.16,23.51,0.73,73.15,0.265,0.228
S00930,62.079,24.09,2.24,71.39,62.248,26.03,0.0,59.61,26.53,0.0,66.85,0.169,0.333
S03182,52.096,23.11,4.69,69.81,52.342,15.89,0.0,67.94,21.51,13.34,72.48,0.246,0.456
S07133,57.975,24.01,1.24,76.15,58.29,25.63,0.0,59.81,18.07,0.0,62.95,0.315,0.131
S09421,52.029,18.07,12.32,58.37,52.417,22.77,0.0,73.41,18.12,13.06,71.06,0.388,0.339
S01895,61.855,16.42,4.75,62.21,62.104,24.5,0.0,63.61,25.64,2.1,55.54,0.249,0.175
S00128,51.887,24.37,0.0,68.32,52.082,19.72,0.0,66.52,19.23,0.38,66.05,0.195,0.213
S01440,63.88,19.99,6.71,64.08,64.208,25.04,11.19,77.34,26.41,1.71,73.71,0.328,0.25
S08768,54.453,18.9,0.0,60.37,54.597,19.54,0.61,72.76,24.13,0.0,69.74,0.144,0.306
S00994,61.157,19.98,0.0,65.37,61.366,26.77,5.68,72.9,27.41,0.0,61.09,0.209,0.25
S07234,48.135,24.07,3.74,70.05,48.471,24.16,0.0,79.66,24.09,6.71,71.88,0.336,0.317
S00501,49.29,23.26,30.87,69.39,49.904,25.07,10.56,64.57,21.26,10.39,64.7,0.614,0.39
S03476,58.426,24.82,0.0,70.57,58.635,19.32,19.24,60.87,20.25,3.73,70.43,0.209,0.195
S04499,47.512,19.21,0.0,69.23,47.677,24.99,28.53,72.08,22.25,1.79,64.48,0.165,0.398
S04074,51.112,27.24,8.9,69.23,51.437,26.4,3.1,66.53,25.44,20.81,76.49,0.325,0.566
S01704,52.555,18.21,0.0,67.16,52.774,22.5,0.0,68.49,19.94,3.58,74.38,0.219,0.314
S02669,62.549,26.54,0.0,63.74,62.896,17.14,0.0,57.15,22.73,25.26,68.5,0.347,0.486
S03876,71.633,19.14,0.0,72.04,71.74,25.34,0.0,80.19,27.41,1.01,67.62,0.107,0.157
S06497,68.623,21.5,0.0,65.91,68.777,22.26,0.0,81.99,24.43,0.0,71.37,0.154,0.225
S01897,63.966,20.93,0.0,77.35,64.218,25.85,15.06,56.95,19.76,0.0,68.79,0.252,0.064
S05245,65.265,22.56,0.0,83.46,65.54,24.53,4.78,75.04,24.98,19.78,78.62,0.275,0.546
S01970,59.009,25.32,0.0,60.83,59.25,18.64,0.0,70.61,21.55,45.0,66.78,0.241,0.691
S05085,58.157,26.46,0.0,69.0,58.385,28.61,0.0,71.28,28.81,0.88,74.4,0.228,0.41
S03537,71.464,21.59,0.0,54.39,71.519,27.33,0.0,59.45,27.97,0.77,81.5,0.055,0.346
S06960,61.828,24.63,13.13,66.7,62.246,28.45,25.19,83.57,28.42,24.51,77.33,0.418,0.514
S01749,54.031,26.42,0.0,63.62,54.334,27.3,0.29,63.58,22.91,12.43,72.0,0.303,0.418
S03750,40.0,25.89,0.0,74.22,40.328,20.64,0.0,45.64,21.61,8.24,67.62,0.328,0.364
S01690,44.143,19.81,6.28,59.66,44.515,23.6,5.62,59.47,19.63,8.33,55.6,0.372,0.211
S07761,48.941,21.45,0.0,63.77,49.297,22.22,0.0,73.42,28.08,4.87,64.94,0.356,0.401
S04777,71.08,25.46,0.0,78.07,71.266,26.49,10.5,67.96,22.36,0.0,57.94,0.186,0.054
S00019,61.457,19.97,2.49,60.37,61.692,25.91,0.0,81.89,22.58,18.63,75.58,0.235,0.404
S06138,64.847,27.57,0.0,63.74,64.919,23.8,10.3,63.25,20.08,0.0,67.54,0.072,0.112
S01138,47.727,27.64,0.0,79.78,48.191,22.7,7.69,75.33,23.49,4.33,65.54,0.464,0.274
S04676,67.84,18.59,0.0,80.49,68.175,19.77,0.0,78.52,24.3,0.0,64.49,0.335,0.152
S09917,69.138,27.29,2.75,70.37,69.47,20.24,0.0,74.75,21.51,3.96,74.0,0.332,0.173
S03826,69.267,27.3,0.0,71.21,69.459,15.54,0.0,55.32,22.7,0.0,64.1,0.192,0.188
S07988,70.88,15.44,0.0,61.21,71.037,23.16,0.0,67.11,18.74,0.0,64.19,0.157,0.051
S01003,61.332,18.24,0.0,77.32,61.517,28.55,0.0,79.74,22.42,8.02,79.86,0.185,0.408
S07262,63.805,26.75,0.0,80.6,64.103,23.65,0.0,72.57,22.28,0.62,70.52,0.298,0.096
S07982,55.603,27.47,19.53,73.54,56.083,27.27,0.0,72.89,19.49,0.0,67.93,0.48,0.189
S03486,70.844,27.73,3.92,59.56,70.974,23.36,0.0,90.98,19.13,12.95,67.06,0.13,0.147
S04862,62.894,23.36,0.0,73.1,63.103,26.85,8.43,60.9,19.69,0.0,63.95,0.209,0.073
S00193,63.422,23.02,0.0,82.97,63.673,24.04,0.0,65.84,21.59,23.19,77.76,0.251,0.47
S04999,49.172,24.03,3.04,64.26,49.429,19.89,0.0,56.98,21.7,1.66,70.28,0.257,0.349
S06133,67.607,24.97,0.0,72.06,67.804,25.17,5.63,83.37,23.14,9.34,72.36,0.197,0.292
S00558,67.195,21.55,0.0,72.38,67.469,25.89,0.0,93.69,24.25,2.99,85.52,0.274,0.313
S03009,54.054,26.94,0.0,73.81,54.418,13.85,0.0,61.73,22.03,1.09,64.5,0.364,0.175
S04310,57.871,26.01,15.77,65.59,58.238,25.57,0.0,72.63,22.65,0.0,85.59,0.367,0.283
S05013,47.943,22.91,0.0,67.65,48.369,28.38,0.23,85.3,18.89,0.02,71.38,0.426,0.244
S05755,51.783,12.73,0.0,68.03,51.953,23.66,0.0,68.88,25.32,4.5,61.47,0.17,0.298
S00646,64.263,23.6,0.0,79.25,64.494,16.57,3.03,55.02,18.58,0.0,62.77,0.231,0.086
S00195,62.271,24.14,0.0,65.55,62.579,24.43,2.46,70.72,21.42,11.85,70.01,0.308,0.279
S04847,56.363,22.44,0.0,58.42,56.486,23.64,0.0,81.29,19.17,1.01,70.44,0.123,0.202
S05761,57.978,16.71,0.0,68.42,58.218,21.12,0.0,68.38,24.59,7.63,66.21,0.24,0.285
S07898,67.12,17.33,0.0,53.88,67.179,16.66,0.0,63.65,24.01,3.14,67.57,0.059,0.271
S00903,63.6,18.55,0.0,68.75,63.753,24.29,0.0,75.4,19.88,1.03,70.13,0.153,0.177
S04427,63.082,23.46,0.0,80.81,63.351,23.47,0.0,75.6,22.77,0.37,68.47,0.269,0.238
S03660,49.769,22.33,0.0,67.03,50.046,27.24,0.0,83.73,22.54,2.4,85.08,0.277,0.313
S08662,55.942,26.89,0.0,60.85,56.244,23.49,0.86,79.31,23.21,15.28,59.77,0.302,0.369
S01545,67.899,24.79,0.0,69.12,68.119,25.44,0.0,62.73,22.48,2.16,71.73,0.22,0.262
S07311,69.733,16.39,0.0,66.7,69.871,19.41,0.62,63.23,22.35,0.0,81.97,0.138,0.25
S04772,46.055,22.32,0.0,88.31,46.371,19.9,9.25,59.07,17.08,1.89,74.87,0.316,0.305
S06404,66.932,30.6,17.57,83.46,67.373,20.71,0.0,62.07,27.87,3.75,62.02,0.441,0.273
S04340,61.995,23.02,0.04,57.01,62.187,20.06,3.87,73.66,22.91,0.0,62.74,0.192,0.193
S04118,64.886,15.81,1.53,72.9,65.128,17.77,0.0,71.69,22.33,6.13,70.66,0.242,0.259
S07367,46.8,21.31,2.78,67.12,47.133,27.33,0.0,92.6,29.19,0.0,54.94,0.333,0.389
S04023,60.729,25.18,26.64,73.07,61.24,21.51,0.0,59.52,27.27,0.01,71.85,0.511,0.252
S09980,57.004,25.03,3.3,81.11,57.477,24.39,0.0,79.6,23.99,0.0,81.07,0.473,0.321
S00498,64.004,21.93,0.0,64.09,64.248,17.66,0.0,75.26,24.79,0.0,90.02,0.244,0.33
S07302,70.939,27.0,0.0,76.89,71.201,23.3,0.0,65.76,19.85,0.0,77.25,0.262,0.169
S02482,70.267,22.1,0.0,71.77,70.357,19.92,0.0,63.26,22.36,3.65,72.24,0.09,0.126
S07607,69.651,22.82,0.0,74.3,69.813,18.06,0.0,81.96,25.43,3.53,74.1,0.162,0.173
S01523,64.654,24.02,0.0,56.68,64.903,21.82,0.0,66.43,24.63,0.0,60.7,0.249,0.213
S01990,47.709,25.12,0.0,60.92,47.96,23.51,0.0,62.37,17.34,0.0,46.41,0.251,0.076
S07726,66.303,26.57,0.0,67.82,66.489,28.13,23.93,76.2,20.98,4.01,68.54,0.186,0.184
S04906,65.672,25.51,0.0,93.52,65.991,19.46,0.79,68.65,25.54,1.19,59.23,0.319,0.256
S00211,44.169,21.67,4.81,68.19,44.566,20.51,0.0,63.15,22.75,4.16,65.08,0.397,0.329
S09298,61.209,22.88,0.0,73.29,61.503,23.89,0.0,72.49,25.17,11.18,72.13,0.294,0.42
S00942,56.142,22.66,0.0,75.53,56.502,22.78,0.0,76.22,19.49,0.0,69.12,0.36,0.025
S00068,58.631,19.13,1.86,64.21,58.896,20.95,0.0,61.96,22.85,2.86,69.57,0.265,0.246
S01093,60.009,28.47,0.0,84.78,60.452,27.11,12.29,88.67,18.47,1.0,57.83,0.443,0.115
S02338,67.178,21.24,5.78,72.66,67.368,24.27,0.0,68.66,21.77,0.85,63.91,0.19,0.156
S04877,69.55,23.05,0.0,63.59,69.745,20.49,12.54,75.07,20.61,16.25,76.9,0.195,0.266
S08052,69.831,18.11,0.0,48.72,69.933,23.41,25.21,80.12,20.26,0.0,66.47,0.102,0.153
S02065,63.222,17.5,0.0,69.22,63.446,20.16,0.0,61.37,21.55,0.0,77.92,0.224,0.171
S06532,47.194,23.74,0.0,77.75,47.485,21.66,0.0,66.16,26.76,26.3,93.77,0.291,0.762
S04950,81.291,18.03,0.0,77.06,81.349,25.46,3.88,65.22,26.29,0.0,70.15,0.058,0.135
S02481,46.352,24.36,0.0,70.42,46.764,26.37,0.0,61.77,24.5,0.0,76.77,0.412,0.466
S01437,56.31,28.62,0.0,76.19,56.529,19.17,3.79,72.6,19.16,11.18,69.59,0.219,0.325
S00587,69.764,25.0,0.0,73.6,69.973,27.16,0.0,80.92,18.83,12.24,60.21,0.209,0.238
S02752,65.187,23.5,0.0,82.56,65.427,25.44,0.0,70.67,23.87,4.85,75.53,0.24,0.181
S07206,58.712,23.92,1.86,78.46,59.052,28.74,0.0,55.08,28.28,0.0,61.74,0.34,0.256
S06692,61.642,22.85,0.0,69.6,61.965,21.6,2.09,73.08,17.77,2.05,60.29,0.323,0.059
S03989,56.236,26.63,0.0,92.2,56.53,23.06,0.0,70.34,23.41,0.0,76.99,0.294,0.338
S04047,60.67,21.81,0.0,54.14,60.874,17.16,0.0,84.28,26.63,0.0,63.86,0.204,0.223
S03966,62.381,17.17,0.0,58.7,62.475,16.1,0.0,70.41,21.75,0.0,64.61,0.094,0.089
S08280,62.313,23.98,0.0,63.89,62.45,16.32,0.0,55.15,21.47,0.99,75.91,0.137,0.197
S01938,61.205,25.88,0.0,63.58,61.387,27.0,0.0,54.92,19.85,0.0,65.57,0.182,0.132
S08789,57.871,23.24,0.0,71.46,58.054,28.7,0.0,54.05,18.48,4.62,65.89,0.183,0.247
S01539,67.078,18.54,0.0,59.01,67.222,26.06,0.0,71.75,19.46,0.0,69.62,0.144,0.142
S09812,72.358,20.32,1.63,80.0,72.453,16.1,0.0,62.28,22.78,0.79,57.73,0.095,0.06
S09989,69.55,27.71,0.0,78.49,69.859,27.85,0.0,67.85,23.98,21.47,70.59,0.309,0.419
S06724,62.148,27.45,0.0,69.55,62.403,20.37,20.32,65.11,22.26,0.0,70.9,0.255,0.219
S06878,64.905,23.95,15.99,64.38,65.245,23.68,0.0,72.89,29.27,0.0,73.99,0.34,0.334
S00881,58.401,20.26,4.72,78.58,58.698,22.19,0.0,60.09,26.14,3.38,70.23,0.297,0.32
S01045,58.529,25.78,0.0,68.55,58.816,28.46,0.0,59.71,22.01,0.0,70.74,0.287,0.137
S02530,55.806,28.29,15.08,76.13,56.265,30.14,0.0,72.66,22.31,2.73,73.48,0.459,0.336
S05186,61.803,15.67,0.0,69.83,62.062,12.85,0.0,62.7,20.13,3.51,80.26,0.259,0.161
S04400,59.504,16.19,0.0,61.12,59.575,19.79,0.0,74.58,22.94,0.0,72.45,0.071,0.247
S02005,49.205,20.43,0.0,79.52,49.82,24.03,0.0,59.76,23.57,1.12,65.57,0.615,0.335
S03439,65.716,26.79,0.0,65.67,65.981,23.37,0.0,70.23,25.97,0.91,63.51,0.265,0.215
S00452,54.358,23.11,0.0,63.66,54.551,22.73,3.11,76.42,22.13,0.0,72.1,0.193,0.236
S00956,52.014,23.15,1.25,70.76,52.563,24.93,0.0,65.29,23.06,7.31,52.96,0.549,0.301
S07859,59.47,25.51,0.0,79.62,59.677,25.49,0.0,68.71,26.21,0.38,70.45,0.207,0.319
S09908,51.658,26.29,0.0,79.11,51.955,24.19,0.0,71.79,23.55,0.0,63.01,0.297,0.245
S06548,52.633,26.09,6.05,85.13,53.122,17.88,0.0,77.13,25.92,3.15,72.88,0.489,0.422
S06926,62.303,24.13,0.0,74.84,62.562,24.67,0.0,72.09,25.93,6.93,65.43,0.259,0.288
S03916,73.515,16.11,0.0,65.97,73.556,24.25,5.92,78.6,22.1,0.0,68.01,0.041,0.2
S08849,46.363,24.53,0.0,75.34,46.678,28.52,0.0,57.72,24.74,8.4,70.8,0.315,0.52
S02932,59.1,21.76,0.0,71.77,59.194,18.17,0.0,61.17,17.02,0.23,69.69,0.094,0.144
S08652,73.379,22.5,0.0,69.94,73.524,17.99,0.0,54.83,25.2,1.76,73.83,0.145,0.185
S07741,47.479,26.48,0.0,76.8,48.031,17.33,0.0,69.96,22.82,7.68,72.7,0.552,0.38
S08746,69.701,22.46,0.0,71.5,69.859,22.48,3.09,65.55,25.07,9.06,68.7,0.158,0.234
S08800,56.036,26.3,0.0,71.14,56.257,23.03,0.0,59.39,22.88,1.75,69.54,0.221,0.236
S08316,65.702,22.65,0.0,53.78,65.907,19.33,4.38,70.7,23.71,0.0,68.97,0.205,0.207
S04228,73.73,21.41,0.0,75.39,73.911,22.71,11.0,69.57,25.06,10.14,74.9,0.181,0.232
S01893,60.241,14.18,0.0,58.9,60.26,27.42,35.0,69.17,23.43,0.0,63.34,0.019,0.263
S04544,68.374,20.58,0.0,78.26,68.594,24.68,0.0,77.63,22.86,0.0,79.75,0.22,0.168
S08890,59.899,17.53,0.0,57.37,60.028,25.21,0.0,67.98,23.35,7.61,73.91,0.129,0.348
S00450,61.055,16.02,0.0,61.0,61.23,27.49,0.0,67.22,21.98,1.63,64.04,0.175,0.2
S05343,63.054,26.95,13.57,68.79,63.442,26.22,1.26,78.67,18.51,1.43,81.42,0.388,0.169
S08448,61.933,23.13,0.27,68.41,62.337,24.42,0.0,71.67,22.84,0.0,66.19,0.404,0.122
S09687,47.269,27.53,19.09,71.01,47.94,21.09,11.4,71.35,25.88,0.0,67.65,0.671,0.316
S01064,40.0,19.82,0.0,55.39,40.297,22.68,1.18,68.23,22.0,5.31,67.02,0.297,0.446
S00698,60.267,16.67,0.0,51.09,60.372,22.41,15.3,71.45,16.3,10.58,58.83,0.105,0.184
S07708,52.539,28.79,21.6,80.31,53.089,25.82,0.0,64.99,28.02,1.73,68.55,0.55,0.371
S03818,56.254,17.69,0.0,73.21,56.442,25.34,0.0,61.9,23.92,0.01,67.49,0.188,0.28
S08296,71.257,25.72,0.0,78.71,71.474,20.94,0.0,66.31,21.42,0.0,76.09,0.217,0.111
S04083,68.258,19.76,0.0,64.13,68.396,13.69,0.0,58.67,26.01,4.7,74.09,0.138,0.251
S09984,55.322,21.65,0.0,61.85,55.626,17.22,0.0,61.0,21.97,3.21,70.13,0.304,0.288
S03218,84.37,24.53,3.32,72.7,84.465,15.61,0.0,62.5,20.52,5.02,78.0,0.095,0.097
S01297,64.985,20.71,0.0,68.95,65.151,16.66,0.0,68.84,26.62,4.62,75.46,0.166,0.334
S07282,56.845,27.15,0.0,78.69,57.185,20.17,0.0,86.35,23.75,0.0,61.23,0.34,0.178
S06906,72.931,28.81,0.0,73.05,73.168,17.98,0.0,66.75,19.19,12.78,69.73,0.237,0.192
S09177,63.442,18.28,0.0,72.58,63.809,17.13,0.0,73.26,21.54,0.0,73.65,0.367,0.111
S04770,66.309,19.54,0.0,70.86,66.569,18.36,0.0,50.78,18.25,0.0,72.81,0.26,0.154
S05055,71.896,19.02,22.63,88.83,72.244,21.9,0.46,67.92,23.19,4.32,70.99,0.348,0.204
S08930,61.387,24.66,24.92,65.11,62.086,19.09,0.0,62.98,21.27,0.0,65.52,0.699,0.142
S03034,54.507,25.22,0.0,45.04,54.686,20.45,0.0,70.09,19.65,0.0,75.59,0.179,0.252
S09360,77.813,22.5,0.0,74.58,77.964,25.9,0.0,74.58,23.73,0.38,60.43,0.151,0.172
S02307,68.306,24.37,1.8,63.23,68.397,26.53,0.0,65.89,22.68,0.0,60.2,0.091,0.126
S00886,58.858,26.93,0.0,67.62,59.194,25.21,0.0,66.8,27.07,9.2,76.17,0.336,0.394
S09810,66.395,17.43,0.0,76.41,66.6,23.62,18.57,78.13,26.38,0.0,86.36,0.205,0.352
S01899,66.726,26.85,0.0,79.23,67.052,21.58,12.2,78.49,27.11,3.79,57.03,0.326,0.262
S02924,74.269,21.52,7.65,78.51,74.545,22.56,0.0,64.0,17.82,0.0,69.99,0.276,0.066
S09693,59.556,28.29,0.0,64.25,59.857,23.73,0.0,71.92,22.31,0.0,70.33,0.301,0.187
S00959,71.966,24.78,0.0,74.83,72.239,25.7,19.68,73.05,23.26,24.29,72.0,0.273,0.414
S04543,85.394,16.4,0.0,71.25,85.431,20.4,0.0,77.36,22.96,19.31,69.74,0.037,0.35
S09002,69.914,23.49,0.0,80.7,70.079,21.94,0.0,78.92,21.25,1.51,59.23,0.165,0.076
S09685,60.222,12.0,0.0,73.02,60.357,22.66,1.81,65.96,23.68,8.07,69.6,0.135,0.351
S04741,68.359,25.62,0.0,71.39,68.631,22.18,0.0,60.7,21.64,36.48,65.36,0.272,0.458
S03744,56.64,21.55,0.0,70.23,56.905,25.65,0.0,78.4,24.06,2.55,59.76,0.265,0.218
S05171,47.54,26.9,0.0,72.14,47.987,20.29,0.0,68.2,23.9,0.0,73.12,0.447,0.312
S05828,58.464,27.71,0.0,72.95,58.705,21.88,4.39,65.26,26.36,16.38,76.74,0.241,0.525
S08794,68.741,16.2,6.06,67.95,69.152,24.76,4.56,60.71,19.83,6.98,69.1,0.411,0.242
S02629,66.83,16.47,0.0,60.93,66.887,21.59,0.0,70.3,23.65,3.95,63.13,0.057,0.248
S05540,67.819,22.58,0.0,67.92,67.988,25.92,19.43,85.64,25.47,0.84,75.5,0.169,0.257
S05959,70.612,29.11,0.0,81.76,70.87,22.89,0.0,65.61,27.34,1.07,71.88,0.258,0.276
S08043,68.289,23.84,0.0,78.71,68.381,23.47,0.0,78.21,24.14,0.0,53.73,0.092,0.205
S07749,53.583,25.79,10.38,65.7,53.927,24.65,3.48,84.23,23.97,6.96,71.5,0.344,0.371
S03443,70.454,16.41,0.0,65.17,70.524,27.28,14.96,77.4,19.45,11.3,66.7,0.07,0.221
S00042,63.431,27.62,0.0,65.05,63.566,22.51,19.13,59.33,25.09,0.0,73.19,0.135,0.271
S00673,56.308,18.29,0.0,71.4,56.528,21.66,4.25,71.88,22.77,0.0,74.74,0.22,0.272
S01806,74.902,23.17,0.0,58.66,75.045,26.89,0.0,73.59,20.63,4.1,69.77,0.143,0.051
S07765,59.001,19.87,0.0,70.39,59.244,24.19,0.0,68.89,23.52,22.59,75.78,0.243,0.537
S09414,60.188,22.19,0.0,63.36,60.396,22.9,12.98,78.35,19.75,1.53,72.64,0.208,0.112
S00265,57.889,22.5,0.0,79.3,58.199,22.85,0.0,84.82,21.26,0.0,72.86,0.31,0.241
S07835,69.185,21.47,0.0,65.18,69.344,18.68,6.62,78.48,21.26,4.54,63.24,0.159,0.09
S08708,58.462,20.5,0.0,73.74,58.728,25.28,0.0,55.53,21.22,4.7,78.19,0.266,0.262
S08501,60.265,22.58,0.0,67.9,60.684,21.22,0.0,61.9,23.82,0.0,61.4,0.419,0.163
S08729,50.235,22.97,8.05,86.82,50.637,21.85,0.0,75.04,24.85,15.59,72.64,0.402,0.468
S09194,58.472,22.0,0.0,68.14,58.685,25.25,1.87,74.62,17.74,1.2,66.43,0.213,0.157
S00704,62.525,21.75,0.0,78.62,62.66,26.66,0.0,74.76,26.64,12.8,64.98,0.135,0.438
S08545,62.004,22.61,0.0,62.4,62.124,26.41,0.0,78.68,23.93,2.11,73.17,0.12,0.278
S03809,69.396,24.55,0.94,71.43,69.779,20.01,26.52,62.74,22.89,9.29,71.1,0.383,0.26
S03318,63.48,19.16,0.0,64.31,63.663,25.24,0.0,72.15,23.66,1.73,69.69,0.183,0.26
S01452,66.155,22.21,0.0,65.99,66.34,16.21,0.0,63.86,28.17,0.0,83.49,0.185,0.31
S09511,68.173,19.29,0.0,58.87,68.325,26.84,0.95,74.51,24.4,0.97,83.52,0.152,0.282
S00051,64.78,26.86,0.0,70.83,65.136,25.26,4.41,83.17,19.22,4.09,61.53,0.356,0.129
S07843,68.115,27.2,1.87,70.09,68.351,24.95,13.05,65.19,24.59,3.71,80.21,0.236,0.293
S00861,57.497,19.04,0.0,69.44,57.708,22.66,0.0,62.57,20.63,0.0,81.26,0.211,0.262
S04424,69.551,14.75,0.0,74.97,69.705,25.71,0.0,66.11,24.87,0.0,72.31,0.154,0.16
S00129,52.092,24.12,0.0,51.34,52.289,23.08,0.0,69.77,22.12,11.32,74.05,0.197,0.41
S02588,75.948,22.62,6.44,70.72,76.172,26.24,5.28,66.29,21.64,9.08,68.61,0.224,0.206
S03190,53.841,25.24,0.3,65.92,54.149,16.61,0.0,57.17,21.34,0.0,68.28,0.308,0.249
S03406,62.383,26.27,0.0,81.45,62.602,25.09,0.0,67.88,21.13,7.58,66.31,0.219,0.302
S00902,46.578,21.78,0.0,80.22,46.88,19.92,0.0,59.9,23.65,12.9,68.63,0.302,0.411
S02980,63.343,22.04,1.57,57.77,63.509,21.81,0.0,67.45,22.76,0.0,66.69,0.166,0.234
S00227,55.407,26.96,0.0,67.92,55.728,25.63,0.0,69.92,15.8,0.66,68.35,0.321,0.111
S00109,44.642,18.81,0.0,68.87,44.916,22.88,0.0,60.89,20.18,0.0,60.59,0.274,0.251
S01905,66.373,23.44,0.0,70.98,66.484,25.39,0.0,73.65,20.69,0.0,74.79,0.111,0.204
S05345,55.152,22.51,12.79,66.9,55.528,20.78,2.92,76.12,24.06,5.39,73.52,0.376,0.366
S09084,68.533,20.88,0.0,68.46,68.854,23.23,0.0,83.34,23.45,0.46,87.23,0.321,0.256
S00760,73.484,27.9,0.0,66.23,73.723,19.73,0.0,79.27,20.24,1.56,74.61,0.239,0.056
S01917,52.625,21.59,0.0,69.98,52.983,21.46,0.0,71.94,17.88,10.47,54.71,0.358,0.22
S04719,61.065,22.03,0.0,65.58,61.245,23.6,4.63,75.49,21.84,0.0,70.02,0.18,0.19
S04997,67.714,17.7,2.14,69.13,67.804,23.06,0.0,67.74,17.76,0.0,67.23,0.09,0.071
S00453,65.995,15.7,0.2,55.81,66.105,20.23,0.0,62.69,26.89,0.0,78.99,0.11,0.278
S08601,67.15,22.91,0.0,70.9,67.356,24.41,14.67,66.11,17.69,3.59,77.81,0.206,0.124
S02268,60.881,17.78,0.0,60.66,61.106,19.69,5.51,65.37,25.23,5.68,78.7,0.225,0.362
S05393,64.91,15.84,2.66,73.98,65.059,22.33,0.0,68.99,25.71,1.48,64.97,0.149,0.364
S01835,43.348,20.83,0.0,61.15,43.655,27.36,0.0,66.92,24.73,0.0,72.14,0.307,0.35
S02908,50.968,19.26,0.0,71.95,51.338,25.57,0.0,71.38,23.74,13.67,68.04,0.37,0.474
S07683,61.21,25.35,0.05,74.62,61.537,20.64,0.0,57.92,22.12,0.11,65.71,0.327,0.218
S00567,74.37,22.62,1.94,73.35,74.461,24.5,0.0,65.99,19.79,0.84,55.34,0.091,0.067
S02271,46.116,23.91,0.0,74.18,46.491,24.61,0.0,81.85,22.46,8.7,66.56,0.375,0.436
S04783,57.895,20.19,0.0,94.01,58.418,23.33,0.0,54.7,23.48,0.96,60.44,0.523,0.245
S04871,42.418,22.66,0.0,86.23,42.782,14.2,9.79,75.24,19.3,0.0,65.65,0.364,0.229
S07246,70.066,14.47,0.0,67.34,70.227,22.05,0.0,69.99,19.77,1.23,73.93,0.161,0.158
S06703,66.823,24.07,0.0,66.49,67.08,17.46,0.0,70.95,19.67,2.0,73.35,0.257,0.22
S04200,48.679,26.2,0.0,74.82,49.081,17.28,0.0,63.42,21.92,0.0,73.77,0.402,0.236
S03226,52.945,22.76,0.0,72.88,53.239,26.28,0.91,67.06,20.47,2.71,62.19,0.294,0.234
S07846,58.09,20.83,0.85,61.9,58.257,25.91,0.0,66.67,23.57,0.0,66.33,0.167,0.215
S03479,64.244,17.43,2.17,51.69,64.34,22.92,0.0,59.95,21.65,6.54,64.54,0.096,0.264
S09856,63.396,26.55,0.0,68.13,63.633,21.74,0.0,59.09,26.17,0.08,70.5,0.237,0.179
S07132,63.146,28.13,0.0,84.29,63.403,23.44,0.0,77.29,24.1,1.17,67.13,0.257,0.23
S08189,49.291,23.71,2.98,58.21,49.643,26.12,16.38,68.04,21.56,13.7,68.7,0.352,0.446
S05098,61.372,21.13,1.3,54.96,61.628,25.61,10.2,71.04,19.51,0.0,80.85,0.256,0.254
S03506,66.56,24.51,0.6,65.02,66.726,18.06,0.0,70.12,21.76,0.0,72.11,0.166,0.159
S06378,62.821,20.14,0.0,80.5,63.027,24.5,0.0,74.3,19.86,13.46,61.56,0.206,0.278
S07643,51.915,16.73,0.0,64.82,52.331,26.97,15.23,73.17,24.82,10.87,66.62,0.416,0.399
S07462,66.854,22.19,22.2,77.86,67.197,18.49,4.43,75.03,20.36,0.0,69.07,0.343,0.091
S00155,65.179,19.75,0.0,68.22,65.321,21.72,0.0,68.02,23.26,2.94,63.99,0.142,0.203
S07644,47.824,17.07,0.0,51.85,48.301,19.35,0.0,69.9,23.3,0.0,60.12,0.477,0.334
S01205,59.674,24.1,9.92,85.53,60.109,26.5,0.0,79.8,25.45,4.98,63.22,0.435,0.315
S04240,53.883,22.94,1.87,72.27,54.232,26.2,0.0,67.89,24.21,4.33,68.83,0.349,0.293
S03956,56.447,23.05,0.0,72.81,56.711,26.43,1.04,69.46,22.75,0.0,71.86,0.264,0.289
S06033,56.054,22.64,0.0,75.89,56.347,28.49,0.0,59.23,21.47,0.0,80.68,0.293,0.248
S09251,60.292,26.47,35.0,86.69,61.002,24.55,0.0,66.09,23.07,0.0,79.01,0.71,0.197
S07034,66.215,24.4,0.0,62.17,66.31,22.81,0.0,69.83,26.4,0.0,62.16,0.095,0.242
S02504,65.074,26.05,0.0,73.53,65.339,23.97,0.0,67.14,21.68,0.0,66.78,0.265,0.252
S07324,62.027,25.06,0.68,64.94,62.442,15.89,1.96,70.59,25.1,10.02,69.55,0.415,0.298
S05139,48.598,20.52,0.0,61.62,48.941,18.21,0.0,61.15,22.91,4.8,79.95,0.343,0.362
S04020,65.723,24.69,0.0,69.19,66.006,22.21,0.0,67.86,20.73,0.37,70.6,0.283,0.174
S08077,66.289,19.51,0.0,70.77,66.326,24.86,0.0,79.16,22.03,0.0,71.51,0.037,0.194
S00382,58.334,21.39,0.0,65.62,58.607,20.18,0.0,62.12,25.41,2.79,73.43,0.273,0.304
S09195,66.041,25.06,0.0,40.16,66.27,19.12,0.0,62.93,23.82,4.84,63.6,0.229,0.239
S04686,68.299,23.62,0.0,76.37,68.695,21.52,0.0,75.69,28.07,22.15,71.34,0.396,0.52
S00031,62.027,22.0,0.0,75.37,62.101,23.05,5.87,60.67,23.18,0.0,58.77,0.074,0.152
S05556,76.458,27.5,0.0,69.22,76.697,23.29,0.0,73.12,21.03,0.0,57.16,0.239,0.025
S00965,63.855,21.61,0.0,70.62,64.09,27.68,0.0,65.86,22.29,3.18,68.78,0.235,0.113
S02413,66.779,25.55,0.0,61.25,66.884,16.3,0.0,55.17,23.39,2.91,59.21,0.105,0.152
S04332,63.153,19.64,6.65,71.86,63.355,27.05,0.0,60.66,20.43,6.3,67.79,0.202,0.142
S07844,67.054,24.76,0.0,66.63,67.243,29.44,35.0,65.34,20.17,20.5,61.77,0.189,0.318
S05602,54.871,26.84,0.0,77.32,55.169,20.84,7.14,91.49,22.26,3.84,72.18,0.298,0.26
S00681,65.008,14.1,0.0,70.2,65.361,18.33,0.0,74.24,27.47,8.26,72.42,0.353,0.362
S01482,54.719,19.0,0.0,78.08,54.989,20.85,0.0,81.24,23.67,9.74,57.37,0.27,0.358
S02320,54.015,24.54,0.0,77.71,54.374,23.07,0.0,63.67,27.05,0.46,56.59,0.359,0.306
S09829,67.167,19.72,0.0,68.57,67.295,22.52,0.0,75.68,20.2,0.64,76.44,0.128,0.173
S00066,62.828,26.05,1.55,79.47,63.083,19.45,0.0,62.4,27.2,0.0,80.15,0.255,0.388
S04545,77.752,23.68,0.0,73.2,77.999,24.93,23.13,61.26,20.89,2.28,79.09,0.247,0.086
S06137,63.627,25.03,2.15,70.64,63.895,24.23,0.0,80.94,21.89,1.13,63.46,0.268,0.19
S05244,65.426,21.94,4.04,68.44,65.734,18.05,0.0,57.25,24.47,10.33,78.26,0.308,0.334
S09712,74.965,24.19,0.0,75.37,75.079,26.79,0.0,61.61,21.42,0.0,67.98,0.114,0.042
S09825,57.446,21.62,0.0,62.62,57.583,26.64,0.0,72.99,21.23,2.05,69.02,0.137,0.183
S00693,46.899,25.26,3.73,92.94,47.429,25.16,16.05,71.35,24.18,8.69,72.32,0.53,0.427
S01411,55.249,23.62,0.0,64.84,55.572,27.8,0.0,68.51,24.15,13.87,70.14,0.323,0.45
S00737,66.373,18.29,0.0,64.73,66.561,27.23,0.0,73.68,23.11,6.63,72.79,0.188,0.309
S09760,56.579,25.15,2.16,62.5,56.863,26.0,0.0,67.94,20.73,3.03,78.54,0.284,0.229
S07952,76.35,18.9,0.0,58.43,76.424,26.73,0.0,84.12,24.01,0.28,64.08,0.074,0.141
S02217,70.606,23.77,4.11,65.88,70.875,21.93,8.17,72.1,17.07,0.0,65.86,0.269,0.067
S07703,56.88,22.65,1.28,75.34,57.153,30.5,3.32,70.77,24.82,9.94,71.79,0.273,0.439
S09362,51.752,28.2,0.0,75.17,52.079,24.8,0.0,64.36,17.02,12.25,68.84,0.327,0.278
S00225,65.987,20.59,0.0,65.93,66.217,17.93,0.0,76.03,21.42,4.4,67.19,0.23,0.174
S02463,59.914,22.75,0.0,64.75,60.029,22.91,0.0,57.37,20.05,0.0,68.22,0.115,0.155
S04898,64.995,25.04,0.36,63.98,65.208,28.66,1.92,74.08,24.14,12.68,68.26,0.213,0.363
S01218,65.65,25.18,0.0,72.99,65.878,21.15,2.12,82.26,17.22,3.92,57.01,0.228,0.03
S03394,63.597,17.17,0.0,53.48,63.759,27.56,0.0,63.63,22.1,0.0,63.73,0.162,0.165
S04850,55.262,21.87,0.0,58.27,55.547,21.36,0.0,66.8,23.98,3.86,68.91,0.285,0.28
S05982,74.751,28.05,0.0,73.42,74.964,24.64,0.0,83.97,26.6,0.0,78.39,0.213,0.178
S01945,56.142,29.8,0.0,89.55,56.611,16.79,0.0,73.59,21.5,5.67,80.67,0.469,0.36
S08243,60.243,27.04,0.0,79.29,60.482,27.02,2.76,92.96,23.5,2.0,65.9,0.239,0.22
S08466,71.804,25.2,0.0,66.56,71.949,25.39,0.0,71.66,22.35,6.6,72.06,0.145,0.21
S05873,65.033,16.54,0.0,64.84,65.136,22.88,0.0,65.29,22.94,0.07,68.49,0.103,0.162
S06479,62.028,26.43,0.0,76.04,62.304,20.0,0.0,69.5,21.7,0.0,80.29,0.276,0.224
S03999,78.223,24.39,0.0,71.48,78.359,24.42,0.0,67.89,24.59,2.38,78.29,0.136,0.188
S05493,69.651,25.66,0.0,67.75,69.96,32.46,0.0,82.69,27.9,15.29,77.73,0.309,0.443
S09373,72.925,27.45,0.0,65.84,73.115,23.27,13.87,73.46,21.31,0.0,67.45,0.19,0.05
S00191,52.746,25.71,0.0,85.41,52.941,23.18,32.54,60.14,26.13,11.74,64.06,0.195,0.473
S04421,58.128,24.29,0.0,67.44,58.385,22.14,0.0,72.48,24.76,10.7,78.46,0.257,0.417
S04444,64.307,28.22,0.0,78.62,64.513,19.18,0.0,64.01,28.74,7.21,81.8,0.206,0.436
S04688,55.008,22.3,0.0,71.61,55.314,24.08,0.0,82.86,20.62,0.0,60.41,0.306,0.193
S02255,60.849,25.97,0.0,76.48,61.233,23.15,0.0,73.17,21.98,1.6,76.74,0.384,0.24
S08754,52.648,20.25,3.08,71.23,52.898,22.76,0.0,78.04,22.43,5.87,70.78,0.25,0.313
S04618,52.367,21.39,0.0,88.18,52.68,22.3,0.0,63.42,27.87,32.65,76.68,0.313,0.751
S05762,65.343,23.85,5.45,62.28,65.565,19.22,0.0,56.49,24.51,6.98,77.59,0.222,0.241
S00911,58.973,22.03,0.0,69.29,59.112,21.17,0.0,75.7,22.47,0.0,61.17,0.139,0.157
S00832,63.062,24.46,0.0,65.08,63.517,24.9,0.0,66.84,19.76,8.47,59.64,0.455,0.263
S01784,56.69,22.51,0.0,62.15,56.97,25.48,0.0,66.28,19.08,16.82,70.97,0.28,0.393
S05917,47.144,22.52,0.0,59.04,47.448,17.01,0.0,59.29,19.61,5.3,84.53,0.304,0.374
S08060,61.177,16.81,0.0,55.67,61.32,17.15,0.0,62.71,22.62,7.0,80.47,0.143,0.346
S04385,53.724,20.6,1.75,70.62,54.26,25.1,1.09,67.54,23.29,1.49,74.04,0.536,0.402
S02903,53.508,18.98,0.0,63.98,53.678,21.8,2.69,65.09,24.52,0.57,69.03,0.17,0.363
S09655,68.318,15.96,0.0,70.7,68.627,24.58,0.0,62.1,29.14,0.19,75.33,0.309,0.264
S00776,69.296,22.21,3.77,84.71,69.515,16.76,0.0,59.36,21.49,15.2,68.7,0.219,0.335
S05061,71.644,14.27,0.0,67.52,71.681,21.8,0.0,70.42,21.75,0.0,69.31,0.037,0.111
S03534,70.172,24.91,0.48,72.06,70.279,23.03,2.68,56.57,24.42,5.81,77.6,0.107,0.345
S05765,68.195,25.84,0.0,79.94,68.594,22.44,0.0,80.69,23.68,0.0,71.1,0.399,0.106
S03116,71.728,21.7,0.0,60.41,71.775,18.53,0.0,77.62,17.12,0.61,71.16,0.047,0.01
S02854,65.829,25.81,0.0,58.21,65.971,29.14,0.0,75.8,21.03,1.76,71.95,0.142,0.096
S08263,74.422,24.21,0.0,77.34,74.472,19.85,0.0,51.51,26.22,1.71,62.13,0.05,0.138
S08957,75.104,19.83,0.0,83.12,75.178,22.6,0.0,75.33,21.16,3.66,56.33,0.074,0.054
S09720,43.24,23.99,6.4,76.58,43.745,25.08,0.0,65.04,24.09,1.95,83.02,0.505,0.388
S02786,64.677,21.3,0.0,65.66,64.834,16.61,0.0,66.53,25.44,0.29,77.68,0.157,0.279
S08384,51.939,26.1,0.4,64.94,52.36,19.05,0.0,76.85,22.31,0.8,67.26,0.421,0.235
S00983,61.514,29.75,27.06,92.08,62.134,22.95,10.68,81.89,23.0,1.08,68.29,0.62,0.159
S09193,61.665,18.77,0.0,62.47,61.854,21.8,0.0,71.02,21.72,2.51,63.44,0.189,0.225
S01851,80.4,19.45,0.0,57.56,80.474,24.37,2.19,62.91,19.15,0.0,56.77,0.074,0.085
S05424,61.449,16.05,0.0,59.68,61.539,24.22,0.0,73.98,23.73,2.0,67.5,0.09,0.313
S07961,52.718,20.86,0.0,72.84,53.051,22.27,0.0,75.47,21.54,10.47,80.45,0.333,0.386
S02585,64.208,13.57,0.0,56.09,64.43,21.29,0.0,72.42,24.83,35.82,81.07,0.222,0.598
S06840,69.473,22.61,15.31,71.09,69.897,17.78,16.99,54.19,19.98,1.72,62.87,0.424,0.055
S09945,62.966,21.38,0.74,66.43,63.21,24.61,0.0,90.98,21.03,0.0,80.39,0.244,0.279
S00101,60.823,18.05,0.0,86.32,61.145,23.75,0.0,75.99,23.04,4.21,62.58,0.322,0.247
S01811,64.364,16.7,0.0,64.32,64.441,20.03,9.35,72.0,14.3,6.54,53.96,0.077,0.055
S01085,71.629,21.08,0.0,67.61,71.862,23.29,0.0,63.83,21.02,15.47,61.73,0.233,0.252
S02621,71.103,19.55,0.0,60.04,71.2,20.13,7.65,79.35,22.9,6.79,72.89,0.097,0.152
S00818,46.717,19.52,0.0,68.85,46.938,24.28,13.44,71.96,27.94,12.7,82.26,0.221,0.59
S07474,63.153,23.27,0.0,67.02,63.38,24.83,0.0,81.0,21.41,0.63,65.09,0.227,0.136
S02123,56.144,25.53,4.71,72.46,56.464,16.66,0.0,64.96,24.74,16.43,80.16,0.32,0.474
S07441,76.65,24.77,0.0,64.73,76.805,28.45,0.0,73.07,27.06,0.0,62.74,0.155,0.163
S06186,64.637,20.08,0.0,76.68,64.814,21.73,5.57,91.59,21.3,3.87,67.35,0.177,0.146
S03350,74.194,23.98,0.0,76.79,74.307,23.77,0.0,71.33,21.59,1.61,64.57,0.113,0.065
S08331,74.618,25.09,0.0,78.27,74.816,23.0,0.0,71.08,25.32,2.96,62.85,0.198,0.153
S06126,55.661,19.82,0.0,72.01,55.964,26.79,0.0,80.08,31.29,2.33,72.99,0.303,0.4
S05767,69.965,24.54,0.0,82.05,70.253,20.63,0.0,80.32,21.84,2.18,68.18,0.288,0.15
S08542,54.846,18.78,2.31,68.3,55.119,21.81,2.06,67.25,21.05,0.0,57.67,0.273,0.213
S07518,63.797,24.12,0.0,66.57,64.024,25.98,0.0,71.73,22.07,8.18,69.63,0.227,0.23
S02391,64.383,27.03,2.08,79.34,64.633,22.89,15.56,73.57,24.64,1.34,77.25,0.25,0.281
S09878,81.199,27.35,8.14,57.58,81.311,23.54,3.03,73.22,19.37,0.0,74.52,0.112,0.054
S04093,40.911,17.46,0.0,81.24,41.271,24.7,0.0,74.28,25.92,3.08,65.74,0.36,0.457
S04445,54.415,24.58,0.0,71.12,54.711,26.18,11.19,76.03,23.32,1.35,68.63,0.296,0.247
S01077,69.695,19.2,3.55,52.74,69.894,28.09,16.26,71.98,24.91,6.66,76.56,0.199,0.311
S02827,62.653,15.96,0.0,66.37,62.814,21.61,0.0,42.1,20.41,0.0,46.59,0.161,0.026
S09754,69.567,19.06,0.0,56.98,69.74,20.31,0.0,55.61,25.36,8.82,71.31,0.173,0.248
S09291,64.916,30.93,0.0,74.22,65.296,26.18,0.0,67.9,25.33,28.11,78.91,0.38,0.495
S06750,63.5,23.48,0.0,72.55,63.802,24.48,0.0,65.4,28.42,4.53,61.86,0.302,0.355
S04845,66.908,26.11,0.0,75.79,67.082,25.51,0.0,69.51,21.81,12.25,86.03,0.174,0.302
S03693,71.651,26.7,0.0,82.5,71.851,21.4,5.54,70.55,24.6,2.75,68.65,0.2,0.204
S07325,61.642,27.4,8.63,63.16,61.922,20.88,0.0,70.24,25.87,1.71,54.85,0.28,0.227
S03436,59.037,24.03,0.0,68.18,59.26,22.34,35.0,77.75,24.14,3.93,58.0,0.223,0.345
S08284,56.4,29.52,5.18,93.11,56.889,20.71,1.14,55.33,28.14,0.0,72.81,0.489,0.378
S02190,70.748,25.78,0.0,69.57,70.948,23.7,7.7,67.04,22.48,2.66,66.33,0.2,0.166
S05868,61.904,22.8,7.7,84.88,62.583,18.91,0.0,58.15,25.25,4.87,64.3,0.679,0.241
S03755,55.86,23.28,8.06,70.25,56.297,16.63,0.0,74.17,20.1,1.19,69.06,0.437,0.207
S07413,77.199,23.02,0.0,78.72,77.314,23.54,0.0,76.92,25.51,3.7,83.02,0.115,0.234
S03882,72.005,22.17,0.0,51.95,72.113,19.96,0.0,65.91,21.79,0.28,72.59,0.108,0.083
S02974,68.822,27.07,0.0,77.15,69.048,25.37,0.0,92.59,18.08,10.63,72.6,0.226,0.168
S05332,68.547,24.57,0.0,67.62,68.81,20.81,0.0,71.61,17.88,0.26,74.29,0.263,0.064
S05372,62.042,26.6,0.0,80.13,62.433,19.94,0.0,61.93,22.19,0.0,70.09,0.391,0.187
S06410,77.356,27.35,0.0,70.52,77.575,19.92,0.0,78.97,20.12,3.42,65.34,0.219,0.168
S08369,61.792,21.13,0.0,73.32,62.159,19.8,8.33,60.23,21.3,0.0,73.67,0.367,0.2
S03752,75.872,27.35,10.92,80.43,76.224,25.66,22.23,85.14,26.12,2.39,68.17,0.352,0.191
S08673,61.262,14.17,0.0,70.15,61.333,16.41,0.0,63.29,16.91,0.0,85.03,0.071,0.174
S00700,80.094,23.65,0.0,74.86,80.218,19.63,0.0,56.18,18.85,9.07,70.16,0.124,0.076
S05698,53.97,19.1,0.0,79.03,54.35,21.25,0.0,71.56,22.71,0.0,74.13,0.38,0.283
S04120,61.777,25.29,0.16,68.79,61.965,15.4,0.0,63.51,20.97,1.48,74.74,0.188,0.183
S01553,58.294,13.38,0.0,67.75,58.641,25.1,6.21,68.47,22.84,0.66,58.45,0.347,0.185
S05740,60.436,23.92,0.0,69.81,60.728,24.39,0.0,71.55,24.91,17.48,65.77,0.292,0.457
S03346,61.292,24.61,12.63,73.34,61.773,16.86,0.0,69.67,17.9,0.15,58.85,0.481,0.119
S00396,71.279,23.88,0.0,65.21,71.441,19.6,0.0,66.72,22.26,1.81,59.44,0.162,0.04
S01293,78.131,21.24,0.0,65.05,78.215,24.53,2.17,68.26,21.77,0.0,73.91,0.084,0.108
S06397,40.0,25.31,0.0,79.61,40.375,26.53,0.0,65.14,20.34,9.4,60.38,0.375,0.423
S03173,50.893,23.85,0.0,62.28,51.143,19.74,0.0,69.28,22.1,1.01,59.56,0.25,0.233
S09910,62.073,22.25,0.0,89.34,62.555,22.49,0.0,71.43,18.38,2.7,82.26,0.482,0.216
S04451,61.998,21.79,0.0,70.48,62.256,26.55,0.0,71.04,22.52,6.07,63.13,0.258,0.269
S02878,57.879,23.33,0.0,65.34,58.14,19.03,0.0,63.6,22.02,0.0,68.08,0.261,0.176
S05562,68.028,21.43,0.0,63.29,68.038,26.71,3.23,80.21,22.49,12.59,86.96,0.01,0.323
S09591,66.127,23.34,19.55,69.08,66.627,25.73,0.0,68.34,20.53,0.0,64.2,0.5,0.179
S07569,78.322,14.63,0.0,76.26,78.433,19.62,0.0,70.7,26.48,5.74,58.25,0.111,0.227
S03545,71.156,18.8,0.0,65.76,71.375,17.02,0.0,67.11,26.87,0.0,69.45,0.219,0.187
S03367,63.361,23.9,0.0,86.17,63.582,21.96,4.02,70.48,21.18,3.01,67.28,0.221,0.191
S06807,65.359,24.18,0.0,54.85,65.503,24.81,0.07,73.74,21.66,0.0,67.68,0.144,0.228
S09221,66.894,24.63,0.06,66.81,67.127,23.96,0.0,72.79,20.94,2.25,68.96,0.233,0.207
S06179,69.462,29.63,29.3,61.61,70.016,26.02,0.0,80.3,22.66,0.0,72.63,0.554,0.144
S02566,67.593,21.54,0.0,62.11,67.859,25.33,0.0,65.86,23.26,6.06,69.91,0.266,0.265
S03589,80.33,22.76,0.0,68.69,80.379,23.49,0.0,65.81,20.32,0.74,72.74,0.049,0.08
S00639,67.481,26.07,0.0,77.09,67.737,24.09,0.0,73.22,16.93,0.02,71.86,0.256,0.014
S00862,54.136,26.61,0.0,69.06,54.37,25.95,30.88,69.05,19.12,5.34,66.17,0.234,0.307
S01376,57.06,20.9,0.0,59.7,57.44,16.11,1.14,66.74,23.87,2.47,65.25,0.38,0.23
S03950,62.675,22.21,0.0,63.77,62.871,23.91,0.0,70.14,25.42,5.75,75.08,0.196,0.327
S03670,73.561,27.31,0.0,67.6,73.785,23.47,0.0,73.91,22.87,15.22,70.58,0.224,0.253
S07405,65.511,18.65,0.0,55.35,65.581,27.23,0.0,76.66,20.88,36.55,76.37,0.07,0.529
S05012,52.526,19.43,0.0,72.29,52.906,26.49,0.0,63.18,21.17,4.86,71.44,0.38,0.235
S00437,50.394,26.47,0.0,68.95,50.75,13.62,0.0,71.6,23.71,0.0,64.95,0.356,0.235
S07964,64.105,22.39,0.0,70.22,64.3,24.92,5.54,65.27,22.6,0.89,80.46,0.195,0.236
S09017,52.605,17.67,0.0,59.99,52.815,15.96,0.0,69.61,20.18,0.13,63.58,0.21,0.133
S08932,48.384,21.77,0.0,77.29,48.689,26.17,0.0,78.78,22.2,0.0,75.87,0.305,0.358
S08510,53.121,26.89,0.16,80.82,53.564,19.38,0.0,66.09,23.24,3.51,70.08,0.443,0.276
S07145,66.397,21.21,0.39,64.69,66.57,18.9,0.0,67.53,20.52,0.0,68.13,0.173,0.177
S02725,55.576,23.13,12.76,65.67,56.342,20.73,0.0,61.86,22.16,0.0,68.53,0.766,0.213
S09660,59.12,27.47,0.0,67.15,59.388,20.81,0.0,71.86,24.13,0.0,67.45,0.268,0.222
S01522,70.358,16.08,0.0,58.74,70.438,20.7,8.6,56.85,19.29,3.66,77.98,0.08,0.148
S00609,63.937,21.93,0.0,79.23,64.329,25.08,0.0,75.59,22.57,12.73,68.43,0.392,0.284
S00470,62.23,24.23,0.0,79.26,62.547,13.42,0.0,71.52,26.52,4.02,64.15,0.317,0.252
S04925,68.169,15.79,0.0,79.23,68.314,19.89,0.0,76.82,17.25,13.07,69.41,0.145,0.108
S08602,50.218,28.31,0.0,85.62,50.492,26.06,0.0,75.8,26.99,8.33,71.97,0.274,0.491
S04622,54.749,26.78,0.0,52.35,54.982,16.51,0.0,56.68,24.31,18.39,73.65,0.233,0.531
S09232,57.541,26.32,3.3,75.81,58.064,22.34,0.0,76.61,21.47,16.8,57.68,0.523,0.383
S06733,61.403,21.88,0.0,65.23,61.584,16.73,0.0,67.39,21.11,6.25,69.26,0.181,0.258
S04921,63.723,23.43,0.0,65.89,63.908,26.2,4.14,68.28,19.33,0.0,67.7,0.185,0.165
S04362,73.424,21.0,0.0,69.53,73.61,21.17,0.45,73.82,22.25,13.25,79.72,0.186,0.239
S02161,62.058,21.76,0.0,69.45,62.224,23.25,0.0,73.01,22.96,5.95,73.73,0.166,0.279
S09456,57.765,22.4,0.0,65.38,57.965,25.57,0.0,66.27,21.04,1.61,74.0,0.2,0.186
S00362,62.065,24.62,0.0,61.15,62.319,27.01,0.0,81.28,18.61,15.72,69.21,0.254,0.321
S04559,60.979,20.55,20.89,71.35,61.529,19.02,0.0,65.91,18.5,4.49,66.12,0.55,0.129
S03862,60.24,26.82,7.6,69.63,60.607,24.69,0.0,67.24,23.02,0.78,71.31,0.367,0.279
S08663,60.539,16.15,3.33,60.54,60.815,19.34,0.0,62.71,21.62,16.61,63.23,0.276,0.341
S09486,70.492,21.19,0.0,54.3,70.751,26.97,0.0,74.54,17.18,5.65,73.25,0.259,0.172
S09541,59.01,25.85,0.0,56.78,59.279,29.02,0.0,74.04,24.23,6.35,80.91,0.269,0.369
S06951,52.507,23.36,3.99,90.58,52.828,19.59,0.0,76.02,23.29,7.89,64.32,0.321,0.337
S08019,58.89,15.1,14.16,71.82,59.363,23.58,0.0,73.88,26.13,0.0,70.87,0.473,0.285
S08766,73.17,20.1,0.0,64.96,73.228,27.1,0.0,81.19,25.33,3.3,71.9,0.058,0.232
S09640,56.504,17.7,0.0,66.87,56.631,18.61,0.0,59.7,30.23,3.9,77.42,0.127,0.412
S08505,68.799,16.9,0.0,58.72,68.896,19.76,0.0,74.5,27.89,8.16,72.81,0.097,0.328
S00677,52.468,25.55,0.0,58.32,52.801,19.97,0.0,54.04,23.34,17.26,71.63,0.333,0.456
S02324,77.22,24.58,0.0,51.43,77.361,19.79,4.56,51.57,17.06,0.0,66.17,0.141,0.034
S09610,70.885,24.49,5.21,81.47,71.293,26.02,0.0,81.72,21.74,2.59,71.4,0.408,0.14
S00072,75.564,18.24,0.0,68.3,75.705,19.92,14.93,68.71,22.75,0.99,66.85,0.141,0.154
S01587,55.929,30.21,0.0,67.82,56.26,23.71,0.0,73.03,24.33,7.83,78.58,0.331,0.424
S06441,75.036,22.57,0.0,72.58,75.164,15.75,0.0,71.47,25.84,0.0,64.59,0.128,0.152
S08810,74.153,24.19,0.0,64.98,74.275,23.56,0.0,55.61,23.41,4.31,72.19,0.122,0.212
S04818,69.729,25.68,0.0,69.08,70.081,26.86,0.0,80.1,26.4,6.49,70.11,0.352,0.258
S07869,54.154,24.36,0.0,67.99,54.615,26.31,0.0,71.08,21.0,0.0,64.87,0.461,0.259
S09927,63.443,17.42,0.0,65.73,63.611,16.96,0.0,62.75,22.37,0.05,68.83,0.168,0.212
S04132,64.778,18.38,0.0,65.29,64.912,24.26,0.0,76.73,20.86,0.65,65.99,0.134,0.114
S02722,40.255,26.56,0.0,84.81,40.761,22.4,10.43,63.42,19.18,0.0,71.5,0.506,0.27
S06526,59.646,16.62,0.0,64.17,59.711,25.6,3.91,76.67,22.96,0.92,72.92,0.065,0.162
S02367,65.2,22.52,0.0,66.98,65.374,24.71,0.0,74.67,23.03,0.16,78.02,0.174,0.271
S01015,67.53,17.43,0.0,74.45,67.683,22.73,0.0,73.54,24.14,6.78,68.32,0.153,0.257
S02662,59.015,27.25,2.0,80.15,59.283,20.89,0.0,73.08,16.24,12.01,70.69,0.268,0.27
S07053,62.893,21.96,0.0,69.66,63.068,20.38,11.29,62.86,20.61,7.27,75.46,0.175,0.238
S04682,59.888,18.9,0.0,51.09,60.127,19.77,1.2,81.82,20.72,0.0,63.88,0.239,0.158
S01144,52.424,20.29,2.52,70.64,52.863,24.35,0.0,81.39,19.66,2.19,69.71,0.439,0.193
S03743,56.934,25.34,0.9,70.5,57.238,19.96,0.0,64.64,24.21,5.73,76.96,0.304,0.376
S00216,58.19,15.39,1.63,69.55,58.332,23.84,0.0,68.52,24.55,0.0,69.96,0.142,0.23
S02527,53.572,21.34,0.0,62.41,53.867,16.1,0.0,87.67,20.24,0.99,63.12,0.295,0.227
S09156,63.035,25.6,0.0,68.56,63.353,24.38,4.1,75.22,20.78,5.28,73.8,0.318,0.225
S01276,68.661,21.78,0.0,70.87,68.818,24.38,0.0,87.68,20.58,0.0,57.34,0.157,0.01
S08807,80.499,25.07,0.0,77.35,80.632,22.94,14.21,77.63,21.41,1.2,66.81,0.133,0.063
S09899,73.224,16.97,0.0,63.21,73.341,18.58,0.0,63.49,23.39,16.21,77.38,0.117,0.407
S00922,64.635,23.97,9.19,76.45,64.948,25.93,0.0,80.71,18.31,0.0,73.54,0.313,0.088
S06396,60.977,22.41,0.0,81.67,61.253,27.18,21.41,76.06,17.86,3.14,68.46,0.276,0.186
S04803,52.831,20.57,12.99,64.36,53.217,24.16,0.0,67.9,23.04,0.0,67.84,0.386,0.232
S05661,68.003,22.85,1.46,72.11,68.185,20.12,0.0,72.59,26.61,3.31,74.67,0.182,0.316
S03264,59.029,17.99,0.0,60.63,59.178,27.59,0.0,78.08,24.83,0.0,61.08,0.149,0.263
S05442,56.694,27.76,0.0,76.06,57.056,22.16,0.0,65.8,21.49,2.77,68.7,0.362,0.234
S05238,79.239,20.57,2.17,58.51,79.404,22.75,0.0,75.93,18.77,0.0,64.46,0.165,0.029
S06412,58.337,25.81,7.31,75.07,58.809,22.57,0.0,79.18,23.58,0.0,69.89,0.472,0.196
S05553,67.39,22.05,0.17,70.68,67.65,18.15,0.0,63.62,26.44,11.73,68.15,0.26,0.357
S02059,54.339,24.97,0.0,63.8,54.631,28.17,31.49,61.48,21.57,0.0,71.38,0.292,0.21
S01664,65.779,23.25,3.19,79.64,66.039,26.76,0.0,68.41,23.48,0.65,74.26,0.26,0.205
S05653,49.923,21.88,1.45,59.44,50.096,24.37,0.0,61.78,23.76,2.7,82.73,0.173,0.388
S08788,56.549,26.37,2.65,79.15,56.895,28.78,0.0,71.32,25.07,45.0,73.2,0.346,0.863
S05618,51.913,24.2,19.6,61.69,52.398,23.54,13.24,70.67,24.56,2.38,64.18,0.485,0.302
S00596,68.563,22.65,0.0,67.92,68.709,15.43,0.0,74.5,20.78,4.16,69.83,0.146,0.071
S00741,61.898,20.48,0.0,75.86,62.24,23.88,0.0,71.33,22.89,2.24,83.45,0.342,0.236
S05514,53.465,22.15,0.0,75.0,54.002,20.7,0.0,73.55,19.92,7.55,65.33,0.537,0.323
S08838,68.403,26.93,0.0,65.43,68.547,26.57,0.0,69.41,23.44,3.88,65.37,0.144,0.152
S01128,44.94,25.3,18.05,74.27,45.573,24.97,0.0,66.74,21.22,24.47,94.45,0.633,0.566
S00560,56.061,15.89,0.0,63.71,56.301,23.43,2.05,72.23,24.95,0.0,62.78,0.24,0.204
S05349,62.108,18.6,0.0,56.1,62.234,25.03,0.31,69.94,26.94,5.32,76.73,0.126,0.368
S00964,66.969,26.74,0.0,66.66,67.225,21.89,0.0,66.09,19.93,2.9,84.02,0.256,0.167
S06080,63.795,22.17,0.0,64.74,64.019,20.98,0.0,74.59,21.86,0.86,77.84,0.224,0.247
S03548,54.646,25.52,0.0,68.73,55.032,25.09,0.0,65.56,24.05,4.43,68.79,0.386,0.336
S00958,54.012,26.47,0.0,67.31,54.58,23.55,0.0,77.22,19.87,0.08,72.73,0.568,0.236
S04986,76.654,22.85,0.0,90.35,76.862,19.24,0.0,67.1,24.43,3.73,75.39,0.208,0.15
S02017,49.641,17.22,0.0,69.74,49.891,24.27,0.0,74.87,25.42,12.53,70.53,0.25,0.494
S09268,65.21,15.5,0.0,67.83,65.346,21.21,0.0,70.89,24.34,0.0,75.52,0.136,0.264
S07056,59.125,23.61,0.0,68.14,59.341,23.65,9.07,66.24,21.18,1.93,74.99,0.216,0.19
S05421,46.85,16.02,0.0,71.04,47.077,26.67,2.57,49.33,22.81,33.24,71.21,0.227,0.579
S02731,48.551,18.77,0.0,75.72,48.903,23.85,0.0,59.47,23.85,8.0,64.6,0.352,0.352
S03478,49.524,19.11,0.0,71.79,49.842,18.16,1.67,73.38,21.37,0.0,68.6,0.318,0.236
S02922,70.315,24.59,0.0,60.8,70.515,23.77,0.0,61.78,25.1,25.39,61.64,0.2,0.348
S04098,64.305,20.13,0.0,77.0,64.434,26.18,0.0,69.16,26.01,11.67,79.18,0.129,0.317
S08323,73.788,22.62,12.36,65.16,74.004,20.59,0.0,68.72,23.84,2.17,58.53,0.216,0.07
S02111,74.731,27.48,0.0,65.85,74.801,16.71,0.0,64.63,24.65,37.1,76.79,0.07,0.518
S09523,56.983,23.85,0.0,67.86,57.251,17.86,4.04,74.43,18.79,6.52,73.37,0.268,0.25
S09997,58.236,21.57,1.09,74.15,58.559,23.08,0.0,77.82,18.8,24.24,79.38,0.323,0.465
S02277,59.522,20.35,0.45,69.52,59.762,24.59,0.0,73.07,22.19,0.0,65.01,0.24,0.198
S08802,51.808,24.18,0.0,60.28,52.096,25.48,0.0,70.4,24.62,33.8,75.47,0.288,0.741
S09239,70.917,23.4,0.0,76.81,71.122,22.76,0.0,60.54,21.15,0.84,74.12,0.205,0.084
S07195,47.893,24.37,0.0,78.3,48.235,23.79,0.0,69.81,23.94,9.99,60.46,0.342,0.298
S05351,61.012,17.36,0.0,62.58,61.205,25.9,2.17,56.37,23.0,3.54,71.57,0.193,0.256
S01029,73.459,20.41,0.0,67.2,73.546,26.7,0.0,64.26,23.04,0.0,70.64,0.087,0.124
S05853,63.807,17.21,0.0,62.6,63.918,25.56,4.45,74.06,24.46,1.72,73.47,0.111,0.218
S03867,74.124,27.5,0.0,88.63,74.481,16.49,0.0,64.26,24.48,1.6,80.93,0.357,0.249
S09007,55.399,20.23,0.0,74.34,55.667,24.65,6.75,82.35,24.22,1.04,73.96,0.268,0.365
S08889,68.216,22.47,14.2,81.83,68.512,27.19,0.0,65.84,24.64,11.19,65.15,0.296,0.212
S00330,64.326,20.57,3.06,67.23,64.483,18.04,0.0,62.54,22.05,0.0,75.41,0.157,0.251
S06959,62.998,24.44,0.0,84.5,63.27,25.54,0.0,84.38,22.42,0.0,71.2,0.272,0.156
S04835,67.142,23.35,2.69,74.13,67.342,17.15,0.0,58.16,18.35,0.0,68.71,0.2,0.074
S02241,71.656,22.97,0.0,71.5,71.703,21.73,0.0,69.86,23.29,0.0,84.05,0.047,0.243
S06874,57.771,22.16,0.0,55.63,57.927,18.74,2.89,72.09,28.08,39.49,54.81,0.156,0.686
S08459,69.304,27.35,0.0,85.27,69.577,23.3,0.83,68.9,22.76,0.0,69.7,0.273,0.128
S05855,46.022,22.25,0.0,84.84,46.372,24.37,6.62,65.41,24.18,19.37,70.61,0.35,0.593
S05020,62.673,28.36,0.0,59.96,62.956,23.75,0.0,76.23,22.39,0.0,78.83,0.283,0.203
S01531,63.718,12.0,0.0,67.77,63.865,25.78,0.0,70.54,24.12,0.0,61.77,0.147,0.288
S01002,62.797,23.31,0.0,65.35,63.006,24.75,0.0,75.44,17.15,0.0,65.61,0.209,0.054
S04957,68.291,22.91,0.0,68.68,68.502,26.62,0.0,71.83,25.63,1.23,58.34,0.211,0.17
S04430,64.571,21.71,0.0,59.09,64.802,22.03,0.0,86.75,23.2,0.0,63.43,0.231,0.159
S00390,63.282,18.76,0.0,65.37,63.426,22.04,0.0,64.14,23.5,0.0,71.38,0.144,0.259
S09805,59.704,27.11,0.0,70.76,60.067,19.64,0.0,74.45,21.24,0.0,66.76,0.363,0.225
S07977,73.797,19.68,0.0,73.68,73.899,24.49,0.0,67.61,25.76,0.0,73.39,0.102,0.17
S05143,62.402,19.5,0.0,57.63,62.415,25.54,0.0,72.31,20.93,0.88,66.57,0.013,0.197
S06982,65.553,26.54,7.16,71.24,65.902,21.52,1.53,68.21,20.26,6.05,72.56,0.349,0.228
S08006,45.368,21.09,4.32,78.93,45.73,17.62,0.0,41.18,24.56,4.38,75.29,0.362,0.411
S02447,62.36,30.12,20.13,75.87,62.901,27.33,0.0,62.54,22.8,4.82,81.16,0.541,0.295
S07426,57.635,27.35,0.0,84.76,57.98,28.76,0.0,72.07,18.57,3.3,70.48,0.345,0.193
S06052,56.218,22.26,18.96,72.98,56.688,25.97,0.0,78.46,20.24,5.17,68.44,0.47,0.12
S07466,77.536,26.85,0.0,69.72,77.674,19.09,0.0,58.55,19.91,0.0,60.88,0.138,0.051
S01155,55.771,26.37,0.0,84.04,56.132,19.75,0.0,64.1,22.67,0.47,59.43,0.361,0.205
S05387,60.839,29.28,0.0,66.18,61.107,22.38,0.0,64.03,21.55,1.88,70.47,0.268,0.217
S01595,72.63,23.89,0.0,78.41,72.806,23.39,0.0,57.44,21.05,18.95,67.28,0.176,0.247
S04316,72.365,20.15,0.0,62.59,72.467,18.36,0.0,72.95,22.96,0.0,75.49,0.102,0.149
S05522,54.966,28.31,0.0,67.9,55.304,25.4,5.64,67.06,24.97,8.98,72.52,0.338,0.345
S02045,52.739,23.7,1.32,56.71,53.062,24.3,0.0,64.34,20.47,6.27,83.02,0.323,0.295
S02884,66.999,23.68,0.0,71.38,67.29,28.84,0.0,72.78,21.0,0.25,61.54,0.291,0.127
S01930,57.862,14.7,0.0,67.6,58.193,23.49,0.0,72.91,30.21,2.56,61.22,0.331,0.363
S02558,59.793,22.61,0.0,70.53,59.909,27.87,0.0,73.95,20.25,2.78,61.52,0.116,0.246
S00451,68.417,24.72,10.46,74.73,68.749,30.61,35.0,72.77,20.31,2.39,59.97,0.332,0.117
S08796,66.788,22.16,3.5,64.3,67.015,28.28,0.0,79.55,21.88,24.39,72.34,0.227,0.357
S08139,54.627,25.61,0.0,56.49,54.9,25.59,0.0,67.19,23.02,1.14,78.51,0.273,0.302
S02154,71.495,26.02,0.0,50.41,71.716,15.5,0.0,56.5,22.13,35.65,69.65,0.221,0.425
S08114,45.095,26.33,5.18,68.19,45.482,21.74,1.53,68.64,22.11,0.53,85.65,0.387,0.408
S04720,75.043,20.15,0.0,66.83,75.155,20.01,0.0,58.91,27.33,8.98,73.78,0.112,0.327
S08548,60.404,18.95,0.0,49.71,60.586,20.76,0.0,56.16,22.43,6.4,71.03,0.182,0.264
S02388,79.996,27.92,0.0,65.7,80.038,17.16,0.0,78.97,21.5,0.0,65.45,0.042,0.026
S07290,52.378,21.35,0.0,57.88,52.692,18.72,0.0,64.79,22.26,8.1,58.01,0.314,0.209
S03696,71.358,26.37,0.0,74.62,71.524,21.5,4.39,64.77,22.19,4.55,69.86,0.166,0.163
S01395,64.884,16.3,0.0,74.3,64.992,22.6,0.0,75.69,21.78,1.01,60.56,0.108,0.21
S03700,72.129,24.84,0.58,84.76,72.364,21.72,6.49,76.56,21.63,37.16,71.9,0.235,0.503
S05228,72.386,26.84,0.0,61.19,72.447,19.63,0.0,67.26,24.72,7.45,75.74,0.061,0.336
S01084,69.535,24.84,0.0,78.88,69.726,25.79,6.9,67.91,19.21,0.5,59.49,0.191,0.032
S09276,67.225,27.92,0.0,77.12,67.443,24.59,0.0,66.23,20.08,0.0,61.89,0.218,0.116
S07077,63.778,27.73,5.76,64.39,64.084,28.86,0.53,67.97,28.86,0.0,78.3,0.306,0.359
S09315,64.927,23.69,3.95,80.28,65.315,23.99,0.0,71.17,18.85,0.0,70.95,0.388,0.13
S07608,61.847,20.09,0.0,67.1,62.023,18.52,0.0,72.49,22.87,2.37,63.67,0.176,0.218
S03702,72.984,17.47,0.0,70.89,73.308,23.73,1.1,73.86,23.44,4.16,51.41,0.324,0.13
S01928,66.062,22.5,0.0,75.3,66.227,26.01,0.0,62.49,21.44,2.41,66.5,0.165,0.151
S03695,60.177,17.8,0.0,68.83,60.497,22.08,0.0,64.66,25.2,15.35,70.1,0.32,0.402
S05094,54.605,23.54,0.34,72.7,54.849,23.23,0.0,67.49,21.59,2.19,66.92,0.244,0.244
S05000,62.526,26.74,0.3,52.49,62.773,27.31,0.0,69.7,24.18,0.0,73.67,0.247,0.244
S07676,55.243,15.07,4.65,69.24,55.456,23.66,0.0,74.96,23.98,25.08,75.23,0.213,0.519
S01830,55.274,20.37,8.87,57.8,55.554,24.32,2.91,62.32,21.81,11.86,66.46,0.28,0.329
S00605,55.601,22.06,0.0,70.51,55.891,24.41,20.46,72.16,23.52,0.0,64.48,0.29,0.311
S04486,60.632,15.84,0.0,53.84,60.751,27.4,4.94,74.29,21.17,14.22,73.68,0.119,0.364
S01955,57.499,22.1,0.0,68.07,58.015,30.25,0.0,81.59,22.91,0.0,72.52,0.516,0.247
S08541,56.867,27.35,0.0,82.92,57.311,23.84,0.0,71.81,16.14,0.0,59.1,0.444,0.125
S09272,53.36,20.75,0.0,71.94,53.671,18.07,0.0,71.61,21.39,0.0,64.82,0.311,0.202
S07487,73.667,25.57,12.55,81.22,73.998,22.03,0.0,69.7,19.61,9.82,64.44,0.331,0.159
S09593,62.85,26.8,0.0,83.62,63.06,25.72,0.0,72.03,21.08,0.87,72.59,0.21,0.177
S01442,70.782,27.75,0.0,75.24,71.008,24.88,0.0,76.24,21.39,22.1,58.45,0.226,0.277
S04812,51.314,20.12,0.0,62.91,51.491,24.15,0.0,70.3,20.4,2.79,72.51,0.177,0.239
S06790,66.688,22.64,0.0,68.18,67.128,20.42,0.92,67.93,22.78,0.0,71.58,0.44,0.218
S04926,50.975,24.82,0.0,78.28,51.355,26.49,0.0,83.09,21.66,0.4,69.22,0.38,0.255
S06763,51.688,24.85,0.0,67.54,51.951,24.22,0.0,78.31,23.14,9.55,69.76,0.263,0.413
S05037,70.949,15.93,18.19,75.1,71.289,25.55,0.0,63.58,20.87,0.0,68.85,0.34,0.146
S09245,77.987,26.83,0.0,75.11,78.033,20.33,0.0,72.42,19.39,2.26,64.52,0.046,0.061
S00400,62.009,25.29,0.0,45.77,62.213,22.63,0.0,73.35,19.07,4.18,67.03,0.204,0.194
S05112,68.055,18.85,0.0,58.91,68.202,19.06,0.0,64.13,22.8,0.0,65.18,0.147,0.197
S01127,51.757,27.29,0.0,71.77,52.141,27.83,0.55,76.17,24.75,1.08,68.58,0.384,0.237
S07628,58.677,26.7,0.0,74.84,58.948,26.25,7.62,77.66,18.62,0.0,53.39,0.271,0.017
S09269,68.836,16.64,0.0,74.61,68.987,23.42,0.0,80.96,22.67,1.24,68.16,0.151,0.19
S04259,63.361,20.27,2.74,70.17,63.617,26.8,1.63,69.79,27.1,5.6,68.94,0.256,0.391
S02560,62.675,24.03,0.0,71.74,62.976,25.02,0.0,68.53,25.63,0.0,61.32,0.301,0.221
S02484,48.887,21.64,0.0,74.64,49.202,27.14,6.25,63.47,16.09,0.0,72.16,0.315,0.205
S07449,59.5,24.96,0.0,65.89,59.735,23.25,0.0,64.65,24.47,7.55,76.23,0.235,0.339
S01673,57.952,24.56,0.0,67.66,58.229,19.7,0.0,73.56,24.25,27.85,73.01,0.277,0.586
S02305,66.917,16.78,0.0,55.1,66.938,20.15,5.12,63.36,20.91,4.0,77.27,0.021,0.257
S07118,59.33,20.54,0.0,77.95,59.441,16.61,1.4,67.04,23.33,0.0,69.62,0.111,0.304
S02071,52.024,19.55,0.0,59.42,52.318,18.42,0.0,63.0,21.51,8.37,71.29,0.294,0.384
S04328,52.822,20.16,1.76,84.56,53.07,25.27,17.68,73.24,23.98,0.0,63.13,0.248,0.234
S07308,64.807,21.67,0.0,59.82,64.941,20.59,0.0,69.88,26.24,15.78,60.49,0.134,0.376
S02297,64.938,28.37,0.0,68.94,65.115,18.01,0.0,71.44,25.68,24.5,71.88,0.177,0.586
S06541,64.536,24.08,0.0,81.07,64.779,22.64,3.81,69.64,21.7,0.46,73.91,0.243,0.205
S09601,67.464,27.27,0.0,54.28,67.654,23.7,0.0,68.04,21.67,0.0,64.3,0.19,0.158
S00999,55.836,24.8,11.35,68.13,56.23,23.02,0.0,74.24,22.65,15.67,73.82,0.394,0.436
S03766,53.508,27.54,0.0,56.27,53.799,23.38,0.0,77.66,20.07,2.73,80.66,0.291,0.31
S02014,65.208,25.22,0.0,70.21,65.578,17.43,14.99,84.89,26.13,0.0,89.23,0.37,0.388
S05848,80.355,20.2,0.0,61.22,80.422,23.9,0.0,55.8,21.5,37.12,55.25,0.067,0.351
S02465,67.15,26.95,7.7,66.39,67.413,25.97,24.06,76.87,17.43,1.01,66.68,0.263,0.072
S01868,47.098,22.2,0.0,70.24,47.48,17.68,0.0,78.28,19.55,19.05,62.71,0.382,0.355
S09183,62.782,23.42,3.99,74.3,62.991,24.62,13.46,79.2,22.67,1.4,60.17,0.209,0.231
S01429,60.676,25.06,8.33,73.75,60.828,17.13,0.0,61.3,20.85,8.68,62.05,0.152,0.247
S00800,46.741,24.84,11.23,69.64,47.232,27.42,8.34,81.46,23.47,5.67,72.05,0.491,0.469
S08002,56.529,19.02,0.0,77.18,56.763,24.84,0.0,72.77,24.08,0.0,76.68,0.234,0.255
S03421,65.25,28.55,0.0,47.66,65.454,24.99,0.0,86.84,24.27,1.12,66.1,0.204,0.151
S03225,75.124,22.13,0.0,71.45,75.269,26.16,0.68,79.1,26.73,1.58,70.57,0.145,0.209
S03631,42.981,18.47,0.0,58.15,43.232,17.64,9.58,56.76,16.07,0.0,80.79,0.251,0.274
S03775,69.71,19.01,0.0,73.77,69.782,20.58,0.0,74.11,26.6,16.77,86.62,0.072,0.481
S04291,67.621,25.24,3.15,78.64,68.211,23.86,0.0,64.22,24.63,6.69,77.81,0.59,0.315
S09764,48.825,23.92,0.0,69.89,49.323,23.51,0.0,73.48,24.43,11.16,75.54,0.498,0.462
S05410,64.368,20.5,0.0,56.48,64.488,20.57,0.0,54.0,25.27,29.96,64.64,0.12,0.602
S09335,62.008,25.52,3.85,74.66,62.27,27.24,0.0,74.15,28.95,0.89,78.03,0.262,0.319
S08101,75.001,14.62,1.09,63.68,75.034,27.98,0.0,70.15,21.67,1.76,76.86,0.033,0.102
S08247,64.318,21.41,11.33,81.38,64.625,26.36,0.0,74.89,24.32,0.69,80.18,0.307,0.264
S09826,78.511,25.04,0.63,69.51,78.545,22.95,0.0,62.81,26.31,0.0,71.03,0.034,0.12
S09839,58.7,16.55,0.0,70.88,58.988,25.14,0.0,69.43,20.69,7.2,64.84,0.288,0.212
S06966,50.058,22.88,6.33,88.71,50.555,21.33,0.0,49.17,24.76,2.21,67.81,0.497,0.277
S00288,50.935,18.24,0.0,57.8,51.15,21.73,0.0,67.15,24.77,4.55,82.12,0.215,0.471
S07312,49.481,22.19,0.0,67.99,49.671,22.57,0.0,79.52,22.63,10.37,69.42,0.19,0.441
S09289,52.141,25.48,3.85,79.43,52.543,22.99,0.0,65.89,18.66,0.0,49.6,0.402,0.152
S05577,80.229,25.4,5.42,89.58,80.488,26.96,9.22,74.6,21.8,0.0,63.3,0.259,0.01
S08840,68.977,19.55,2.61,70.39,69.059,29.29,3.29,70.07,24.54,0.0,73.32,0.082,0.183
S06051,61.407,26.64,35.0,80.15,62.135,21.22,0.0,58.32,22.63,2.99,62.98,0.728,0.179
S06327,53.423,26.43,0.0,69.69,53.892,24.92,4.12,74.94,23.71,1.25,78.77,0.469,0.299
S06963,68.911,19.12,0.0,66.46,69.202,18.28,0.0,69.0,25.35,15.86,65.47,0.291,0.211
S07024,84.033,21.2,0.0,53.76,84.075,18.53,0.0,67.95,19.7,0.0,69.37,0.042,0.03
S01914,57.301,21.11,0.0,62.45,57.552,26.44,0.52,67.88,21.16,3.66,66.5,0.251,0.224
S05146,55.257,25.58,0.0,68.46,55.583,24.81,0.0,76.97,22.98,2.17,79.17,0.326,0.323
S09208,68.344,23.65,0.0,82.59,68.547,22.19,0.0,71.07,18.77,2.23,81.44,0.203,0.127
S02543,63.276,22.49,0.0,67.46,63.486,19.71,0.0,78.74,20.18,5.99,66.29,0.21,0.235
S01768,61.308,25.8,8.84,79.93,61.758,27.33,0.0,73.81,21.23,4.43,65.88,0.45,0.255
S08848,73.821,18.98,3.66,60.72,73.945,20.15,0.0,54.15,20.09,1.18,66.6,0.124,0.129
S09309,61.58,23.1,6.67,66.65,61.92,23.97,0.0,61.43,26.99,0.82,74.3,0.34,0.26
S03688,53.66,29.41,0.0,73.67,54.058,27.26,0.0,55.28,18.1,1.04,73.76,0.398,0.268
S03890,62.539,17.25,7.04,65.8,62.808,23.26,0.0,65.29,19.54,7.84,65.59,0.269,0.175
S05885,71.904,22.5,0.0,74.75,72.266,24.32,0.0,69.12,21.35,1.87,66.43,0.362,0.283
S09419,56.674,22.45,18.81,76.73,57.196,27.57,0.0,66.2,22.5,32.75,65.34,0.522,0.612
S07909,66.329,26.34,0.0,65.22,66.566,24.52,12.47,55.13,26.86,1.61,75.53,0.237,0.308
S00323,65.135,27.45,0.0,73.92,65.386,26.6,0.0,66.89,22.43,0.0,57.73,0.251,0.209
S02739,75.212,23.94,0.0,80.06,75.402,21.74,0.0,63.81,22.98,10.26,73.27,0.19,0.295
S04202,57.301,21.65,3.82,63.77,57.553,25.24,14.25,80.21,23.72,1.8,72.01,0.252,0.268
S01388,51.708,25.02,0.0,63.59,51.924,24.71,0.0,61.71,25.42,9.29,72.6,0.216,0.436
S05494,61.006,26.86,0.0,59.65,61.378,26.06,0.0,72.4,21.25,6.28,69.88,0.372,0.305
S05568,73.233,27.0,0.0,58.9,73.422,16.97,0.0,71.13,23.23,1.74,69.31,0.189,0.077
S06090,69.156,18.65,0.42,68.18,69.453,23.12,0.0,76.93,25.28,0.0,82.63,0.297,0.266
S04383,51.108,23.41,0.0,96.1,51.443,19.42,0.0,61.97,22.17,4.65,54.6,0.335,0.215
S06685,61.891,23.72,0.98,70.35,62.132,16.87,0.0,72.99,28.28,0.0,84.31,0.241,0.408
S06615,67.219,21.79,0.0,51.58,67.374,18.56,0.0,59.29,20.36,27.76,67.12,0.155,0.366
S03574,67.122,28.85,0.0,86.81,67.398,28.24,0.0,74.26,24.81,9.54,75.45,0.276,0.339
S07728,65.033,25.98,12.47,65.67,65.394,26.15,0.0,70.48,19.81,8.18,69.68,0.361,0.17
S00631,58.345,16.46,0.0,73.2,58.621,29.8,0.0,81.2,21.12,9.06,64.11,0.276,0.321
S02035,72.975,25.75,28.96,74.83,73.481,17.58,0.0,76.99,20.5,2.77,72.32,0.506,0.024
S06917,47.991,19.74,0.0,62.47,48.317,19.03,0.0,73.05,20.33,3.0,72.07,0.326,0.258
S09641,44.956,18.52,0.93,54.28,45.229,18.76,0.0,73.92,23.94,2.67,75.08,0.273,0.331
S04199,69.439,26.67,19.34,65.14,69.995,21.38,0.0,67.95,24.39,0.0,77.22,0.556,0.239
S00680,73.532,25.58,0.0,66.72,73.887,27.92,0.0,81.41,20.84,0.0,63.83,0.355,0.128
S08770,65.245,21.62,0.0,71.35,65.393,26.86,0.0,66.33,20.76,5.01,69.39,0.148,0.236
S08740,61.043,16.41,0.0,66.74,61.213,26.03,18.27,78.68,22.81,2.1,64.97,0.17,0.232
S06027,63.563,22.95,0.0,76.99,63.85,19.35,0.0,70.03,24.4,0.78,83.52,0.287,0.273
S00625,72.92,16.33,0.0,72.51,73.386,22.15,0.0,67.42,21.76,5.95,61.64,0.466,0.107
S08496,64.486,25.08,0.0,69.83,64.791,29.87,0.0,66.39,26.21,9.9,85.18,0.305,0.378
S07974,78.603,16.81,0.0,71.19,78.644,21.77,0.0,71.3,23.51,0.44,68.23,0.041,0.122
S07991,66.313,26.32,0.0,63.74,66.493,16.63,0.0,73.94,27.73,2.23,74.24,0.18,0.328
S02510,65.731,25.5,0.0,75.22,65.95,21.52,16.14,69.41,20.25,6.69,64.21,0.219,0.275
S05547,62.551,22.87,0.0,64.41,62.65,28.13,0.79,74.58,26.0,0.0,71.81,0.099,0.346
S04931,66.83,18.55,0.0,62.51,67.099,16.38,0.0,62.68,21.42,20.24,67.35,0.269,0.357
S09780,58.71,16.99,0.0,60.45,58.905,21.74,34.16,75.34,23.82,0.13,66.98,0.195,0.247
S00399,71.007,23.18,0.0,70.48,71.307,25.93,7.17,64.82,24.57,0.0,80.39,0.3,0.216
S00440,59.679,24.28,7.24,70.17,59.892,27.69,7.03,63.21,25.33,11.48,75.27,0.213,0.359
S07327,71.299,25.3,0.0,60.71,71.482,24.7,7.91,85.11,19.34,2.84,69.9,0.183,0.103
S05162,64.945,30.16,0.0,78.12,65.158,23.95,0.0,77.44,22.51,4.41,72.68,0.213,0.239
S07316,44.192,25.58,25.43,76.69,44.894,20.07,0.0,74.52,19.53,0.0,65.94,0.702,0.242
S00509,60.14,26.64,0.0,82.48,60.447,19.21,0.0,58.93,20.97,38.92,73.0,0.307,0.627
S02110,59.541,23.25,11.39,76.98,59.933,20.23,0.0,68.47,23.24,0.0,49.42,0.392,0.163
S04122,62.326,23.31,0.0,72.61,62.531,23.31,1.86,63.98,21.99,5.36,67.98,0.205,0.18
S05719,64.415,24.7,0.0,56.94,64.578,23.96,0.0,56.18,22.03,2.62,72.58,0.163,0.264
S02514,54.74,17.48,0.0,68.77,54.941,23.52,0.0,83.44,22.0,2.66,71.19,0.201,0.239
S00181,42.433,20.58,0.0,63.88,42.699,26.02,5.14,61.12,20.62,0.0,73.73,0.266,0.269
S04533,64.206,23.83,3.26,75.0,64.539,19.06,0.0,64.88,19.8,4.52,63.99,0.333,0.196
S01370,48.835,23.8,0.0,55.39,49.291,23.94,12.02,69.98,22.09,30.48,76.03,0.456,0.606
S09998,55.563,21.33,0.0,82.34,55.956,25.08,0.0,70.21,23.11,3.22,72.91,0.393,0.248
S01028,64.452,26.4,0.0,71.01,64.597,24.04,0.0,73.27,24.33,2.94,68.86,0.145,0.328
S00875,66.907,18.57,0.0,77.12,67.076,20.24,0.0,72.01,27.0,1.46,65.61,0.169,0.232
S03284,55.945,30.64,0.0,65.93,56.294,19.49,0.0,71.42,21.99,1.34,71.08,0.349,0.328
S07833,70.726,21.59,0.75,49.53,70.847,25.95,0.0,69.69,24.19,10.44,61.63,0.121,0.34
S05450,65.346,15.32,5.59,59.41,65.438,18.01,0.0,76.9,29.93,20.5,68.06,0.092,0.505
S04718,53.128,18.1,0.0,61.02,53.398,21.77,1.53,76.83,19.12,3.65,56.79,0.27,0.19
S00551,63.401,16.34,12.4,74.3,63.75,24.23,0.0,82.82,21.75,5.23,69.88,0.349,0.202
S01447,53.857,16.87,1.79,55.27,54.101,19.97,3.13,64.46,26.58,0.0,79.38,0.244,0.332
S06459,49.756,20.74,12.84,73.28,50.203,26.02,2.98,60.16,22.03,0.0,73.52,0.447,0.321
S00804,61.217,21.86,0.0,53.8,61.365,21.75,1.81,78.0,24.43,2.77,71.78,0.148,0.242
S00135,68.819,18.78,12.26,55.77,69.039,23.42,0.0,56.29,27.08,7.23,66.89,0.22,0.362
S08208,53.866,19.94,0.0,64.89,54.071,24.96,0.0,72.37,20.98,4.26,72.77,0.205,0.239
S06964,52.994,26.58,10.41,61.28,53.343,14.79,2.06,56.95,20.92,3.79,59.75,0.349,0.278
S06309,67.565,18.48,0.0,60.45,67.696,23.74,0.0,58.06,27.91,7.4,68.09,0.131,0.44
S02989,55.75,23.76,26.17,68.39,56.53,23.84,10.98,61.29,23.8,2.48,53.99,0.78,0.24
S02997,59.295,26.9,0.0,66.85,59.57,25.08,0.32,74.04,30.2,11.14,71.54,0.275,0.518
S03500,63.281,25.07,5.2,63.54,63.626,24.53,31.48,63.71,17.93,0.0,65.65,0.345,0.164
S00471,60.149,18.35,0.0,74.84,60.361,27.27,0.0,60.16,21.57,2.35,76.77,0.212,0.271
S05574,54.784,20.78,0.0,75.35,55.059,23.25,0.0,64.31,26.13,0.49,65.1,0.275,0.309
S01551,53.052,22.72,0.0,75.07,53.289,23.32,0.0,74.92,26.08,0.0,70.38,0.237,0.232
S08522,59.238,23.66,0.0,82.84,59.561,28.12,0.0,69.4,19.32,23.03,63.55,0.323,0.431
S07122,61.213,24.51,0.0,71.32,61.541,23.44,0.0,69.17,26.11,11.51,74.13,0.328,0.375
S09661,76.84,25.04,0.31,66.92,77.066,13.1,0.0,60.24,22.8,5.02,74.87,0.226,0.211
S09675,45.334,24.52,0.0,74.8,45.6,20.7,0.0,76.26,20.12,2.03,86.96,0.266,0.36
S05863,56.065,19.94,1.78,66.24,56.315,20.62,0.0,87.24,24.39,34.09,78.22,0.25,0.711
S05183,60.522,21.68,0.0,56.08,60.818,22.18,2.41,70.76,24.33,0.0,71.98,0.296,0.265
S01794,70.465,26.48,0.0,82.29,70.722,27.17,6.66,79.52,27.33,0.0,73.15,0.257,0.289
S04147,56.41,18.02,0.0,63.25,56.648,25.68,21.46,64.36,18.16,2.0,68.12,0.238,0.228
S07285,65.469,18.09,0.0,71.9,65.678,23.97,0.0,67.15,19.23,1.73,63.35,0.209,0.103
S03124,54.318,19.22,0.0,70.3,54.513,18.93,5.69,65.47,24.99,0.0,68.91,0.195,0.321
S09670,64.196,16.59,0.0,55.64,64.419,18.9,26.54,64.26,21.96,5.27,82.57,0.223,0.264
S07404,66.713,28.21,5.77,74.67,67.02,17.54,0.0,58.0,20.03,0.0,57.9,0.307,0.079
S05745,52.178,27.43,0.0,69.97,52.564,22.75,0.0,62.17,23.76,36.54,74.22,0.386,0.707
S07722,58.551,24.44,0.0,58.03,58.748,22.5,0.0,70.17,26.75,0.0,89.56,0.197,0.344
S02269,62.57,24.01,0.0,64.17,62.729,23.43,0.0,65.0,22.09,16.3,67.2,0.159,0.341
S03503,53.014,23.47,0.0,58.66,53.296,25.14,0.0,71.07,22.24,8.59,62.32,0.282,0.365
S05894,61.368,24.61,0.0,77.69,61.663,26.86,0.0,61.24,23.13,0.0,75.51,0.295,0.188
S06087,61.532,23.18,20.78,70.88,62.053,21.71,0.0,75.77,23.85,0.0,65.84,0.521,0.199
S01301,54.664,16.54,1.24,59.17,55.148,25.58,12.28,60.36,16.48,2.59,60.23,0.484,0.14
S01133,89.385,23.17,0.0,68.41,89.427,26.92,0.0,78.2,25.87,1.69,70.91,0.042,0.078
S09086,72.457,24.53,3.41,72.86,72.693,15.63,0.4,62.56,23.86,23.47,73.74,0.236,0.439
S07319,63.5,25.75,0.0,56.47,63.655,23.68,0.0,65.31,17.2,0.89,62.84,0.155,0.025
S03781,54.783,23.26,0.0,58.71,54.921,27.04,1.51,61.78,17.97,0.35,80.61,0.138,0.319
S09678,73.962,21.08,0.0,55.88,74.09,26.33,0.0,69.36,25.13,13.67,69.55,0.128,0.334
S03385,65.912,21.87,3.1,68.21,66.083,20.27,0.0,59.48,24.96,17.06,70.71,0.171,0.364
S07822,66.374,20.57,1.86,78.94,66.617,25.42,0.0,96.76,23.01,7.9,75.46,0.243,0.3
S08859,65.427,24.29,8.18,71.57,65.821,18.74,0.0,60.36,21.61,13.8,54.95,0.394,0.237
S02584,68.126,25.33,0.0,64.91,68.311,22.09,0.0,59.62,22.06,3.29,76.22,0.185,0.139
S00061,40.0,22.51,0.92,59.16,40.332,18.07,0.0,73.32,24.73,0.0,77.06,0.332,0.475
S02494,64.36,25.53,0.0,69.25,64.601,20.53,0.0,67.34,28.69,0.0,63.65,0.241,0.207
S09865,58.852,24.15,10.92,79.72,59.238,21.9,2.56,85.17,25.69,15.57,69.42,0.386,0.374
S08317,62.905,20.17,0.0,62.2,62.972,23.91,0.25,67.72,22.5,0.0,63.78,0.067,0.221
S04820,75.274,25.2,4.4,74.01,75.409,26.57,4.84,80.22,22.16,12.45,67.04,0.135,0.153
S01170,66.259,18.99,0.0,61.78,66.406,19.84,0.0,65.94,21.75,0.0,65.21,0.147,0.128
S02468,58.827,15.44,0.0,53.44,58.846,24.77,0.0,82.99,19.98,6.35,68.23,0.019,0.222
S03792,48.976,15.79,0.0,65.9,49.189,25.42,0.98,67.2,25.64,0.0,83.12,0.213,0.435
S05672,61.266,22.85,35.0,91.05,61.925,22.78,4.1,72.88,20.48,0.0,75.82,0.659,0.202
S08258,62.253,24.23,0.0,69.55,62.505,19.94,0.0,65.12,22.54,0.0,77.0,0.252,0.228
S06342,43.898,30.5,0.0,59.46,44.228,18.88,0.0,65.76,15.66,0.0,62.47,0.33,0.171
S08022,55.455,15.34,7.33,63.38,55.647,21.02,16.14,76.21,22.4,1.0,71.06,0.192,0.418
S01534,58.967,16.61,0.0,69.59,59.123,22.45,17.94,75.5,23.94,3.28,60.44,0.156,0.287
S05446,66.574,24.07,0.0,67.95,66.747,18.2,0.0,51.4,25.82,3.38,86.67,0.173,0.332
S00160,53.173,18.06,0.0,70.24,53.328,21.2,0.0,59.92,24.57,3.85,66.92,0.155,0.339
S03200,70.82,22.02,0.0,64.29,71.011,24.33,0.0,75.91,27.71,0.85,71.39,0.191,0.237
S08310,65.435,31.23,0.0,70.37,65.931,12.7,4.05,49.68,27.2,0.0,85.26,0.496,0.275
S04253,55.007,24.98,0.0,66.66,55.385,28.27,1.8,74.09,27.86,6.58,66.92,0.378,0.414
S01956,66.325,24.01,6.3,62.28,66.531,21.52,0.0,64.22,23.51,6.54,65.68,0.206,0.265
S09334,66.379,23.69,1.3,75.97,66.559,23.49,0.0,72.21,19.67,0.0,69.99,0.18,0.093
S05905,56.598,24.91,15.56,75.86,57.042,15.71,0.0,70.59,24.3,0.0,67.82,0.444,0.276
S00878,55.872,13.46,0.0,62.24,55.963,17.67,0.0,41.5,24.81,3.07,90.12,0.091,0.413
S06674,51.86,25.74,0.0,79.72,52.274,27.98,0.2,79.97,20.52,0.0,88.08,0.414,0.362
S01066,55.463,26.66,0.0,70.07,55.779,16.06,2.33,70.17,24.11,0.0,68.55,0.316,0.308
S08433,50.109,23.47,0.0,57.73,50.482,28.05,3.8,75.89,20.59,0.0,64.29,0.373,0.201
S03166,60.003,23.06,0.0,78.47,60.206,27.94,15.97,52.15,25.6,0.0,83.43,0.203,0.291
S02781,78.924,21.84,0.0,80.16,79.096,25.63,0.0,73.73,24.28,0.86,65.17,0.172,0.082
S01470,73.084,22.84,0.0,73.85,73.122,23.69,0.0,78.36,23.69,2.96,75.11,0.038,0.188
S01524,63.614,23.86,0.0,69.83,63.858,19.73,0.0,59.23,27.38,0.3,62.54,0.244,0.277
S09933,63.387,25.83,1.12,66.42,63.662,21.68,0.0,65.86,26.87,0.0,83.99,0.275,0.394
S08214,71.747,26.13,0.0,89.37,72.107,17.3,0.0,68.33,28.32,0.0,70.57,0.36,0.251
S05506,64.123,21.76,0.0,59.16,64.338,22.28,0.0,67.94,18.46,13.75,75.94,0.215,0.289
S02707,68.962,24.6,0.0,74.49,69.179,26.38,0.25,73.19,19.9,0.0,72.77,0.217,0.094
S02795,62.624,23.35,4.44,86.94,63.143,19.54,0.0,59.16,22.11,2.26,74.83,0.519,0.246
S06490,57.597,25.46,0.0,61.82,57.798,24.56,23.29,65.26,22.59,1.64,72.13,0.201,0.229
S04018,51.798,22.62,3.04,82.81,52.149,22.43,3.02,73.76,19.24,0.0,67.7,0.351,0.187
S02439,70.88,24.63,2.05,83.88,71.21,23.79,7.46,72.6,19.74,5.6,66.02,0.33,0.084
S01112,81.434,19.36,5.98,68.78,81.54,21.84,0.0,51.15,24.46,0.68,76.09,0.106,0.119
S01491,59.426,24.25,4.36,74.35,59.768,26.0,8.2,57.05,24.22,1.62,73.07,0.342,0.261
S05040,65.411,27.89,0.0,81.37,65.768,22.34,0.0,55.39,22.89,0.0,70.64,0.357,0.147
S06132,52.975,20.21,0.0,74.83,53.299,15.9,0.0,72.34,21.1,3.06,58.37,0.324,0.254
S01403,60.106,26.33,0.0,81.04,60.488,17.39,0.0,72.11,23.44,25.36,74.73,0.382,0.416
S08297,67.873,22.49,0.0,59.41,68.09,22.43,12.2,79.85,26.47,1.97,62.17,0.217,0.235
S04661,65.196,21.32,9.11,71.7,65.411,17.62,0.0,66.14,24.78,14.77,68.79,0.215,0.379
S06038,60.396,20.02,0.0,72.45,60.69,21.42,0.0,75.06,18.24,5.55,71.22,0.294,0.252
S06612,60.609,25.37,0.0,57.68,60.878,17.33,0.0,64.97,17.41,12.97,64.46,0.269,0.229
S04641,67.19,22.31,0.0,81.85,67.427,20.0,0.0,57.69,22.46,0.0,68.13,0.237,0.177
S07873,46.95,30.03,0.0,86.75,47.447,14.86,0.0,72.13,23.21,0.0,72.85,0.497,0.3
S00655,56.528,26.28,0.0,81.21,56.906,24.48,0.0,80.13,19.07,2.95,68.87,0.378,0.184
S09117,48.217,25.41,0.0,73.21,48.597,25.83,0.0,83.69,27.39,17.55,68.61,0.38,0.533
S02356,61.088,20.67,0.0,51.79,61.28,20.93,3.54,74.08,26.61,1.75,63.98,0.192,0.286
S04377,49.836,24.06,0.57,73.52,50.183,27.53,0.0,80.55,25.08,0.0,64.0,0.347,0.354
S02399,64.59,20.7,6.72,61.7,64.824,21.26,0.0,69.78,20.63,5.14,55.04,0.234,0.259
S02370,65.764,22.04,1.08,73.89,66.049,21.32,0.0,80.78,21.86,13.78,63.77,0.285,0.279
S07954,67.447,20.68,0.0,71.99,67.692,22.71,0.0,77.86,20.94,0.88,62.62,0.245,0.127
S01906,65.669,21.35,0.0,71.48,65.945,25.68,0.0,72.77,26.24,5.28,80.81,0.276,0.312
S00718,54.982,21.97,0.0,67.97,55.167,18.26,0.0,61.5,20.23,2.57,74.54,0.185,0.262
S05120,57.159,27.89,0.0,57.62,57.436,22.24,0.0,79.02,23.59,18.41,75.15,0.277,0.503
S01909,60.148,21.74,0.0,66.14,60.461,25.85,0.0,65.07,26.63,0.33,66.54,0.313,0.218
S06009,52.364,22.91,3.7,59.14,52.707,21.38,0.0,61.02,17.5,4.25,70.98,0.343,0.208
S03339,53.674,20.04,0.0,65.94,53.983,29.84,0.0,77.52,18.57,0.2,72.11,0.309,0.271
S00054,73.388,21.52,0.0,76.07,73.491,23.76,0.0,77.83,27.09,23.77,63.49,0.103,0.342
S01572,70.118,26.38,4.79,78.57,70.349,21.19,0.0,65.96,25.62,1.27,55.92,0.231,0.234
S01705,62.59,25.94,6.77,74.88,62.967,20.14,3.27,77.35,30.15,0.58,79.75,0.377,0.38
S03364,75.996,22.56,4.2,60.95,76.159,27.36,4.47,74.91,25.97,12.82,79.06,0.163,0.29
S05080,76.642,23.58,10.02,71.93,76.918,16.71,7.27,47.47,17.79,2.8,69.27,0.276,0.029
S03298,51.98,27.06,0.0,73.47,52.28,19.06,0.0,73.9,15.16,1.3,66.78,0.3,0.173
S02499,63.055,18.39,24.43,56.39,63.446,24.09,0.0,73.31,21.12,7.28,75.15,0.391,0.268
S02291,68.235,16.36,0.0,67.97,68.52,24.83,0.0,67.44,24.1,7.13,68.23,0.285,0.258
S05230,53.422,24.26,0.0,68.48,53.699,19.98,0.0,67.18,21.23,0.0,80.56,0.277,0.254
S02383,65.409,25.98,0.0,73.89,65.542,25.89,8.09,64.88,22.2,8.07,63.13,0.133,0.222
S02450,66.999,24.75,0.92,83.74,67.302,24.09,1.87,57.98,23.08,5.14,72.68,0.303,0.267
S07664,59.479,22.09,0.0,74.65,59.693,20.0,0.0,75.6,21.09,0.0,66.19,0.214,0.252
S07039,64.237,24.7,0.0,72.98,64.503,22.83,0.0,87.03,25.01,7.51,72.47,0.266,0.296
S04790,65.764,26.24,3.95,79.08,66.051,21.28,0.0,97.35,20.79,3.61,60.72,0.287,0.086
S01339,58.209,26.82,1.38,59.77,58.409,20.85,0.0,67.11,29.19,0.0,72.26,0.2,0.413
S00286,68.159,20.76,0.0,76.49,68.274,23.28,0.0,60.01,21.13,1.72,70.42,0.115,0.15
S08024,64.302,20.45,0.0,65.69,64.483,21.38,6.74,72.64,23.03,0.0,85.33,0.181,0.296
S02028,55.955,26.37,0.08,70.35,56.298,25.25,14.41,74.31,19.36,25.47,70.65,0.343,0.508
S08236,59.36,24.02,1.69,85.3,59.697,27.96,0.0,76.7,22.22,0.0,65.86,0.337,0.207
S09892,55.074,21.86,12.37,58.71,55.75,21.8,22.78,75.46,28.94,8.18,77.18,0.676,0.543
S05910,71.239,22.27,0.0,70.52,71.427,20.42,0.0,68.57,25.78,30.32,60.38,0.188,0.525
S07802,58.148,21.4,1.05,60.48,58.405,26.03,4.82,86.34,22.46,0.4,72.37,0.257,0.203
S01689,66.833,21.23,0.0,72.52,67.063,24.94,0.0,73.78,18.46,0.73,61.17,0.23,0.111
S09163,52.252,20.88,0.0,66.44,52.516,23.04,0.0,75.14,24.91,1.46,87.91,0.264,0.455
S03384,69.577,25.48,0.0,75.83,69.738,29.57,0.0,68.16,24.44,2.13,63.85,0.161,0.078
S00338,60.68,26.61,0.0,63.22,60.909,15.8,0.0,62.85,25.77,7.9,73.59,0.229,0.325
S01251,66.025,27.1,0.0,67.16,66.482,24.28,0.0,73.64,23.31,5.9,80.39,0.457,0.341
S01502,70.396,28.1,0.0,62.38,70.575,23.14,0.0,63.38,21.09,0.0,85.08,0.179,0.136
S05948,79.045,18.6,1.15,74.6,79.18,25.11,9.32,68.7,27.1,2.6,61.17,0.135,0.154
S00321,58.896,21.03,0.0,75.06,59.135,22.49,0.0,68.87,25.85,2.81,82.09,0.239,0.254
S08126,61.323,23.29,13.59,76.47,61.851,18.21,0.0,71.94,20.51,1.45,70.68,0.528,0.219
S09052,46.97,28.3,0.0,60.14,47.435,23.11,1.3,80.43,22.09,0.6,63.25,0.465,0.296
S05320,58.417,23.11,1.34,69.76,58.608,23.22,5.43,77.77,26.89,9.83,68.09,0.191,0.42
S02406,61.215,25.07,0.0,72.38,61.498,22.41,0.96,57.76,21.48,12.64,63.59,0.283,0.301
S05007,55.442,21.31,0.0,77.92,55.646,29.02,0.0,82.68,29.64,0.0,74.32,0.204,0.341
S08868,64.786,21.35,0.0,66.95,65.114,23.14,11.29,82.36,23.92,0.0,54.96,0.328,0.098
S08737,65.256,23.65,1.13,82.23,65.547,22.12,0.0,71.64,23.5,18.78,74.4,0.291,0.414
S08127,62.176,18.76,0.0,60.61,62.33,25.5,0.0,75.0,25.97,0.0,70.77,0.154,0.264
S02326,75.167,23.54,0.0,67.36,75.244,18.74,0.0,63.31,20.8,1.41,67.2,0.077,0.111
S09791,69.437,18.54,0.0,71.26,69.548,24.99,0.0,65.79,21.23,0.0,71.72,0.111,0.066
S00333,57.349,14.39,0.0,70.34,57.454,22.78,1.99,63.45,20.52,2.57,61.39,0.105,0.187
S06248,62.994,25.98,0.0,61.2,63.188,23.51,0.0,65.46,27.07,0.0,70.83,0.194,0.31
S08107,66.083,21.94,4.69,79.35,66.337,29.75,0.0,75.96,23.83,3.2,63.24,0.254,0.174
S00200,50.714,23.17,0.0,79.74,51.301,15.46,0.0,63.43,20.6,0.0,68.53,0.587,0.261
S08887,56.907,17.18,0.0,68.0,57.272,26.9,0.0,76.9,23.83,0.0,73.88,0.365,0.332
S00834,59.258,25.32,0.0,68.54,59.587,27.48,0.0,76.62,24.76,0.01,72.08,0.329,0.255
S08426,70.443,26.93,4.11,69.25,70.71,17.71,0.0,60.81,17.53,0.08,65.23,0.267,0.078
S00314,78.026,23.53,0.0,77.66,78.246,21.92,0.0,64.11,28.35,11.52,72.17,0.22,0.36
S05111,51.243,24.63,0.0,74.91,51.531,23.44,0.0,62.14,23.39,2.9,76.93,0.288,0.267
S01867,61.96,19.79,0.0,62.32,62.155,16.28,0.0,69.0,25.98,0.0,61.53,0.195,0.231
S03325,58.041,19.39,3.31,65.54,58.396,23.05,0.0,63.69,22.34,0.49,69.13,0.355,0.223
S07863,64.197,26.56,0.0,68.38,64.51,23.77,2.27,67.83,22.2,2.35,77.73,0.313,0.26
S07884,68.253,24.57,9.35,73.01,68.636,22.68,0.0,65.45,26.58,9.8,81.95,0.383,0.398
S06199,59.712,22.18,0.0,74.94,60.3,24.61,11.32,67.66,25.71,3.98,62.61,0.588,0.295
S08191,65.619,23.14,26.17,87.29,66.176,18.9,0.0,75.87,27.15,13.88,70.05,0.557,0.387
S09353,59.866,28.39,0.0,76.94,60.231,15.77,0.0,60.8,22.76,0.0,76.52,0.365,0.25
S00843,67.325,18.51,0.0,57.88,67.457,24.51,26.77,60.47,24.06,0.0,75.62,0.132,0.213
S05752,67.646,28.03,15.97,67.9,68.252,25.65,0.0,52.0,26.36,3.47,73.69,0.606,0.193
S07192,58.037,16.1,0.0,65.22,58.222,19.44,0.0,74.26,23.53,0.45,80.36,0.185,0.261
S03636,75.503,21.49,0.0,59.22,75.606,18.09,0.0,64.05,22.46,0.47,60.34,0.103,0.111
S02495,64.029,23.86,0.0,77.39,64.323,26.5,7.8,76.73,20.92,2.03,66.15,0.294,0.1
S05219,57.179,22.2,0.0,52.09,57.381,25.67,0.0,67.06,23.64,1.53,70.57,0.202,0.27
S03113,69.107,17.74,6.47,69.71,69.278,18.8,4.05,78.75,23.85,14.86,67.03,0.171,0.345
S02576,56.51,20.65,5.07,55.44,56.697,25.77,0.0,70.13,24.82,1.46,80.93,0.187,0.355
S03427,40.0,27.11,0.0,58.48,40.481,24.01,0.0,67.93,25.59,1.32,73.17,0.481,0.47
S03471,60.132,26.45,6.34,78.09,60.479,23.81,0.0,64.79,23.19,16.65,78.17,0.347,0.483
S08911,52.638,22.48,4.35,78.73,53.049,21.95,0.0,65.94,22.94,6.88,73.6,0.411,0.329
S01248,68.138,26.81,0.0,70.03,68.397,27.51,35.0,80.19,24.82,0.0,87.49,0.259,0.216
S04139,73.109,27.44,0.0,75.23,73.29,26.41,0.0,59.43,19.77,4.17,73.17,0.181,0.06
S00892,56.639,20.75,0.0,71.67,56.816,24.88,14.17,82.2,26.59,0.8,77.89,0.177,0.298
S08062,64.822,22.28,0.53,63.81,64.958,25.64,2.86,80.03,19.24,1.1,77.35,0.136,0.105
S04153,57.316,25.89,14.09,64.86,57.75,22.6,6.55,62.13,25.35,0.42,68.17,0.434,0.248
S03399,53.867,24.35,5.26,61.75,54.188,17.26,0.0,64.18,22.28,0.0,73.09,0.321,0.341
S04490,64.246,26.58,0.0,73.06,64.556,27.42,0.0,77.1,23.17,0.93,58.74,0.31,0.116
S09008,46.937,23.36,0.0,77.84,47.275,16.55,0.0,61.22,28.64,25.87,71.93,0.338,0.626
S07888,76.742,16.73,0.0,60.2,76.795,22.84,0.0,79.46,26.92,0.69,79.65,0.053,0.16
S01123,68.734,20.28,0.0,71.29,68.867,21.72,2.46,82.5,24.49,0.0,77.84,0.133,0.221
S07493,79.289,24.83,0.0,84.09,79.502,23.41,8.41,79.87,23.8,5.82,65.08,0.213,0.099
S05092,71.149,19.07,0.0,73.37,71.271,21.91,0.0,78.67,22.65,0.93,63.77,0.122,0.092
S06018,78.096,22.58,0.0,66.59,78.199,23.18,1.33,69.83,20.59,0.72,77.61,0.103,0.126
S01677,52.329,23.83,0.0,68.13,52.689,21.73,4.94,71.01,25.03,15.24,67.17,0.36,0.433
S07238,61.052,21.38,0.0,70.37,61.518,19.15,0.0,47.96,19.62,0.0,75.79,0.466,0.114
S03414,61.969,24.48,0.0,64.63,62.428,25.72,1.26,74.79,25.6,1.92,63.56,0.459,0.196
S02925,75.031,23.6,0.0,67.57,75.227,20.81,0.0,79.27,29.61,10.03,80.59,0.196,0.343
S09099,55.934,25.68,9.76,66.2,56.327,23.95,0.0,58.41,23.48,1.06,75.21,0.393,0.251
S08235,73.797,24.19,0.0,65.79,74.163,15.95,0.38,73.81,18.45,1.04,71.31,0.366,0.149
S03131,55.189,25.6,0.0,69.98,55.563,28.76,0.0,67.75,26.03,28.93,77.85,0.374,0.565
S02188,52.578,25.76,14.23,75.09,53.137,23.44,0.0,68.14,19.77,0.34,61.8,0.559,0.137
S00208,56.194,18.87,0.0,76.65,56.41,23.25,0.0,66.03,15.81,0.0,64.38,0.216,0.153
S07390,67.951,23.88,0.13,62.97,68.126,22.69,13.99,58.84,24.07,8.03,78.24,0.175,0.347
S02003,61.342,17.49,0.0,74.17,61.522,23.2,1.53,73.55,22.54,2.11,74.71,0.18,0.234
S08046,64.524,21.14,0.09,64.86,64.973,21.46,4.12,88.91,25.18,0.0,69.33,0.449,0.294
S05869,71.41,25.01,0.0,62.33,71.753,25.92,0.0,65.84,20.77,10.23,69.72,0.343,0.284
S02278,60.045,22.31,8.21,70.5,60.324,20.65,0.0,61.71,19.3,3.94,53.95,0.279,0.068
S01550,49.627,22.75,5.54,62.76,49.971,19.2,0.5,69.96,20.09,5.61,76.87,0.344,0.221
S03652,42.012,25.29,0.0,61.46,42.522,23.54,0.0,67.91,18.86,0.0,79.1,0.51,0.301
S05079,61.993,28.49,9.62,69.82,62.264,19.86,0.0,68.11,25.55,35.13,73.47,0.271,0.557
S00708,65.369,26.54,0.0,86.2,65.538,19.73,0.0,54.22,19.55,4.18,66.76,0.169,0.139
S09413,58.474,15.23,0.0,70.51,58.649,24.71,0.0,74.31,24.35,0.43,65.9,0.175,0.239
S08815,57.956,23.12,1.73,73.31,58.191,23.02,0.0,71.96,23.74,6.87,78.22,0.235,0.354
S00178,59.29,21.54,0.0,71.59,59.421,23.96,2.75,71.88,23.72,0.0,73.05,0.131,0.33
S08122,57.212,18.52,13.07,64.61,57.517,18.58,0.0,75.23,21.02,2.98,65.12,0.305,0.202
S05893,65.596,20.32,0.0,57.5,65.649,23.4,5.01,62.13,21.88,23.57,77.58,0.053,0.375
S08053,61.471,16.81,0.0,65.04,61.63,30.13,1.67,76.18,17.8,0.57,71.95,0.159,0.198
S07228,74.01,27.29,2.55,69.94,74.196,19.52,0.0,72.71,23.15,0.73,74.16,0.186,0.197
S02935,40.0,22.61,3.73,68.35,40.442,25.08,2.36,85.74,23.65,0.0,66.55,0.442,0.324
S03420,70.6,25.69,0.0,85.82,70.885,22.58,0.0,67.49,21.05,0.0,84.42,0.285,0.127
S03024,56.262,17.81,0.0,53.69,56.539,19.6,0.0,57.38,20.44,1.27,71.87,0.277,0.208
S00189,64.203,24.73,0.0,72.67,64.374,18.45,10.95,69.98,24.47,4.37,71.27,0.171,0.316
S03474,79.422,20.24,2.14,65.8,79.539,26.1,0.0,61.76,22.48,10.12,72.06,0.117,0.235
S03492,59.898,25.05,6.3,83.63,60.298,23.53,14.19,69.13,18.82,8.01,66.64,0.4,0.219
S08906,65.782,19.26,0.0,64.54,65.836,23.87,0.0,67.6,21.42,0.02,76.37,0.054,0.198
S08078,70.101,22.96,0.0,67.33,70.257,23.56,0.0,75.92,23.32,8.43,72.88,0.156,0.351
S00721,69.641,25.72,0.0,71.93,69.861,28.88,0.0,76.77,24.18,0.0,73.61,0.22,0.13
S07572,58.873,26.13,18.86,71.04,59.347,26.19,0.0,82.24,20.3,1.09,72.71,0.474,0.194
S03815,52.16,24.95,0.0,66.54,52.666,29.24,0.0,77.77,23.16,0.0,88.85,0.506,0.357
S08484,60.769,28.38,6.42,76.5,61.408,18.89,7.08,70.34,25.85,1.37,67.66,0.639,0.276
S08588,64.482,26.43,0.0,69.88,64.691,23.03,0.01,72.43,20.16,1.23,80.21,0.209,0.162
S04681,50.41,28.6,35.0,70.97,51.149,21.95,0.0,66.69,22.13,0.06,82.55,0.739,0.309
S02381,60.081,27.62,0.0,64.03,60.396,25.4,23.01,61.23,23.2,0.0,68.48,0.315,0.17
S05711,69.215,16.08,0.0,85.59,69.246,23.14,3.05,64.66,18.71,3.26,71.94,0.031,0.083
S09380,61.002,26.33,2.16,69.88,61.345,26.66,8.36,66.57,22.53,12.82,74.57,0.343,0.362
S00192,62.815,23.27,5.25,71.77,63.166,23.08,0.0,77.02,22.31,16.23,71.21,0.351,0.388
S07887,68.709,28.55,0.0,68.17,68.877,22.49,0.0,67.03,21.49,2.9,71.78,0.168,0.127
S02276,71.112,17.58,0.0,71.81,71.213,23.32,0.0,73.77,18.37,1.01,59.97,0.101,0.035
S08722,62.196,24.51,0.0,71.17,62.406,24.68,3.41,69.42,19.53,2.26,71.84,0.21,0.125
S07908,51.359,25.35,0.0,73.78,51.683,20.34,2.92,65.93,22.42,4.14,62.19,0.324,0.274
S02130,56.344,22.11,0.85,57.64,56.641,21.83,2.76,72.16,23.92,1.66,87.68,0.297,0.317
S03386,78.475,25.27,0.0,67.21,78.667,25.0,0.0,76.12,25.53,11.54,72.49,0.192,0.25
S01668,68.845,27.56,4.9,69.37,69.29,26.27,0.0,73.51,17.87,2.03,73.88,0.445,0.201
S00824,56.956,16.15,0.0,65.97,57.278,21.62,0.0,57.61,26.96,0.0,70.09,0.322,0.297
S07106,72.353,18.84,0.0,76.42,72.428,14.02,0.0,54.13,19.18,0.0,73.78,0.075,0.032
S08157,62.752,23.83,6.87,60.39,62.953,19.38,0.0,78.82,22.37,0.0,59.52,0.201,0.203
S07856,67.678,28.49,3.16,81.77,67.971,18.41,10.98,74.72,20.01,2.72,60.03,0.293,0.066
S09441,61.142,19.88,25.23,59.8,61.549,14.57,5.8,64.97,20.93,0.09,71.65,0.407,0.168
S08227,58.227,17.96,0.0,65.57,58.616,29.94,0.0,52.45,23.56,0.0,83.28,0.389,0.322
S09731,65.451,16.3,0.44,73.12,65.59,26.41,3.64,58.61,23.21,2.92,64.24,0.139,0.194
S03735,48.81,28.76,0.0,73.69,49.209,24.75,0.0,69.28,24.87,25.48,74.41,0.399,0.567
S01678,59.562,25.19,0.0,69.84,59.745,18.21,0.0,72.84,23.26,2.59,75.73,0.183,0.268
S09472,64.243,23.06,0.0,68.72,64.552,21.49,0.0,57.2,17.81,1.68,59.81,0.309,0.097
S08736,73.237,22.21,0.0,72.92,73.355,23.67,2.99,73.75,26.79,5.78,77.16,0.118,0.314
S02957,58.445,26.16,0.0,69.37,58.715,29.04,16.49,62.82,24.69,6.53,76.02,0.27,0.355
S02978,65.346,26.62,0.0,72.27,65.639,19.4,0.0,60.74,24.15,7.72,59.94,0.293,0.271
S01634,70.138,22.02,10.28,70.14,70.443,22.85,0.0,73.16,23.17,3.1,75.82,0.305,0.182
S00910,64.31,18.29,0.0,71.83,64.451,15.31,0.0,58.08,23.73,0.0,64.64,0.141,0.188
S06794,66.274,25.41,0.0,80.43,66.374,25.72,0.0,63.93,19.91,2.44,79.88,0.1,0.175
S07163,53.501,25.94,1.43,81.61,53.811,18.45,0.0,70.59,22.9,0.32,61.32,0.31,0.229
S01708,51.735,20.89,0.0,60.83,51.933,30.06,0.54,84.61,25.55,6.73,67.36,0.198,0.395
S07603,59.316,22.77,0.0,55.82,59.534,27.53,7.31,88.87,22.52,15.61,68.51,0.218,0.443
S03830,66.482,26.14,0.0,72.27,66.845,22.26,0.0,62.29,19.74,8.89,78.66,0.363,0.21
S08034,71.256,17.77,0.0,69.22,71.266,24.18,0.0,77.37,23.53,0.0,76.17,0.01,0.234
S08004,85.848,21.14,3.62,64.24,86.163,19.37,0.0,84.23,21.29,0.0,72.28,0.315,0.061
S05206,66.291,21.82,10.24,63.6,66.563,26.57,0.0,74.72,21.49,4.87,72.63,0.272,0.155
S07753,73.863,15.99,0.0,69.29,74.031,24.2,0.0,47.64,19.91,11.3,50.97,0.168,0.132
S09915,63.252,24.93,0.0,79.79,63.467,20.09,0.0,58.82,24.52,23.0,62.17,0.215,0.417
S07271,56.24,22.86,7.12,64.8,56.557,28.43,8.78,78.84,24.3,0.0,69.39,0.317,0.296
S00581,66.461,14.13,0.0,76.06,66.511,23.73,0.0,64.12,23.92,0.0,63.54,0.05,0.199
S05588,70.102,26.7,0.0,74.26,70.299,28.01,2.55,70.93,21.77,0.0,64.06,0.197,0.126
S06967,45.287,20.44,9.7,61.83,45.665,19.31,0.0,59.86,21.24,10.18,72.47,0.378,0.496
S00091,63.003,27.22,0.0,62.03,63.248,24.26,0.0,68.58,27.27,0.0,68.97,0.245,0.361
S05964,64.216,16.04,10.1,78.13,64.477,19.79,0.0,62.71,22.44,2.28,79.01,0.261,0.211
S05440,42.165,25.07,0.0,62.41,42.523,24.33,0.0,84.3,21.13,19.98,61.77,0.358,0.48
S02520,67.736,26.14,7.03,71.88,68.001,19.87,0.0,79.13,23.78,2.68,83.46,0.265,0.27
S00570,70.196,22.01,16.96,84.13,70.623,26.2,5.6,70.77,21.66,2.77,67.84,0.427,0.171
S03058,63.865,24.64,6.3,68.87,64.187,22.0,1.8,63.83,25.16,2.6,62.02,0.322,0.193
S05837,58.793,23.86,0.0,53.82,58.959,17.94,0.0,63.89,25.14,2.21,59.83,0.166,0.31
S07440,53.544,17.7,0.0,72.84,53.773,22.52,0.0,73.85,25.9,0.38,68.22,0.229,0.311
S04493,54.806,26.1,0.0,71.07,55.213,26.43,0.0,63.9,22.91,3.75,79.42,0.407,0.277
S06070,66.068,22.1,0.0,82.91,66.224,20.72,1.35,65.52,16.95,5.43,59.12,0.156,0.083
S05747,69.857,27.43,0.92,80.96,70.086,23.84,0.0,65.49,27.24,0.46,67.82,0.229,0.284
S09794,50.055,21.96,7.55,72.18,50.418,27.81,0.0,79.41,30.0,14.1,67.42,0.363,0.539
S00123,59.544,19.82,0.0,68.78,59.779,23.59,0.0,98.0,20.35,0.77,76.19,0.235,0.204
S01681,58.244,21.62,0.0,59.71,58.513,16.52,3.19,73.86,26.51,0.36,63.11,0.269,0.21
S09446,58.931,22.67,0.0,74.98,59.192,19.54,0.0,68.7,23.78,0.0,60.68,0.261,0.245
S02253,67.483,22.8,13.98,74.21,67.746,23.04,0.0,81.69,23.83,2.04,82.37,0.263,0.299
S03920,58.836,17.61,0.0,63.6,58.866,19.16,1.47,53.24,20.18,28.53,64.36,0.03,0.496
S00578,51.681,16.9,0.0,52.15,51.849,26.05,6.85,75.2,15.78,8.72,68.55,0.168,0.298
S03739,58.516,21.23,0.0,71.73,58.734,23.23,0.89,65.58,28.48,10.46,69.37,0.218,0.45
S01358,63.294,24.23,0.0,79.78,63.568,27.91,19.29,74.98,20.55,1.5,70.99,0.274,0.158
S02749,78.172,23.54,0.0,74.39,78.295,16.48,0.0,50.46,22.96,11.76,64.69,0.123,0.11
S08408,62.872,25.45,0.0,75.89,63.167,27.07,0.0,69.5,20.91,3.92,61.55,0.295,0.195
S09527,59.256,26.35,32.47,48.49,59.933,17.13,0.0,52.89,28.01,0.66,72.29,0.677,0.289
S04112,60.478,23.02,3.93,68.63,60.765,21.25,18.38,67.0,19.67,10.3,62.26,0.287,0.266
S08186,63.005,25.32,0.0,59.29,63.403,14.64,0.0,74.09,21.54,0.91,74.84,0.398,0.172
S08902,69.199,19.62,0.0,61.35,69.241,25.64,2.79,73.34,24.24,2.47,68.0,0.042,0.18
S02427,60.302,23.6,0.0,75.09,60.624,21.89,3.37,71.4,21.68,7.92,68.22,0.322,0.327
S08326,57.701,19.68,3.08,72.98,57.976,28.71,0.0,68.44,26.18,0.0,73.38,0.275,0.36
S03362,70.651,15.15,0.0,68.01,70.728,25.76,0.0,66.24,27.81,0.0,61.1,0.077,0.205
S04938,62.643,19.52,0.0,73.45,62.849,25.99,7.82,82.68,25.23,1.41,64.58,0.206,0.289
S05965,74.77,22.11,0.0,84.32,75.006,25.86,0.0,73.81,21.47,0.0,69.47,0.236,0.122
S02556,61.736,26.8,4.73,74.87,62.052,28.48,12.02,79.64,28.85,0.48,75.93,0.316,0.29
S07414,57.512,21.44,0.0,72.09,57.791,19.35,0.0,68.34,25.85,0.55,81.89,0.279,0.36
S04848,67.517,30.63,0.0,65.39,67.916,17.52,0.0,59.34,20.61,3.01,57.97,0.399,0.105
S08069,61.502,24.78,0.0,73.21,61.807,26.78,0.0,74.61,23.82,0.0,74.64,0.305,0.262
S02983,58.033,23.2,0.0,64.27,58.253,20.94,0.0,72.77,21.28,0.0,68.1,0.22,0.217
S05857,61.512,21.58,0.0,68.26,61.679,20.69,0.0,71.83,22.18,4.88,61.62,0.167,0.233
S02882,67.167,28.91,23.71,82.72,67.709,25.64,0.0,71.59,22.9,16.15,86.45,0.542,0.373
S03170,61.833,19.47,0.0,66.69,61.978,19.96,5.93,81.18,25.16,8.46,74.21,0.145,0.304
S02800,62.204,24.05,0.0,65.96,62.445,25.39,9.32,83.88,21.84,0.0,67.91,0.241,0.18
S07309,53.363,18.01,6.41,67.77,53.653,23.81,0.0,72.38,23.69,1.8,69.38,0.29,0.324
S08152,63.686,24.87,0.0,83.63,63.986,25.37,6.65,68.88,20.38,0.0,61.05,0.3,0.157
S07361,59.085,21.24,4.66,60.56,59.266,19.75,0.0,82.91,24.65,4.2,74.0,0.181,0.272
S07771,57.799,25.49,8.54,76.21,58.178,23.38,13.64,61.63,22.4,0.0,66.01,0.379,0.275
S01735,67.451,27.35,16.88,67.07,67.895,20.97,0.0,70.89,19.15,2.9,69.5,0.444,0.122
S08632,68.453,25.84,0.0,82.44,68.778,26.62,0.0,77.69,26.2,0.0,65.47,0.325,0.247
S01375,63.226,24.39,0.0,61.79,63.396,19.14,0.0,65.47,22.31,5.08,71.38,0.17,0.224
S06876,64.197,26.81,8.51,72.84,64.584,14.18,0.0,65.54,22.51,0.0,71.93,0.387,0.202
S04546,62.285,18.77,0.0,72.44,62.498,22.19,0.0,64.69,22.75,13.35,59.6,0.213,0.307
S06215,72.4,23.43,6.64,75.27,72.576,23.8,31.85,69.48,21.46,0.0,81.06,0.176,0.146
S05985,48.437,20.87,0.0,70.6,48.696,22.91,0.0,63.57,18.4,4.79,77.21,0.259,0.321
S08936,78.767,20.0,0.0,63.03,78.817,26.48,0.0,66.78,25.2,1.01,63.02,0.05,0.058
S04236,75.077,20.01,0.0,66.85,75.435,30.23,0.0,70.99,26.79,0.0,86.11,0.358,0.296
S01546,57.928,22.97,0.0,67.0,58.095,26.1,26.79,59.78,20.5,1.3,68.76,0.167,0.223
S04126,63.115,21.22,0.04,62.55,63.265,22.81,10.89,76.28,19.02,6.16,74.29,0.15,0.266
S08945,82.083,26.17,0.0,65.09,82.201,21.3,0.0,71.67,23.15,10.42,69.63,0.118,0.154
S06834,70.263,21.31,0.0,70.19,70.415,20.1,6.52,58.61,20.82,5.64,66.19,0.152,0.178
S03593,59.616,17.57,0.19,72.84,59.903,25.21,0.0,65.03,17.2,1.83,68.91,0.287,0.166
S08194,44.316,15.72,0.0,76.41,44.548,26.07,0.0,73.73,20.62,1.43,67.14,0.232,0.358
S01479,62.522,23.49,0.0,77.23,62.825,17.61,0.0,68.24,28.21,1.72,72.22,0.303,0.337
S07767,70.036,24.63,5.94,81.84,70.255,16.55,0.0,65.01,27.22,6.78,66.59,0.219,0.277
S05107,67.079,23.54,11.08,76.1,67.526,19.79,6.77,58.3,22.83,19.33,76.37,0.447,0.293
S06845,46.489,24.27,1.74,66.62,46.807,21.37,0.0,67.73,26.34,0.74,76.27,0.318,0.388
S02425,60.66,21.81,0.0,79.62,60.838,19.3,1.4,57.46,18.05,0.99,69.96,0.178,0.15
S07718,72.981,23.54,0.0,67.83,73.174,21.25,0.0,91.87,22.18,0.0,73.16,0.193,0.105
S06980,67.598,27.79,20.12,70.95,68.208,20.22,0.0,58.82,25.88,1.32,73.58,0.61,0.312
S07167,54.466,28.52,0.0,75.92,54.901,23.17,0.0,63.15,24.2,9.39,84.28,0.435,0.413
S00439,51.977,24.53,0.0,64.59,52.267,24.77,0.0,77.98,24.25,17.62,68.73,0.29,0.493
S01417,51.082,23.28,0.0,55.61,51.328,16.01,0.0,63.27,24.06,0.0,76.24,0.246,0.306
S01451,61.219,27.57,18.91,77.42,61.758,24.04,0.0,66.75,24.58,1.68,71.46,0.539,0.275
S08989,55.678,15.8,0.0,67.64,55.903,20.06,0.0,64.18,21.89,1.7,93.59,0.225,0.311
S06187,59.546,28.84,0.0,66.96,59.824,29.19,4.2,59.65,20.42,1.52,71.52,0.278,0.193
S05412,83.017,15.78,0.0,51.07,83.075,20.38,0.0,68.7,21.92,0.79,60.33,0.058,0.044
S06856,64.189,19.22,0.0,65.56,64.524,18.32,0.0,55.06,18.85,4.92,85.22,0.335,0.209
S03188,56.471,22.68,9.99,79.21,56.892,25.92,0.0,68.86,18.14,2.47,67.95,0.421,0.191
S02717,83.458,24.99,12.01,73.7,83.632,18.23,0.0,78.73,21.15,39.8,81.17,0.174,0.437
S09699,63.307,26.11,0.0,78.22,63.545,19.06,0.0,66.66,25.33,20.98,66.69,0.238,0.511
S01340,53.121,24.41,0.0,80.41,53.423,20.24,0.0,67.74,20.67,1.68,65.84,0.302,0.211
S06226,64.433,22.54,17.35,58.24,64.663,26.4,0.0,64.93,26.12,2.49,78.65,0.23,0.326
S05960,65.906,19.19,0.0,79.0,66.185,22.87,0.0,81.02,29.82,0.0,64.67,0.279,0.319
S09020,69.212,25.87,7.62,62.88,69.456,15.38,0.0,69.89,18.28,2.38,71.23,0.244,0.076
S08462,60.24,21.7,2.45,65.99,60.36,18.02,0.0,45.43,22.34,8.43,77.89,0.12,0.321
S04363,69.204,24.86,0.0,74.79,69.393,17.78,0.0,63.39,18.97,10.08,57.5,0.189,0.164
S08156,51.449,25.13,9.02,70.61,51.84,24.67,1.91,73.1,22.93,0.72,71.15,0.391,0.288
S00822,47.865,30.41,11.81,81.2,48.531,25.87,2.09,71.13,19.27,0.0,68.55,0.666,0.215
S00733,63.951,22.54,0.0,72.96,64.147,27.66,5.03,78.89,21.72,3.67,79.28,0.196,0.272
S04336,69.595,28.39,0.0,83.33,70.031,24.66,0.0,68.24,20.55,0.58,49.87,0.436,0.016
S07746,71.971,25.94,0.0,75.06,72.134,26.62,10.2,71.97,21.89,2.48,63.81,0.163,0.122
S05305,68.672,28.4,0.0,70.5,68.896,18.91,0.0,73.33,21.4,12.92,77.74,0.224,0.235
S05929,58.773,23.95,1.41,74.37,59.047,19.48,0.0,72.89,21.72,0.03,68.95,0.274,0.22
S00951,62.254,25.88,0.0,55.06,62.439,27.28,3.16,68.73,20.37,3.12,66.16,0.185,0.122
S08967,69.266,21.42,0.0,70.69,69.482,22.35,0.0,58.35,22.84,0.0,67.88,0.216,0.154
S01826,56.556,19.67,1.99,66.17,56.736,25.8,15.94,70.85,21.23,0.0,72.11,0.18,0.198
S06053,65.406,22.91,0.0,68.84,65.614,29.65,4.32,75.31,22.79,4.99,80.01,0.208,0.333
S02175,60.509,25.52,0.0,78.83,60.803,26.36,0.0,90.72,21.57,1.21,77.67,0.294,0.222
S09180,77.523,21.4,0.0,60.74,77.662,25.03,0.0,72.02,20.03,19.73,62.0,0.139,0.221
S06328,73.459,25.42,2.79,58.87,73.652,26.79,0.0,67.39,26.94,0.0,63.91,0.193,0.194
S01368,54.185,23.72,0.0,67.59,54.578,30.25,14.64,85.11,17.42,0.41,68.45,0.393,0.219
S05152,62.472,22.22,0.0,83.38,62.761,20.25,10.77,64.29,22.24,15.75,59.73,0.289,0.392
S05154,49.821,27.33,0.0,64.68,50.11,28.71,0.0,89.04,23.85,9.32,57.94,0.289,0.38
S06830,59.108,27.25,0.0,84.77,59.434,19.6,0.0,77.09,23.56,0.0,73.11,0.326,0.244
S09965,55.782,22.88,4.71,65.12,56.176,22.45,6.38,65.08,22.78,1.27,72.96,0.394,0.231
S04057,72.108,25.38,0.0,72.33,72.439,19.47,0.0,87.83,21.83,0.0,64.94,0.331,0.05
S08140,77.269,18.65,1.07,67.95,77.497,24.0,0.0,72.77,23.19,4.23,64.35,0.228,0.151
S03353,57.443,23.37,0.73,67.97,57.709,23.18,0.0,73.99,24.19,0.0,66.39,0.266,0.308
S02030,69.13,25.56,18.41,56.95,69.594,22.21,0.0,84.73,24.06,30.0,71.37,0.464,0.461
S00459,61.996,21.18,0.0,61.42,62.212,16.99,0.0,60.88,23.93,1.13,61.71,0.216,0.188
S00275,50.81,25.97,0.0,83.57,51.152,22.56,0.0,62.95,24.01,0.0,75.56,0.342,0.363
S07526,55.037,17.77,0.0,67.21,55.224,25.55,0.02,75.64,26.01,0.97,67.73,0.187,0.328
S09090,83.038,23.06,0.0,56.91,83.109,23.76,0.0,76.57,20.04,0.0,59.45,0.071,0.045
S02933,65.152,20.11,3.64,57.76,65.315,27.26,6.07,56.36,21.94,2.21,68.75,0.163,0.161
S03245,68.521,22.81,0.0,59.4,68.653,26.8,0.0,66.24,24.73,0.0,72.62,0.132,0.257
S00825,75.889,26.9,1.17,79.37,75.987,21.58,7.29,64.19,21.29,0.61,74.49,0.098,0.054
S09652,59.084,22.63,0.0,63.25,59.299,22.46,0.0,71.36,19.08,0.0,75.84,0.215,0.202
S08698,58.876,21.65,32.73,75.38,59.474,25.29,0.0,69.58,19.33,0.0,80.57,0.598,0.214
S03061,57.943,30.06,0.0,66.3,58.229,25.9,0.0,75.23,19.25,3.64,76.82,0.286,0.164
S04833,70.834,22.68,0.0,73.8,71.03,26.42,11.94,86.42,23.68,1.91,80.8,0.196,0.199
S03249,51.098,26.92,0.0,68.61,51.437,23.33,0.0,80.64,21.91,2.69,70.68,0.339,0.252
S01828,67.884,23.15,0.0,62.38,68.01,14.77,0.0,73.76,25.46,0.0,73.35,0.126,0.319
S03489,62.665,22.97,0.0,74.09,62.968,20.37,0.0,60.44,23.06,0.0,68.08,0.303,0.196
S00098,79.574,22.13,5.8,74.18,79.758,23.06,0.0,64.18,24.89,1.4,72.05,0.184,0.088
S01698,58.474,27.36,0.0,74.66,58.802,24.92,9.54,70.82,20.96,0.0,74.37,0.328,0.249
S04353,68.37,15.98,0.0,60.22,68.509,23.88,0.0,75.84,26.08,0.12,71.47,0.139,0.189
S01809,63.725,30.04,0.0,73.43,63.92,16.87,0.43,66.81,22.07,0.0,69.43,0.195,0.235
S07797,61.132,19.98,0.0,64.72,61.249,29.47,0.0,79.19,23.56,7.85,70.44,0.117,0.302
S06213,77.238,25.53,0.0,56.88,77.346,23.71,0.0,68.49,22.56,0.0,63.59,0.108,0.035
S07960,57.37,17.12,0.0,57.68,57.609,25.15,0.0,62.0,22.32,0.0,66.48,0.239,0.261
S01911,60.692,23.44,0.0,66.7,60.96,28.67,6.9,74.44,26.1,0.13,76.69,0.268,0.317
S02738,61.724,26.56,0.0,68.9,61.916,19.42,0.0,66.25,19.72,1.19,71.96,0.192,0.116
S08855,73.74,22.0,0.0,72.2,73.943,22.25,0.0,70.93,18.81,1.42,68.27,0.203,0.036
S06550,65.402,22.34,0.0,75.22,65.703,29.82,0.0,69.56,20.46,0.0,75.5,0.301,0.195
S06859,85.271,23.41,0.0,73.76,85.354,16.88,0.0,66.4,25.13,0.0,73.86,0.083,0.135
S05444,58.398,22.9,1.47,66.21,58.641,24.66,0.0,73.76,23.83,0.0,69.33,0.243,0.216
S05277,59.577,25.23,17.45,75.93,60.047,16.5,0.0,68.0,20.97,1.03,75.93,0.47,0.259
S04944,75.406,22.77,0.0,79.79,75.507,24.64,0.0,85.48,21.64,2.27,78.07,0.101,0.077
S08778,53.537,16.91,0.0,62.44,53.719,23.66,0.0,59.85,22.25,1.2,66.36,0.182,0.246
S09668,53.212,19.59,0.0,63.62,53.375,18.97,4.11,89.48,24.98,11.8,64.59,0.163,0.397
S09038,59.416,27.11,0.0,71.86,59.791,17.85,4.41,65.16,25.41,9.89,86.59,0.375,0.419
S04060,59.883,22.68,6.72,76.65,60.247,24.67,0.0,70.53,20.68,16.7,63.38,0.364,0.256
S04054,71.792,15.2,0.0,69.61,71.836,21.97,0.0,73.01,26.25,7.09,67.15,0.044,0.273
S08195,69.858,22.75,0.0,70.73,70.027,19.04,0.0,71.66,19.7,4.37,62.22,0.169,0.097
S09432,64.567,24.56,0.0,71.26,64.837,26.5,0.0,85.98,20.66,3.69,85.02,0.27,0.18
S06919,54.003,24.53,0.0,75.19,54.332,21.6,0.0,54.73,24.81,7.53,75.05,0.329,0.389
S08976,69.812,27.66,0.0,71.99,70.026,27.22,0.0,72.43,22.11,0.0,75.34,0.214,0.146
S01092,60.55,21.51,0.0,59.02,60.666,23.2,0.0,64.08,24.45,5.49,68.98,0.116,0.355
S07850,45.809,23.06,0.0,70.46,46.18,24.05,0.0,68.71,22.18,0.39,65.33,0.371,0.333
S02097,68.822,15.08,0.0,53.2,69.06,24.5,0.0,69.51,22.37,5.75,78.97,0.238,0.304
S02907,67.918,18.08,0.62,77.55,68.043,23.43,4.38,69.92,26.23,9.61,67.21,0.125,0.256
S08049,68.972,23.43,2.08,70.79,69.11,18.68,0.0,61.23,21.62,2.08,72.91,0.138,0.116
S08631,69.767,27.95,0.0,62.83,69.919,17.02,0.0,59.46,21.56,12.51,51.6,0.152,0.224
S08248,43.419,24.52,0.0,81.55,43.808,20.97,0.0,61.96,24.09,3.56,65.03,0.389,0.37
S05636,65.299,22.17,0.0,63.44,65.478,21.44,0.0,78.91,25.19,0.22,62.56,0.179,0.215
S01255,53.61,27.73,13.93,71.2,54.175,21.83,0.0,66.81,21.72,0.0,68.5,0.565,0.267
S09274,56.061,23.95,0.0,65.63,56.264,20.94,0.74,77.78,28.12,1.15,73.73,0.203,0.374
S00723,51.821,21.95,0.49,71.44,52.124,23.24,3.36,70.07,21.08,0.0,75.09,0.303,0.253
S05029,48.895,23.35,0.0,67.12,49.148,21.48,0.0,47.17,17.94,0.0,66.16,0.253,0.193
S02635,55.648,19.78,0.0,66.22,55.835,21.85,0.0,63.35,20.16,0.07,67.99,0.187,0.208
S05966,54.598,18.95,0.0,74.21,54.858,16.69,0.0,60.93,23.44,7.99,56.21,0.26,0.276
S04841,61.208,23.15,0.0,60.11,61.575,23.69,0.17,68.44,25.78,3.36,71.74,0.367,0.209
S06782,73.253,19.0,0.0,47.02,73.414,26.43,22.72,84.01,23.89,2.76,67.58,0.161,0.123
S06082,54.931,20.62,0.0,64.31,55.077,23.99,0.0,63.98,23.24,5.08,67.42,0.146,0.312
S00349,64.897,27.27,0.0,73.34,65.146,24.0,0.0,77.28,20.15,14.08,82.61,0.249,0.388
S06325,46.004,17.07,0.0,68.62,46.268,22.79,0.0,69.57,25.36,5.17,79.1,0.264,0.525
S06769,58.838,18.61,0.0,81.69,59.121,24.24,0.0,53.88,24.7,0.0,66.63,0.283,0.297
S04379,62.084,19.27,0.0,73.86,62.187,23.66,0.0,80.04,22.88,8.39,70.67,0.103,0.198
S08474,55.276,24.08,0.0,81.05,55.606,13.42,0.0,61.91,27.77,0.0,58.7,0.33,0.352
S00110,46.702,18.52,0.0,65.64,46.934,23.4,0.0,58.62,20.85,0.67,67.34,0.232,0.302
S05016,63.031,22.69,0.0,73.15,63.301,22.37,0.0,64.55,25.62,10.17,75.18,0.27,0.437
S09518,64.734,27.13,0.0,82.03,64.94,22.26,0.0,70.95,21.44,0.93,63.9,0.206,0.162
S09828,57.984,20.87,0.0,56.66,58.211,22.09,7.87,63.95,25.01,0.0,63.05,0.227,0.307
S06234,71.553,21.55,0.0,71.9,71.751,28.14,0.0,73.09,22.75,7.97,78.82,0.198,0.274
S03306,66.008,17.58,0.0,62.87,66.222,19.47,0.0,78.79,22.71,10.04,61.26,0.214,0.357
S04899,61.462,22.9,0.0,60.63,61.743,27.29,0.0,54.58,18.95,0.0,85.66,0.281,0.164
S06806,43.926,21.26,0.0,57.73,44.217,20.69,2.57,63.28,23.19,19.42,88.55,0.291,0.673
S02440,58.607,23.83,0.0,68.18,58.866,22.25,0.96,75.04,22.04,0.26,70.3,0.259,0.163
S04184,65.002,26.82,35.0,74.71,65.609,21.1,0.0,72.35,21.46,2.14,67.66,0.607,0.206
S08903,69.233,25.92,0.0,72.08,69.415,21.76,6.26,63.7,21.94,0.0,62.95,0.182,0.147
S03678,52.107,22.79,8.67,59.27,52.372,13.47,0.0,65.55,22.41,0.0,71.29,0.265,0.299
S00218,53.32,27.99,0.0,57.31,53.547,22.64,7.3,60.66,18.69,9.94,69.31,0.227,0.326
S03915,57.567,24.01,0.0,72.41,57.745,27.03,0.0,76.96,21.34,7.81,78.11,0.178,0.365
S02472,78.628,24.86,2.48,60.03,78.961,23.86,0.0,61.57,25.56,0.0,68.6,0.333,0.092
S01627,61.64,30.71,0.0,65.99,61.992,27.13,1.73,75.88,25.42,8.77,73.51,0.352,0.357
S09520,60.515,20.64,0.0,65.48,60.7,26.18,0.0,71.3,20.04,1.13,66.19,0.185,0.161
S06173,53.131,18.96,0.0,64.47,53.342,18.28,0.0,72.3,25.45,0.0,66.54,0.211,0.323
S07075,65.421,22.59,1.02,60.57,65.598,22.23,15.95,54.14,24.15,0.0,68.57,0.177,0.197
S06267,54.656,22.26,4.53,65.19,55.023,24.91,0.0,64.59,20.87,1.42,69.47,0.367,0.263
S03327,61.0,16.08,0.0,75.31,61.198,21.89,0.0,71.8,16.56,11.1,71.64,0.198,0.188
S07120,66.999,20.27,0.0,82.9,67.251,21.26,35.0,78.37,22.03,8.93,70.67,0.252,0.183
S05300,58.806,25.91,0.0,73.37,59.163,23.27,0.0,49.96,24.14,6.82,66.74,0.357,0.271
S00543,51.344,23.24,0.0,78.22,51.648,25.59,0.0,69.97,24.15,31.84,63.39,0.304,0.651
S08271,51.986,26.73,0.0,76.72,52.354,17.56,0.0,80.75,22.91,0.0,67.33,0.368,0.294
S02339,60.794,27.33,0.0,66.68,61.073,17.9,2.52,67.83,23.64,7.72,65.2,0.279,0.245
S03860,79.624,25.36,0.0,74.2,79.968,21.65,0.12,64.55,22.25,4.84,68.8,0.344,0.029
S05799,59.227,20.06,9.36,67.43,59.572,20.67,0.0,66.78,22.97,0.0,74.86,0.345,0.27
S06652,75.523,22.28,0.0,59.45,75.611,24.36,0.0,85.4,23.85,0.0,67.82,0.088,0.135
S03565,68.229,23.5,0.0,75.46,68.418,25.78,0.0,63.83,20.98,2.12,74.1,0.189,0.193
S03756,71.539,20.78,0.0,63.61,71.645,23.83,0.0,76.81,23.48,0.0,74.78,0.106,0.175
S06422,63.515,15.54,0.0,66.01,63.64,17.1,0.0,51.79,26.74,0.0,65.7,0.125,0.27
S01432,55.257,22.3,17.77,64.45,55.588,17.2,0.0,72.61,20.53,0.0,75.55,0.331,0.286
S06707,65.155,22.79,0.25,51.58,65.332,24.5,0.42,63.89,23.96,0.0,66.86,0.177,0.236
S06867,60.349,19.76,0.0,62.68,60.514,20.53,0.0,61.09,28.2,0.0,65.26,0.165,0.296
S03063,69.311,26.87,1.44,66.96,69.65,27.0,9.83,74.84,22.46,11.03,72.53,0.339,0.27
S08648,64.797,21.35,0.0,64.83,64.975,28.56,11.31,77.9,24.99,10.93,75.23,0.178,0.423
S07677,69.559,22.71,6.49,83.25,69.942,25.05,0.0,81.87,19.44,2.13,56.59,0.383,0.042
S08497,62.622,25.53,2.53,74.92,62.962,23.79,0.0,65.18,19.85,0.0,67.74,0.34,0.107
S08390,54.669,20.96,0.0,58.11,54.878,22.72,0.0,79.55,26.22,8.91,65.6,0.209,0.398
S07574,56.509,17.87,0.0,61.51,56.733,23.11,0.0,60.72,24.07,3.02,72.81,0.224,0.315
S05296,73.484,21.06,0.24,70.33,73.72,16.52,0.0,74.49,21.25,2.18,69.25,0.236,0.121
S00494,68.64,24.76,5.58,69.67,68.988,22.7,0.0,75.38,26.64,24.52,69.46,0.348,0.448
S00318,52.085,23.35,0.0,71.9,52.348,22.35,0.0,70.53,20.72,0.0,65.58,0.263,0.247
S09530,63.958,17.89,0.0,58.09,64.106,24.03,14.94,81.12,23.68,1.79,67.96,0.148,0.173
S02431,61.003,19.56,1.99,66.2,61.187,20.9,0.0,61.9,24.82,2.52,67.26,0.184,0.263
S05663,60.841,25.41,5.91,81.67,61.195,26.29,12.88,55.29,17.67,0.33,72.24,0.354,0.191
S02877,75.872,25.3,0.0,63.42,75.964,18.37,0.0,58.67,23.97,3.17,68.86,0.092,0.156
S03371,73.031,30.69,0.17,73.8,73.476,29.37,4.15,78.31,21.67,0.0,67.01,0.445,0.133
S06694,54.823,20.76,0.46,77.2,55.146,26.96,0.0,79.41,24.93,4.17,70.31,0.323,0.398
S05696,58.974,25.69,5.38,76.23,59.453,20.02,0.0,68.65,21.4,0.29,77.16,0.479,0.216
S01780,60.256,21.31,1.87,72.65,60.489,23.54,0.71,73.43,23.46,0.93,84.17,0.233,0.309
S05513,65.316,23.65,0.0,66.58,65.532,27.36,0.0,85.79,27.41,13.39,57.42,0.216,0.419
S07997,84.067,21.76,14.86,71.89,84.275,22.15,0.0,75.79,23.17,37.68,72.71,0.208,0.425
S04116,56.358,15.25,0.0,72.93,56.53,21.73,14.91,83.97,19.12,2.5,66.7,0.172,0.148
S06675,57.228,14.71,0.12,75.06,57.417,24.34,0.0,67.03,20.43,0.0,81.59,0.189,0.266
S04633,55.795,23.86,0.0,73.35,56.066,21.56,0.0,77.61,20.68,1.21,76.8,0.271,0.297
S03572,62.426,26.09,0.0,87.2,62.735,25.39,0.0,64.11,23.3,26.48,71.37,0.309,0.506
S09817,67.469,23.83,0.0,61.51,67.677,25.6,11.26,73.59,22.6,2.06,55.77,0.208,0.147
S06232,60.44,20.22,0.0,72.87,60.648,29.89,0.97,69.23,20.91,0.0,62.95,0.208,0.2
S03007,78.005,22.98,0.0,62.84,78.085,23.72,0.0,67.99,19.49,0.0,71.77,0.08,0.055
S02516,61.354,23.15,3.42,66.83,61.595,25.7,1.96,59.85,20.74,30.37,84.65,0.241,0.598
S07524,60.468,19.54,0.0,67.24,60.932,21.38,0.0,65.14,20.56,0.0,64.29,0.464,0.181
S07981,49.948,25.19,0.0,71.25,50.289,21.56,0.0,63.3,27.48,0.0,71.21,0.341,0.414
S09236,66.221,22.69,2.29,60.97,66.425,28.68,0.0,54.26,24.69,2.9,66.26,0.204,0.212
S02853,54.981,20.55,15.33,68.45,55.697,24.52,0.0,75.32,16.43,0.0,61.89,0.716,0.063
S05974,53.67,19.24,0.0,74.39,53.892,25.53,0.0,67.98,24.26,15.64,78.26,0.222,0.527
S00221,63.317,24.09,0.0,68.2,63.593,28.54,0.0,64.46,23.68,0.0,62.85,0.276,0.227
S09440,59.152,26.45,19.6,61.5,59.693,26.54,0.0,74.37,22.42,0.0,80.66,0.541,0.238
S02115,60.279,15.35,0.0,64.83,60.311,22.58,0.0,74.38,27.54,0.81,69.03,0.032,0.349
S04203,65.146,24.22,0.0,61.1,65.356,21.07,0.0,77.86,21.66,3.62,73.51,0.21,0.178
S00538,57.509,21.98,0.0,70.01,57.756,24.17,1.68,76.59,24.33,3.8,61.58,0.247,0.219
S04804,70.074,25.4,12.1,77.63,70.556,20.89,0.0,73.83,25.57,0.41,70.63,0.482,0.178
S03586,61.721,25.45,0.0,77.17,61.856,21.06,0.0,85.63,18.98,2.41,73.7,0.135,0.112
S04940,68.796,19.56,0.0,82.2,68.969,21.4,0.0,70.92,23.85,0.0,72.14,0.173,0.203
S08858,65.399,19.43,6.73,56.02,65.588,24.2,0.0,75.88,12.99,0.76,77.43,0.189,0.035
S09942,61.948,25.29,8.51,71.61,62.298,23.79,0.0,74.54,24.7,5.95,74.82,0.35,0.268
S09767,61.407,24.75,23.97,73.54,61.931,24.79,7.69,62.15,25.07,0.0,67.41,0.524,0.176
S00070,79.938,28.96,7.35,62.67,80.387,22.52,1.07,62.87,20.39,0.0,70.71,0.449,0.069
S08935,55.757,17.88,2.13,71.28,55.918,20.48,0.0,69.94,21.99,5.74,71.51,0.161,0.267
S07817,50.721,25.58,14.86,68.23,51.156,21.0,0.0,69.13,18.0,0.0,69.8,0.435,0.175
S04432,51.199,25.51,3.74,82.6,51.468,22.0,0.0,76.66,26.58,22.88,64.15,0.269,0.574
S09254,75.86,30.08,0.0,76.8,76.126,24.7,0.0,61.88,23.1,7.19,84.41,0.266,0.248
S09740,75.078,18.48,0.0,71.43,75.156,19.22,0.0,66.97,22.1,22.33,77.95,0.078,0.383
S02743,80.29,27.74,8.37,62.93,80.522,25.76,0.0,67.08,24.41,0.0,71.25,0.232,0.189
S03562,57.544,24.22,0.0,65.09,57.807,20.26,0.0,65.41,23.15,6.6,55.08,0.263,0.319
S05505,86.937,27.0,0.09,66.69,87.374,29.67,0.0,85.97,24.02,0.76,73.3,0.437,0.099
S02446,65.443,26.27,0.0,86.93,65.696,24.49,0.0,72.49,26.03,2.38,74.9,0.253,0.201
S08723,59.635,14.85,0.0,77.69,59.731,26.7,0.0,82.04,19.56,0.0,69.65,0.096,0.181
S04058,65.892,28.21,1.67,64.26,66.12,19.55,0.0,71.6,19.81,4.72,74.55,0.228,0.187
S03779,56.036,19.58,0.0,56.19,56.215,25.85,0.0,73.93,24.89,7.72,65.74,0.179,0.286
S04495,66.516,22.01,9.65,58.67,67.011,22.48,0.0,69.28,22.22,9.94,67.35,0.495,0.287
S08491,48.629,24.45,0.0,49.36,48.857,21.87,0.0,77.36,16.79,0.0,76.3,0.228,0.179
S08437,48.681,24.51,0.0,61.33,48.962,19.07,0.59,61.44,25.55,1.07,57.02,0.281,0.294
S05050,59.24,26.64,4.48,69.5,59.509,23.42,0.0,57.13,24.55,5.91,62.6,0.269,0.298
S06172,54.488,21.53,15.85,84.14,54.984,20.62,0.0,75.61,18.03,0.18,67.81,0.496,0.103
S02899,76.5,19.32,0.0,65.72,76.512,20.32,0.0,73.84,18.55,0.0,63.3,0.012,0.06
S08644,63.946,14.79,0.0,57.34,64.006,22.71,0.0,81.65,20.1,3.12,77.1,0.06,0.188
S01270,57.068,25.15,0.0,64.93,57.336,14.99,0.0,57.68,22.0,17.42,73.81,0.268,0.412
S09912,64.433,23.29,0.0,79.91,64.717,21.25,0.0,69.05,26.44,0.0,59.22,0.284,0.223
S08007,60.114,18.43,0.0,58.55,60.278,20.77,0.0,86.34,18.68,0.0,73.39,0.164,0.18
S08171,77.471,19.35,0.0,64.01,77.504,25.7,0.0,66.33,18.36,0.0,74.57,0.033,0.063
S02970,49.822,22.62,3.65,71.73,50.119,22.04,1.1,54.68,23.22,2.36,65.49,0.297,0.274
S03741,50.826,27.0,0.0,71.94,51.172,24.45,0.0,68.17,24.56,5.98,65.62,0.346,0.435
S08446,62.876,28.56,0.0,72.32,63.115,27.42,0.0,71.24,22.91,3.39,73.78,0.239,0.226
S01438,76.21,27.27,4.85,67.04,76.496,22.71,0.0,77.56,27.46,12.24,74.82,0.286,0.356
S00057,55.345,23.54,0.0,70.29,55.677,24.84,0.0,62.28,26.44,12.35,67.43,0.332,0.392
S07701,51.632,18.06,0.0,73.4,51.918,21.7,0.0,69.76,20.24,0.0,59.45,0.286,0.166
S02836,72.661,27.12,0.0,67.95,72.738,26.89,0.0,70.84,29.32,2.4,70.1,0.077,0.241
S05734,50.04,19.3,0.0,70.3,50.364,25.96,0.0,64.47,22.05,0.96,70.09,0.324,0.249
S02273,62.456,25.96,0.0,62.23,62.624,20.17,0.0,74.81,20.16,0.0,63.17,0.168,0.174
S02164,52.305,20.91,0.0,67.19,52.757,23.03,0.0,68.76,23.65,6.52,76.47,0.452,0.355
S07147,49.24,21.52,8.01,74.01,49.654,25.32,0.0,80.9,23.09,4.52,81.2,0.414,0.327
S05831,47.229,24.3,0.0,80.42,47.622,27.31,8.77,67.13,23.04,0.0,64.81,0.393,0.269
S09904,62.187,24.14,0.0,71.59,62.457,27.94,5.98,80.15,22.51,1.9,68.52,0.27,0.251
S09947,70.642,22.77,0.0,81.18,70.805,24.11,0.0,77.51,19.73,0.0,68.37,0.163,0.072
S06078,54.577,16.57,0.0,83.54,54.849,21.23,4.25,69.96,26.01,4.12,80.78,0.272,0.428
S06184,56.074,24.66,0.0,78.83,56.398,16.59,2.68,57.28,25.56,0.0,78.6,0.324,0.359
S00145,59.169,24.54,0.0,83.43,59.471,22.27,14.69,67.64,27.57,8.05,67.13,0.302,0.381
S01430,70.271,20.23,0.0,46.85,70.372,24.02,15.41,84.9,23.13,0.0,66.18,0.101,0.182
S00303,52.892,15.23,0.0,69.54,53.296,24.13,0.0,80.14,25.76,0.0,82.16,0.404,0.403
S08289,63.841,22.44,0.0,77.46,63.96,23.24,0.0,62.28,22.6,1.87,62.27,0.119,0.188
S06484,66.966,21.55,0.0,77.64,67.241,27.41,0.0,67.05,23.34,0.23,63.58,0.275,0.17
S07963,63.654,26.49,0.0,72.79,63.876,19.27,0.0,75.69,18.55,3.45,66.82,0.222,0.173
S09821,70.304,23.15,0.0,65.37,70.448,24.92,0.0,75.66,19.0,7.04,67.39,0.144,0.139
S09365,48.687,22.58,2.4,74.34,49.101,23.24,0.0,78.83,19.56,0.0,84.73,0.414,0.3
S08065,57.811,17.9,0.0,74.27,58.014,24.58,0.0,63.43,21.16,4.03,73.1,0.203,0.241
S05751,64.73,22.84,0.0,73.71,64.883,22.03,0.0,66.92,27.11,0.0,82.07,0.153,0.327
S01419,67.874,26.13,4.5,78.96,68.076,23.87,0.0,67.44,24.78,0.0,73.33,0.202,0.15
S00497,68.128,16.86,0.0,65.05,68.221,26.16,0.0,73.09,23.73,13.44,74.1,0.093,0.27
S01907,54.356,15.78,0.0,68.76,54.58,20.53,0.0,79.5,27.2,7.1,68.52,0.224,0.396
S05290,51.443,20.15,0.0,69.55,51.619,22.54,0.0,70.15,23.43,5.41,57.42,0.176,0.328
S09124,59.899,18.67,0.0,69.72,60.042,20.84,0.0,58.28,24.41,6.5,70.02,0.143,0.322
S09676,51.297,25.5,11.16,75.48,51.794,26.38,0.0,76.98,18.17,0.14,70.06,0.497,0.199
S00885,62.561,24.52,0.0,65.9,62.841,17.7,0.0,58.24,24.78,3.96,63.16,0.28,0.206
S08121,58.342,21.35,0.0,75.81,58.459,20.62,24.79,64.7,25.53,0.0,79.78,0.117,0.283
S02048,54.412,15.77,0.0,49.02,54.591,21.85,3.42,65.66,21.81,0.0,63.28,0.179,0.194
S03541,61.441,25.53,0.0,64.94,61.722,22.51,0.0,78.16,22.6,16.95,73.98,0.281,0.34
S05118,66.062,20.73,0.0,59.99,66.28,25.9,1.25,63.04,21.64,0.05,56.06,0.218,0.179
S08757,40.755,22.92,0.0,60.37,41.03,19.86,0.0,61.82,22.98,0.0,74.42,0.275,0.441
S06013,70.961,25.53,0.0,64.25,71.176,17.1,0.0,69.21,20.8,15.42,65.67,0.215,0.172
S06227,54.24,15.44,0.0,66.4,54.446,30.13,5.64,59.05,21.07,16.46,81.38,0.206,0.429
S08623,65.007,19.84,0.0,66.19,65.025,25.59,0.0,76.9,24.05,10.68,73.92,0.018,0.322
S05129,59.578,22.85,0.0,52.38,59.848,23.59,0.0,81.52,19.3,0.0,72.12,0.27,0.204
S02993,58.144,21.96,0.0,70.47,58.554,22.78,0.0,73.25,23.96,8.44,81.23,0.41,0.391
S00130,67.579,26.07,0.0,60.76,67.832,22.19,0.0,70.25,17.5,24.12,63.42,0.253,0.332
S06149,46.0,23.43,0.0,76.67,46.593,28.95,28.83,82.57,20.88,0.0,66.73,0.593,0.275
S07090,63.543,14.66,0.0,59.77,63.609,16.23,0.0,81.09,21.36,0.0,68.89,0.066,0.153
S04454,61.838,27.52,4.2,72.49,62.092,26.29,0.0,66.26,23.14,0.0,78.37,0.254,0.301
S02709,70.651,19.57,0.0,65.91,70.817,25.02,1.14,78.03,15.48,1.7,86.43,0.166,0.058
S02531,60.856,19.99,0.0,60.39,61.097,27.38,0.0,75.46,23.26,32.41,58.71,0.241,0.506
S08274,65.487,27.42,0.0,74.08,65.784,23.41,11.26,66.65,24.63,5.59,69.65,0.297,0.302
S03718,81.604,21.81,0.0,61.83,81.697,28.44,0.0,68.66,21.84,7.28,72.78,0.093,0.162
S00373,58.134,22.82,0.0,86.12,58.347,24.5,0.0,76.82,24.04,1.46,68.51,0.213,0.236
S08099,60.061,19.32,3.86,74.19,60.376,20.01,0.0,59.47,20.87,0.0,57.62,0.315,0.115
S01793,65.721,17.19,0.0,57.91,65.806,19.22,0.0,73.71,21.65,5.85,78.02,0.085,0.309
S04011,75.376,25.35,0.0,87.85,75.619,25.46,16.2,72.53,20.61,2.91,53.0,0.243,0.057
S01707,83.768,22.53,0.0,62.03,83.792,27.28,0.0,66.53,25.02,8.52,86.57,0.024,0.201
S01158,61.736,20.42,0.0,72.82,61.959,22.27,0.0,75.84,24.26,16.84,78.52,0.223,0.466
S06803,76.585,24.29,0.0,72.26,76.595,27.57,0.42,77.77,23.59,2.56,82.46,0.01,0.145
S07789,57.705,28.14,4.36,67.02,58.094,25.17,0.0,82.36,24.97,2.91,75.75,0.389,0.242
S07196,53.747,25.76,5.68,59.33,54.019,24.91,0.46,69.95,22.95,7.91,80.18,0.272,0.409
S05923,45.898,16.93,0.0,52.46,46.162,25.56,0.0,69.11,23.35,4.65,67.86,0.264,0.342
S05542,74.222,21.54,0.0,56.87,74.35,24.24,4.62,89.31,19.36,0.0,67.11,0.128,0.075
S03561,60.154,26.08,9.28,79.33,60.462,12.39,0.39,52.86,22.2,0.08,67.26,0.308,0.217
S02270,71.928,23.65,17.25,71.83,72.306,24.9,0.0,76.79,24.37,8.74,80.07,0.378,0.228
S08995,73.622,21.99,0.0,67.09,73.668,23.84,0.0,77.79,20.65,0.0,67.42,0.046,0.134
S05373,57.015,16.64,0.0,73.47,57.2,18.27,0.0,65.75,25.06,2.71,67.24,0.185,0.35
S01982,76.307,21.2,0.0,61.56,76.475,15.28,0.0,57.37,20.39,9.0,74.41,0.168,0.18
S06898,70.884,23.09,0.0,65.86,71.115,24.44,0.0,73.79,20.88,0.03,69.22,0.231,0.104
S04046,59.016,22.39,0.0,66.62,59.344,25.95,0.0,74.75,25.07,0.0,78.93,0.328,0.371
S06079,63.99,22.2,0.0,59.93,64.315,18.38,0.0,67.25,23.55,1.14,68.55,0.325,0.213
S02533,61.504,24.0,11.99,61.15,61.879,21.71,4.8,74.32,23.15,1.97,77.57,0.375,0.246
S06102,70.232,27.92,11.47,74.55,70.601,17.1,0.0,64.71,18.85,8.87,73.74,0.369,0.209
S04155,68.663,21.65,7.43,60.88,69.137,23.04,0.0,72.81,22.78,1.24,75.13,0.474,0.115
S03659,66.915,20.39,0.0,76.0,67.106,26.63,4.82,75.97,21.82,0.0,80.59,0.191,0.288
S02587,51.279,24.5,2.95,77.51,51.486,19.09,0.0,68.56,24.65,0.0,62.4,0.207,0.263
S06193,62.214,19.01,0.0,69.2,62.296,15.28,0.0,68.96,24.54,2.97,76.11,0.082,0.29
S07489,70.955,23.27,0.0,53.93,71.051,19.52,0.0,79.62,22.7,37.25,65.78,0.096,0.488
S07768,67.434,23.59,0.0,66.05,67.524,26.42,0.0,73.57,23.34,1.51,78.32,0.09,0.228
S05796,64.501,20.06,2.92,81.02,64.784,19.6,5.12,74.8,25.58,1.43,66.28,0.283,0.235
S05809,56.191,18.19,0.0,59.35,56.436,25.61,0.0,69.81,23.01,0.0,76.2,0.245,0.305
S06224,74.303,20.9,0.0,79.79,74.457,29.49,0.37,82.43,25.39,0.54,70.12,0.154,0.221
S03287,64.728,22.87,0.0,74.63,64.886,22.98,2.99,73.41,26.26,14.02,74.27,0.158,0.424
S00939,66.583,25.18,0.0,69.04,66.85,21.76,0.0,66.84,24.61,6.74,72.02,0.267,0.293
S01302,72.706,26.74,0.0,67.75,72.924,27.54,0.0,63.82,26.43,15.02,71.99,0.218,0.324
S05554,64.612,23.52,0.0,73.46,64.866,23.22,0.0,75.09,27.27,10.56,61.91,0.254,0.31
S00795,69.728,22.58,0.0,82.35,70.015,22.75,0.0,64.74,22.32,14.77,72.34,0.287,0.309
S08301,59.836,23.96,17.97,71.15,60.234,30.24,0.22,73.87,23.88,18.51,72.87,0.398,0.441
S00527,64.312,21.36,0.0,69.51,64.421,20.58,0.0,66.3,24.76,0.0,77.89,0.109,0.261
S09935,65.259,16.62,0.0,62.35,65.389,22.94,0.0,50.71,21.77,16.58,67.82,0.13,0.31
S03279,71.133,24.71,14.84,69.98,71.54,26.17,0.0,67.02,23.21,0.0,63.81,0.407,0.1
S07094,58.164,24.4,0.0,59.91,58.398,24.3,0.0,63.97,24.09,15.09,76.45,0.234,0.42
S05969,81.93,24.19,0.0,64.23,82.41,22.65,0.0,67.37,23.49,3.23,62.3,0.48,0.107
S05701,60.01,20.39,0.0,72.19,60.151,28.63,0.0,63.46,26.43,3.02,70.99,0.141,0.299
S00837,65.053,23.16,0.0,60.82,65.277,23.55,3.06,80.78,19.98,3.49,72.81,0.224,0.166
S01718,67.899,22.03,0.0,68.93,68.03,28.47,5.75,76.45,24.66,11.59,66.37,0.131,0.306
S05911,70.882,23.62,0.0,78.66,71.003,22.88,0.0,64.88,23.09,0.0,55.38,0.121,0.148
S01581,53.653,21.4,0.0,62.98,53.85,22.6,6.57,76.6,25.96,0.0,69.87,0.197,0.227
S00158,67.132,28.28,0.0,55.37,67.323,22.87,0.0,58.82,28.05,0.0,76.59,0.191,0.314
S07276,66.437,15.75,0.95,71.95,66.673,14.15,0.0,73.17,23.47,0.34,72.11,0.236,0.254
S01777,53.333,28.85,0.0,71.86,53.706,17.84,0.0,63.98,22.71,3.56,55.68,0.373,0.239
S02751,58.654,27.7,11.62,78.74,59.06,24.35,1.98,65.43,24.96,5.98,71.08,0.406,0.338
S01189,56.527,18.97,0.0,69.97,56.738,24.13,0.0,72.1,27.11,4.18,65.11,0.211,0.279
S07015,56.086,23.1,0.0,67.79,56.364,24.47,0.0,54.45,21.61,1.59,66.28,0.278,0.291
S06885,70.036,27.72,0.0,93.41,70.355,14.64,0.0,60.68,25.58,1.32,67.75,0.319,0.234
S06028,60.371,25.3,0.0,75.0,60.597,15.96,0.0,63.98,22.41,0.0,71.78,0.226,0.24
S02726,62.906,22.52,0.0,70.57,63.076,30.18,0.0,93.4,23.69,7.26,66.93,0.17,0.205
S02118,57.61,24.59,6.88,71.22,58.061,28.6,0.0,62.54,19.49,0.04,63.47,0.451,0.14
S01783,70.399,24.74,0.0,78.71,70.627,23.26,0.0,67.08,18.6,0.0,73.83,0.228,0.075
S06518,64.936,27.28,19.57,68.19,65.485,17.39,1.88,70.32,21.35,7.56,76.32,0.549,0.264
S02610,68.651,27.46,8.47,98.0,69.011,20.91,13.78,67.39,24.65,8.13,67.8,0.36,0.301
S08597,62.74,16.93,0.0,66.46,62.872,21.26,14.65,72.2,19.69,2.09,66.54,0.132,0.136
S00585,66.771,21.28,4.68,56.29,66.958,22.71,0.0,64.57,26.69,0.69,72.82,0.187,0.267
S01271,58.362,26.3,12.18,67.96,58.749,27.24,15.35,58.9,20.83,2.31,63.92,0.387,0.19
S04370,61.258,19.34,0.0,66.04,61.37,22.61,0.0,78.37,22.73,7.92,63.5,0.112,0.261
S08660,54.258,23.19,0.0,71.01,54.437,27.69,14.22,73.3,20.02,5.16,63.09,0.179,0.198
S09725,65.722,25.42,17.37,64.04,66.159,23.27,0.1,78.88,19.47,0.0,68.56,0.437,0.168
S00360,50.568,23.24,0.0,72.6,50.703,21.24,0.0,83.18,26.1,13.51,73.5,0.135,0.453
S06981,61.221,23.98,4.2,90.06,61.532,16.53,0.16,53.62,18.94,11.09,63.76,0.311,0.261
S00278,58.219,22.67,0.0,84.82,58.457,22.5,0.0,66.95,19.22,8.4,61.16,0.238,0.126
S05943,59.11,22.22,0.0,81.0,59.291,17.43,7.73,71.46,19.21,4.88,74.97,0.181,0.286
S09535,67.605,19.51,0.0,58.61,67.736,24.98,0.0,75.4,23.6,1.93,59.47,0.131,0.09
S08250,69.933,22.78,0.0,79.41,70.103,22.96,0.0,69.45,23.32,0.33,69.43,0.17,0.142
S05603,63.459,21.55,0.0,79.17,63.738,15.12,2.35,75.54,17.9,1.62,67.84,0.279,0.129
S06022,55.247,16.07,0.0,60.08,55.446,19.01,0.0,76.68,21.16,0.87,55.43,0.199,0.163
S03533,66.255,20.9,0.0,74.07,66.462,23.19,0.49,66.31,25.18,0.0,66.22,0.207,0.223
S06036,56.117,25.23,0.0,60.47,56.379,23.29,0.0,63.75,24.15,0.0,76.84,0.262,0.272
S06330,56.251,20.81,0.0,80.4,56.398,19.07,10.27,60.93,24.5,0.4,81.31,0.147,0.36
S09808,58.452,23.88,22.98,79.03,58.966,16.16,0.0,54.79,21.12,0.0,68.95,0.514,0.185
S06649,70.238,23.17,0.83,73.4,70.48,23.48,7.97,81.46,23.68,16.93,71.7,0.242,0.296
S01200,50.306,26.37,12.99,65.92,50.787,17.8,0.0,72.53,23.4,0.0,68.36,0.481,0.285
S05071,49.206,18.09,0.0,51.44,49.288,21.51,0.0,63.16,21.75,0.0,74.24,0.082,0.296
S06841,72.938,21.13,0.0,63.15,73.223,20.01,0.0,83.43,22.12,18.43,71.78,0.285,0.34
S00035,70.308,20.79,0.0,63.59,70.435,21.63,0.0,65.53,20.44,0.0,73.51,0.127,0.152
S00215,55.515,27.64,0.0,68.57,55.715,18.88,0.0,72.46,24.14,4.09,68.0,0.2,0.28
S02871,58.72,25.69,0.0,60.79,58.884,17.98,0.0,81.05,27.11,18.42,86.7,0.164,0.616
S05147,51.648,23.45,1.02,62.34,52.061,24.83,0.0,78.95,24.58,23.42,71.96,0.413,0.637
S03510,59.659,27.47,1.87,74.15,60.099,20.39,3.42,75.07,25.22,6.37,80.74,0.44,0.253
S09316,60.646,23.18,22.85,91.08,61.125,21.69,0.0,78.58,18.8,0.0,57.68,0.479,0.105
S09857,63.462,27.23,0.0,62.13,63.64,25.52,0.0,80.58,23.84,0.1,67.51,0.178,0.255
S03620,69.61,20.1,0.81,65.51,69.753,25.18,0.0,61.84,25.11,5.84,66.07,0.143,0.225
S05793,69.128,19.55,0.0,65.72,69.335,19.53,0.0,71.94,23.71,0.58,67.49,0.207,0.161
S00651,68.849,15.8,0.0,70.45,68.901,25.47,0.0,78.59,22.27,12.63,72.17,0.052,0.298
S04231,54.976,21.23,0.0,66.36,55.158,27.27,5.3,74.13,17.92,6.63,57.11,0.182,0.149
S09982,67.541,19.33,0.0,60.65,67.689,24.96,16.49,68.0,22.12,23.3,74.99,0.148,0.412
S08514,65.751,25.83,2.46,57.47,65.995,21.1,3.87,64.71,26.25,33.24,80.3,0.244,0.596
S03255,53.465,17.77,9.29,78.51,53.734,24.24,0.0,86.22,19.69,14.98,62.1,0.269,0.321
S07706,65.242,21.94,0.0,66.05,65.434,24.42,4.13,57.71,21.84,3.44,64.26,0.192,0.25
S05555,63.272,21.9,1.9,70.68,63.442,24.0,0.0,58.16,26.52,6.72,79.72,0.17,0.402
S00412,58.757,25.13,0.0,67.62,58.958,20.89,0.0,70.26,24.71,0.0,71.95,0.201,0.265
S07073,74.655,25.07,0.0,68.86,74.876,25.36,0.0,75.4,22.92,3.49,65.63,0.221,0.107
S00204,59.905,24.67,0.0,76.48,60.174,18.45,0.0,68.01,25.37,22.13,71.52,0.269,0.574
S06511,51.249,20.12,1.38,56.14,51.462,26.51,14.07,67.84,22.97,0.0,77.3,0.213,0.376
S02727,73.739,25.57,0.0,82.33,73.929,22.1,6.81,77.2,27.25,3.52,64.41,0.19,0.233
S02637,71.051,16.39,0.0,54.21,71.061,19.86,0.0,66.29,25.88,0.36,67.88,0.01,0.138
S09894,68.18,25.8,1.45,67.6,68.656,18.15,0.0,64.3,22.24,5.24,63.96,0.476,0.184
S00449,58.897,21.6,1.17,56.21,59.094,23.4,2.03,70.18,22.94,4.81,74.05,0.197,0.35
S01317,44.573,20.08,0.0,71.77,44.897,12.0,0.0,71.17,17.76,2.78,60.56,0.324,0.231
S08163,59.076,23.93,9.49,58.61,59.436,22.87,0.0,79.63,20.72,0.0,57.52,0.36,0.14
S03768,62.969,21.92,0.0,83.45,63.162,25.36,1.25,72.73,22.21,4.37,52.14,0.193,0.127
S07235,69.528,26.79,0.0,65.3,69.789,18.16,0.0,62.63,19.9,3.43,73.29,0.261,0.134
S03596,64.087,28.37,19.32,78.62,64.595,25.85,0.0,70.06,17.48,4.85,66.9,0.508,0.154
S01164,72.012,18.45,0.0,73.91,72.299,20.0,0.0,55.16,24.04,0.87,67.11,0.287,0.102
S05576,51.84,25.58,12.02,79.21,52.213,24.85,0.0,72.54,22.55,23.83,82.58,0.373,0.564
S07041,45.636,18.27,0.0,81.15,45.885,16.73,0.0,71.17,23.97,14.62,69.92,0.249,0.443
S09030,67.621,23.45,0.0,77.53,67.859,29.1,0.0,58.84,22.55,0.0,61.12,0.238,0.092
S04528,59.624,19.91,17.39,66.26,60.187,21.4,9.67,69.29,23.86,0.64,69.15,0.563,0.268
S01617,69.55,22.7,10.25,67.06,69.949,24.01,0.0,75.72,23.43,3.87,74.34,0.399,0.153
S01035,60.968,24.08,0.0,83.66,61.342,24.58,0.0,63.69,26.54,25.47,72.12,0.374,0.504
S09448,61.295,28.5,14.6,75.36,61.828,19.99,0.0,73.91,20.91,1.33,56.19,0.533,0.139
S06899,61.734,24.29,5.28,75.15,61.979,18.23,0.0,62.36,24.63,0.0,88.76,0.245,0.323
S09181,58.724,22.97,0.0,61.58,58.971,24.77,0.0,75.58,27.48,24.68,61.35,0.247,0.617
S01162,62.773,22.25,0.0,64.91,62.974,18.87,0.0,75.47,22.7,0.0,66.12,0.201,0.235
S01107,72.392,24.47,0.0,69.73,72.644,25.16,0.0,66.77,27.81,0.0,76.71,0.252,0.163
S01894,62.884,22.32,0.0,80.45,63.046,20.78,0.0,83.62,15.27,0.0,70.07,0.162,0.082
S03035,81.933,21.33,0.0,71.81,82.117,18.19,7.79,72.04,19.05,0.0,62.06,0.184,0.049
S08059,67.733,20.71,0.0,63.05,67.902,25.93,0.0,56.95,24.51,0.0,60.4,0.169,0.172
S07635,60.745,27.3,0.0,74.33,60.999,19.84,0.0,54.9,24.46,8.24,65.5,0.254,0.334
S09813,53.027,21.45,0.0,75.72,53.56,21.73,0.0,60.35,25.61,14.17,61.76,0.533,0.424
S05984,68.024,23.73,0.0,72.27,68.297,22.26,3.95,64.34,25.14,38.04,73.04,0.273,0.507
S03438,61.998,21.41,0.0,56.13,62.116,17.91,0.0,65.66,16.23,11.61,62.68,0.118,0.179
S08329,57.492,19.67,0.0,67.33,57.734,26.72,0.0,68.23,23.62,0.0,73.3,0.242,0.33
S01670,58.379,24.87,7.27,74.89,58.681,25.74,14.74,62.73,26.33,24.02,76.52,0.302,0.579
S04286,68.773,21.18,0.0,70.58,68.869,16.28,0.0,65.38,19.3,5.65,56.52,0.096,0.067
S07766,58.96,25.32,0.0,71.78,59.218,16.92,0.0,58.89,23.37,7.65,81.77,0.258,0.412
S06586,67.984,22.87,0.0,71.39,68.221,17.92,0.0,64.64,29.76,4.89,65.77,0.237,0.272
S02672,76.669,22.32,0.0,76.89,76.816,25.13,0.0,76.01,23.17,20.15,66.29,0.147,0.243
S07032,57.578,18.62,0.0,68.71,57.815,19.12,0.49,61.09,21.52,16.32,72.28,0.237,0.374
S03634,43.66,20.5,0.0,62.65,44.071,23.68,0.0,82.05,21.98,13.64,53.4,0.411,0.409
S00490,70.785,26.91,2.88,68.75,70.951,20.94,0.0,78.24,29.81,3.2,87.31,0.166,0.43
S01178,47.009,22.77,0.0,88.42,47.499,21.82,0.0,77.84,16.04,5.6,69.46,0.49,0.261
S03001,65.095,27.6,0.0,48.72,65.314,17.51,0.0,76.96,21.25,2.1,57.54,0.219,0.086
S09450,62.366,19.41,0.0,70.36,62.464,29.16,12.7,82.47,17.46,1.67,76.41,0.098,0.17
S04607,69.037,18.49,0.0,67.15,69.211,27.43,0.0,58.88,26.75,7.54,51.96,0.174,0.169
S06697,54.969,24.16,27.85,93.04,55.627,25.25,0.0,79.67,24.29,14.87,63.78,0.658,0.447
S06407,67.288,26.92,0.0,62.46,67.49,24.83,0.0,70.11,23.95,0.0,64.31,0.202,0.188
S08104,58.284,22.21,0.0,63.29,58.648,22.85,5.21,69.87,21.74,1.75,61.76,0.364,0.203
S06969,64.055,21.28,2.9,59.6,64.251,25.31,9.96,73.61,24.03,0.0,72.42,0.196,0.184
S01165,68.689,18.76,0.0,81.37,68.861,16.81,2.1,63.86,25.35,0.0,70.87,0.172,0.26
S04177,57.711,18.58,0.37,61.99,57.861,24.04,0.0,73.71,23.12,1.17,67.67,0.15,0.245
S07905,67.858,25.01,9.91,58.88,68.237,27.07,4.4,71.9,22.38,0.69,70.52,0.379,0.157
S02775,68.885,16.25,0.0,55.04,69.041,24.7,14.3,57.27,24.44,38.82,65.24,0.156,0.533
S04891,61.045,24.04,0.0,67.65,61.399,28.64,0.0,82.01,21.6,11.55,66.94,0.354,0.3
S03057,67.247,18.02,0.0,78.21,67.489,23.14,0.0,57.49,24.38,11.38,64.33,0.242,0.28
S03717,68.919,19.6,0.0,61.59,69.082,15.89,0.0,80.15,27.0,18.54,57.26,0.163,0.354
S09378,67.642,22.15,0.0,68.01,67.871,15.22,0.68,69.55,20.63,1.56,66.2,0.229,0.083
S08084,63.103,26.47,0.0,83.37,63.366,23.42,6.44,75.44,21.92,0.0,73.26,0.263,0.242
S08259,63.276,22.08,0.0,58.97,63.473,23.31,1.19,67.37,23.02,13.55,63.81,0.197,0.311
S05795,66.077,24.39,0.0,73.01,66.278,18.5,0.0,72.24,18.03,3.12,66.03,0.201,0.069
S01750,55.887,22.94,17.83,61.43,56.403,28.06,0.0,69.14,20.85,20.23,70.8,0.516,0.347
S08701,74.613,17.82,0.0,76.86,74.69,19.27,13.65,80.95,22.18,16.17,58.19,0.077,0.222
S03157,58.946,24.72,0.0,69.59,59.234,22.59,20.56,80.45,20.21,0.0,68.97,0.288,0.2
S02894,67.447,28.08,0.0,67.85,67.735,19.92,0.0,75.83,24.42,15.1,75.39,0.288,0.513
S05413,66.043,18.6,0.0,69.17,66.122,29.13,0.0,72.67,25.12,2.38,70.63,0.079,0.224
S07740,65.806,23.64,5.95,72.25,66.065,24.17,0.0,88.09,20.5,4.37,81.18,0.259,0.214
S02403,70.902,21.89,0.0,77.9,71.054,21.74,3.42,68.74,18.92,0.58,69.14,0.152,0.051
S01088,50.235,24.57,12.64,88.83,50.667,22.93,0.0,63.2,23.35,0.0,56.99,0.432,0.192
S00955,58.325,24.19,0.0,70.04,58.682,14.57,0.0,58.46,22.32,0.0,89.98,0.357,0.37
S02266,61.456,27.45,0.0,68.43,61.805,18.71,0.74,72.15,20.97,0.46,58.73,0.349,0.153
S07096,59.984,25.36,0.0,77.23,60.223,20.31,0.0,72.94,18.0,28.13,64.97,0.239,0.443
S06983,50.946,26.63,0.0,73.68,51.378,23.17,0.0,77.18,27.51,5.13,74.57,0.432,0.429
S06372,57.309,16.72,0.0,68.18,57.484,20.39,0.0,46.56,24.03,0.58,68.0,0.175,0.255
S07711,60.947,26.2,11.64,75.17,61.392,26.57,0.49,75.25,27.88,6.88,71.93,0.445,0.365
S04321,54.591,26.27,0.0,72.59,54.837,21.36,0.0,68.39,22.46,6.03,67.83,0.246,0.189
S03347,71.638,22.75,6.16,68.91,71.887,20.13,0.0,61.4,23.45,17.86,59.53,0.249,0.333
S06304,54.725,24.51,0.0,67.51,54.97,22.46,10.1,79.91,20.53,0.0,65.09,0.245,0.233
S02426,71.54,23.21,0.0,58.28,71.55,21.9,0.0,67.13,23.08,2.73,58.35,0.01,0.11
S01116,66.209,29.1,2.86,94.58,66.628,23.83,0.0,70.47,17.94,0.51,59.82,0.419,0.01
S04902,59.56,26.11,2.46,75.33,59.963,21.04,0.0,61.01,24.13,0.0,69.76,0.403,0.202
S07326,74.329,29.86,0.0,70.78,74.514,25.18,14.46,65.29,23.26,0.61,69.96,0.185,0.093
S04875,71.878,18.81,0.0,80.79,71.958,18.69,0.0,72.65,19.49,0.33,63.76,0.08,0.047
S00898,54.855,15.22,7.01,79.4,55.073,28.3,0.0,69.67,21.48,0.0,64.7,0.218,0.223
S05009,80.989,29.57,0.0,88.1,81.187,18.93,0.0,81.31,26.35,0.0,86.63,0.198,0.232
S01236,68.205,19.47,0.0,70.32,68.254,21.02,0.0,64.58,27.28,11.89,70.69,0.049,0.402
S02211,71.599,22.53,4.19,74.22,71.937,19.76,0.0,74.76,24.82,41.02,64.69,0.338,0.562
S03681,52.845,24.91,0.0,71.13,53.106,23.88,0.0,70.78,23.8,4.72,68.22,0.261,0.311
S07453,53.135,25.67,0.09,77.99,53.894,20.96,2.03,67.64,20.26,0.0,72.2,0.759,0.276
S02552,46.032,22.64,0.0,73.74,46.464,26.37,11.34,74.36,26.28,0.0,71.6,0.432,0.451
S04900,62.012,22.61,0.0,79.65,62.286,23.52,6.28,51.16,18.67,0.0,69.83,0.274,0.18
S03239,72.179,26.0,0.0,73.69,72.418,21.95,0.0,77.74,23.77,0.0,70.95,0.239,0.171
S03248,55.634,18.67,0.0,63.56,55.937,24.12,0.0,75.21,25.36,4.31,71.79,0.303,0.332
S04462,59.79,23.17,0.0,73.29,60.045,22.94,0.0,72.16,21.46,0.0,65.47,0.255,0.196
S07459,58.797,24.77,0.0,72.82,59.075,17.31,0.0,63.15,22.92,0.0,54.85,0.278,0.148
S00299,78.052,25.06,0.0,73.7,78.114,21.96,0.0,77.0,17.51,4.03,56.0,0.062,0.023
S06760,59.331,24.75,0.66,75.54,59.639,27.21,0.0,75.56,16.99,0.48,57.41,0.308,0.127
S09806,60.811,26.38,0.0,58.39,61.001,28.82,0.0,79.49,24.06,0.0,76.92,0.19,0.296
S09757,62.293,21.87,0.0,71.16,62.575,23.61,0.0,78.41,29.26,12.89,78.22,0.282,0.428
S05530,64.985,16.26,0.0,64.2,65.135,18.87,1.66,64.72,26.14,0.0,61.92,0.15,0.227
S06996,55.978,19.5,0.0,54.98,56.22,28.73,0.0,84.2,19.73,10.71,66.41,0.242,0.327
S09896,66.781,19.49,0.0,68.01,66.92,16.36,0.0,65.61,23.63,14.82,79.67,0.139,0.416
S06877,57.382,22.17,12.48,77.8,57.701,25.23,1.61,67.98,16.88,0.0,70.5,0.319,0.091
S06720,71.51,21.45,7.79,69.15,71.899,24.55,0.0,74.92,24.31,8.08,75.77,0.389,0.31
S04746,58.455,16.36,0.0,78.82,58.616,16.62,0.0,70.42,24.82,0.0,72.22,0.161,0.249
S08252,64.673,21.41,5.81,69.03,64.815,28.02,0.0,67.3,21.98,0.0,55.36,0.142,0.107
S00548,65.78,23.7,0.0,71.82,66.007,26.8,0.0,77.15,23.77,1.42,76.76,0.227,0.249
S01195,49.13,23.47,0.0,72.84,49.38,27.72,0.0,52.88,25.1,0.61,83.0,0.25,0.437
S05895,58.575,23.72,1.94,68.29,58.822,26.41,0.0,81.21,19.22,0.93,70.54,0.247,0.137
S00122,61.394,24.86,0.0,73.26,61.671,19.28,0.0,70.89,23.49,0.06,58.68,0.277,0.183
S05983,69.471,17.33,0.0,59.64,69.545,24.18,0.0,84.6,24.12,1.6,70.45,0.074,0.243
S09428,57.843,23.28,2.21,68.55,58.21,18.88,0.0,59.43,20.53,0.0,76.83,0.367,0.265
S03224,50.991,22.67,0.0,65.02,51.26,28.38,5.83,72.22,21.69,9.41,67.36,0.269,0.306
S03973,63.065,18.59,0.0,66.3,63.154,25.44,0.8,56.23,27.07,25.01,61.28,0.089,0.518
S04687,65.287,23.29,0.0,65.9,65.44,24.4,0.0,78.23,25.22,0.0,79.26,0.153,0.265
S06357,64.912,21.29,0.0,63.19,65.168,27.51,0.0,60.23,29.57,9.41,84.13,0.256,0.452
S05836,57.869,24.25,0.0,67.06,58.228,25.15,0.0,67.14,25.62,1.51,68.25,0.359,0.281
S05187,53.421,28.2,9.65,80.99,53.906,22.84,0.0,66.15,22.65,1.74,77.84,0.485,0.411
S08481,60.875,18.45,0.0,67.77,61.06,24.72,0.0,80.5,23.81,0.0,65.41,0.185,0.29
S02039,62.238,25.79,0.0,73.51,62.46,20.18,0.0,79.78,23.7,13.17,75.62,0.222,0.387
S04180,67.531,18.03,9.54,69.47,67.751,20.21,0.0,66.9,25.49,5.8,60.17,0.22,0.166
S04354,52.967,21.56,0.0,75.05,53.322,27.58,5.41,93.94,21.36,3.45,71.48,0.355,0.187
S06424,59.037,21.36,0.0,62.82,59.301,27.97,0.0,66.53,23.23,0.0,70.93,0.264,0.288
S03852,50.762,19.73,0.0,80.23,51.033,31.0,0.0,82.45,23.03,0.0,71.32,0.271,0.204
S07965,52.278,21.85,0.0,82.09,52.606,25.01,0.0,73.67,23.45,1.9,72.6,0.328,0.338
S04502,51.393,28.92,0.0,57.87,51.749,24.47,9.63,63.42,21.6,4.37,82.97,0.356,0.323
S03971,69.811,26.25,0.0,69.83,69.988,26.6,0.0,90.44,26.82,19.73,70.32,0.177,0.352
S01558,56.925,28.12,3.64,80.1,57.332,22.61,0.0,71.27,21.83,0.0,75.53,0.407,0.292
S01095,73.705,17.01,0.0,63.61,73.964,25.08,0.0,72.76,25.52,17.26,69.23,0.259,0.307
S05289,61.54,23.61,1.68,72.24,61.82,25.93,0.0,65.42,24.21,3.18,71.19,0.28,0.249
S02238,66.286,17.83,5.93,60.01,66.436,21.09,0.0,70.25,25.67,0.0,68.53,0.15,0.213
S03470,51.455,19.94,0.0,62.85,51.669,24.94,12.17,62.99,21.95,36.16,80.68,0.214,0.67
S02350,62.292,24.26,0.0,82.19,62.613,22.96,0.0,68.2,22.44,0.0,72.32,0.321,0.199
S03171,49.022,20.91,3.28,67.2,49.321,19.53,0.0,64.4,18.22,2.41,75.06,0.299,0.249
S01307,56.139,24.16,0.0,67.81,56.389,20.2,0.0,70.21,21.1,2.75,60.75,0.25,0.161
S04500,57.49,21.36,0.0,78.26,57.901,26.22,0.0,59.31,22.62,0.0,67.31,0.411,0.165
S01952,67.945,15.54,0.0,53.29,68.049,15.51,0.0,67.48,20.49,3.73,69.73,0.104,0.123
S07233,67.29,22.62,0.0,66.78,67.469,27.02,0.0,52.36,20.52,16.25,72.11,0.179,0.319
S02318,61.619,21.41,19.6,77.82,62.0,26.23,0.08,76.69,20.95,3.93,70.54,0.381,0.202
S05196,44.336,26.18,1.81,65.68,44.756,18.93,0.0,71.31,21.6,0.81,67.89,0.42,0.324
S05565,64.589,23.48,0.0,53.78,64.787,24.56,0.0,86.56,19.91,0.0,64.74,0.198,0.104
S04002,62.509,29.68,0.0,73.44,62.873,20.22,0.0,73.22,23.34,9.84,64.36,0.364,0.278
S06006,68.244,31.22,4.17,78.29,68.614,23.1,0.0,76.15,26.37,0.0,69.55,0.37,0.295
S08526,58.965,24.6,0.85,75.87,59.287,20.4,0.0,57.29,25.12,11.11,76.43,0.322,0.411
S00553,66.567,24.19,0.0,62.51,66.69,20.25,0.0,76.59,21.95,1.98,66.11,0.123,0.201
S01992,55.391,23.92,0.0,65.27,55.731,22.72,0.0,73.48,25.12,4.07,64.13,0.34,0.308
S02393,53.544,22.0,0.0,60.78,53.951,16.17,0.0,60.87,25.15,0.0,49.73,0.407,0.27
S04710,62.067,26.07,0.0,67.49,62.388,16.52,5.5,63.89,26.9,2.61,71.44,0.321,0.334
S02511,67.219,19.83,0.0,71.18,67.385,23.64,0.0,55.45,24.97,0.0,59.65,0.166,0.156
S00593,72.159,26.6,0.0,61.18,72.295,24.44,10.48,63.64,27.29,0.29,72.08,0.136,0.339
S00034,44.496,19.76,0.0,65.34,44.814,13.56,0.0,60.07,21.35,0.0,71.27,0.318,0.355
S05605,60.987,25.52,0.0,73.31,61.278,18.61,0.0,72.76,21.74,0.0,67.65,0.291,0.109
S04743,48.567,18.91,0.0,53.41,48.766,23.74,11.09,66.49,24.1,1.03,75.77,0.199,0.327
S08926,43.075,27.19,0.0,81.77,43.609,26.18,0.0,77.62,24.22,10.4,59.2,0.534,0.335
S06352,70.414,27.84,5.88,73.7,70.748,17.64,0.0,66.35,24.76,0.0,74.62,0.334,0.127
S05808,66.828,24.92,0.0,68.44,66.942,22.89,0.0,78.02,24.23,0.0,74.96,0.114,0.273
S01694,55.575,29.12,0.0,48.2,55.989,17.53,16.64,65.7,21.88,0.0,63.95,0.414,0.191
S04175,61.45,25.15,0.0,74.6,61.937,19.96,0.0,74.29,26.86,1.59,82.68,0.487,0.29
S06868,68.375,21.52,0.0,74.94,68.551,15.93,0.0,66.06,24.21,5.39,64.95,0.176,0.177
S05609,49.727,28.5,0.0,69.08,50.11,21.4,0.0,69.18,21.27,1.29,84.21,0.383,0.334
S02126,61.014,23.91,0.0,82.16,61.412,16.8,6.11,79.44,21.67,28.34,65.04,0.398,0.46
S00502,70.243,25.49,1.04,87.75,70.397,24.13,0.0,73.09,19.51,2.87,61.65,0.154,0.089
S04223,77.229,23.85,0.0,60.64,77.426,20.01,11.2,66.07,21.52,0.0,68.28,0.197,0.061
S09615,54.745,18.79,0.0,61.27,54.869,27.82,0.0,71.45,19.07,0.92,56.08,0.124,0.087
S02486,56.372,18.29,0.0,54.44,56.6,23.67,0.0,65.32,22.2,0.0,70.76,0.228,0.191
S07707,62.162,20.54,0.0,60.83,62.218,19.77,0.0,78.83,25.13,0.68,73.68,0.056,0.291
S06749,73.465,22.48,1.29,67.76,73.62,23.01,0.0,56.8,26.67,0.0,67.16,0.155,0.161
S08556,52.048,28.35,0.0,72.4,52.454,22.46,0.0,73.89,22.83,23.75,70.61,0.406,0.581
S00946,55.84,26.56,5.68,89.22,56.257,21.51,0.0,55.87,25.0,9.5,56.27,0.417,0.321
S00224,67.398,22.22,2.16,62.31,67.547,19.33,0.0,70.05,17.54,1.35,50.67,0.149,0.04
S01192,43.146,25.2,33.4,69.15,43.844,23.9,0.0,63.67,24.86,0.0,71.79,0.698,0.432
S07068,57.632,26.09,16.37,66.47,57.992,25.25,0.0,79.42,23.98,3.9,66.0,0.36,0.325
S09349,60.078,23.48,8.02,60.53,60.265,22.58,0.0,69.33,22.33,0.0,61.55,0.187,0.199
S03819,61.108,23.27,0.0,79.16,61.32,24.77,0.0,56.73,25.0,11.95,71.04,0.212,0.338
S00860,69.254,23.53,18.35,56.1,69.603,22.67,10.77,84.92,25.74,18.42,66.98,0.349,0.438
S05797,65.325,22.67,0.0,67.68,65.546,23.78,0.0,75.28,22.29,1.62,67.65,0.221,0.152
S01967,63.817,22.52,12.62,67.37,64.083,26.57,0.0,62.53,24.53,0.0,66.31,0.266,0.19
S06268,55.654,24.19,0.0,76.9,55.908,27.41,0.0,65.5,22.97,0.04,76.27,0.254,0.228
S08161,53.831,16.75,0.0,51.33,53.86,26.58,0.42,65.87,18.16,0.0,68.17,0.029,0.185
S05327,64.095,18.53,0.0,60.26,64.441,24.92,0.0,74.05,27.36,0.0,68.1,0.346,0.284
S08700,52.335,19.36,8.14,55.58,52.644,16.06,0.0,68.78,27.79,0.0,72.3,0.309,0.394
S08232,59.825,24.39,0.0,76.75,60.076,24.89,0.0,58.22,22.16,0.0,66.9,0.251,0.175
S02460,63.444,22.37,4.86,70.24,63.58,25.74,5.52,83.64,20.61,0.0,71.05,0.136,0.152
S09698,73.769,25.59,0.0,69.04,73.952,21.85,6.7,85.62,22.41,0.0,69.9,0.183,0.088
S04172,57.02,25.38,0.0,72.65,57.203,26.79,0.0,71.5,25.9,0.0,74.17,0.183,0.367
S07165,67.335,26.19,10.06,62.22,67.617,18.14,0.55,67.5,29.95,3.91,73.47,0.282,0.279
S04857,49.392,26.18,0.0,64.59,49.67,25.05,0.0,76.57,20.43,4.35,77.13,0.278,0.305
S02845,56.627,28.64,0.53,56.95,57.188,19.06,0.0,54.93,22.15,0.0,56.73,0.561,0.185
S09154,65.129,26.98,25.41,86.75,65.618,23.68,14.57,68.47,16.74,2.83,68.5,0.489,0.071
S03151,62.598,22.19,0.0,65.33,62.824,21.87,0.0,63.64,22.27,5.88,66.15,0.226,0.239
S06402,70.074,23.81,2.44,75.33,70.327,23.68,0.0,72.45,21.95,22.96,78.54,0.253,0.413
S09666,58.7,26.73,0.0,74.62,58.881,22.96,0.0,61.2,26.77,8.13,87.84,0.181,0.345
S09401,66.195,28.3,3.94,88.12,66.399,23.46,0.0,65.14,23.64,0.0,70.56,0.204,0.256
S08877,60.711,24.33,0.0,83.0,60.927,17.29,0.0,64.26,25.14,1.29,67.6,0.216,0.259
S04006,63.138,22.7,0.0,80.49,63.38,22.07,0.0,60.59,25.88,6.52,74.66,0.242,0.422
S06321,55.313,26.15,0.0,84.11,55.802,23.89,0.0,60.44,27.52,0.0,64.29,0.489,0.33
S08293,83.732,25.48,0.0,70.84,83.81,20.47,0.16,84.11,26.29,0.0,61.35,0.078,0.11
S08204,56.575,18.28,2.53,60.24,56.97,19.51,0.0,76.42,22.01,2.73,51.11,0.395,0.23
S04993,62.439,28.95,0.0,63.01,62.796,26.89,0.0,78.99,21.63,1.28,71.3,0.357,0.194
S07396,59.51,22.37,0.93,60.67,59.73,21.58,0.0,75.06,23.0,0.0,78.7,0.22,0.292
S04730,66.233,22.13,7.96,55.11,66.527,21.38,0.0,68.3,28.87,8.23,76.93,0.294,0.37
S07086,53.997,25.38,0.0,78.9,54.312,26.89,0.0,67.8,21.56,0.0,69.97,0.315,0.262
S01847,44.601,22.44,0.0,64.97,44.992,15.14,0.0,57.28,22.84,0.0,85.4,0.391,0.386
S03996,84.289,27.42,0.0,66.73,84.32,23.89,22.73,67.24,20.19,5.8,83.93,0.031,0.141
S04196,53.482,17.29,0.0,70.17,53.614,23.56,6.03,60.39,25.99,17.56,77.39,0.132,0.576
S09779,56.11,26.11,0.04,85.82,56.469,21.2,0.0,69.19,23.95,3.36,68.06,0.359,0.18
S01574,55.293,25.79,0.74,75.63,55.769,26.28,0.0,59.79,24.13,0.0,77.39,0.476,0.387
S02697,73.925,22.8,0.0,71.12,74.274,25.0,0.0,75.92,18.35,0.0,67.24,0.349,0.014
S03527,69.234,19.27,0.0,71.67,69.478,18.38,1.63,57.49,19.7,4.21,58.29,0.244,0.059
S07640,65.491,20.87,7.12,51.65,65.763,20.8,0.0,91.76,18.81,12.65,63.13,0.272,0.144
S03965,60.846,25.12,0.0,67.81,61.004,19.79,0.0,57.2,25.37,1.3,72.43,0.158,0.345
S05842,59.431,19.51,0.0,55.11,59.552,26.05,4.0,63.07,18.84,0.0,70.88,0.121,0.172
S08230,58.35,15.33,10.95,58.77,58.594,27.2,0.0,65.91,28.81,36.32,71.26,0.244,0.687
S03232,54.856,23.1,5.02,78.88,55.316,20.98,0.0,67.9,20.86,4.81,75.94,0.46,0.233
S00417,63.441,21.21,0.0,60.12,63.617,23.46,5.37,67.67,22.69,3.26,72.04,0.176,0.228
S00116,55.323,29.22,20.6,73.09,55.945,21.01,6.52,74.11,22.52,1.88,72.86,0.622,0.264
S05839,54.673,23.97,0.0,70.99,54.982,23.55,0.0,67.41,22.4,2.42,71.19,0.309,0.306
S09101,66.592,25.22,0.0,87.98,66.791,18.94,0.0,72.0,26.63,11.73,63.25,0.199,0.213
S05550,88.621,19.8,0.0,69.89,88.691,17.35,0.0,69.47,26.11,0.38,70.64,0.07,0.116
S08895,79.972,12.58,0.0,69.81,80.138,20.66,0.0,90.18,19.71,0.0,67.28,0.166,0.029
S00201,76.897,18.82,7.87,52.0,77.147,24.63,0.0,64.79,25.55,1.97,64.0,0.25,0.11
S01762,56.132,26.03,0.0,73.13,56.446,18.61,0.0,64.83,25.73,0.0,64.48,0.314,0.258
S05758,56.155,24.22,0.0,71.44,56.529,18.39,3.64,75.2,22.01,2.36,70.8,0.374,0.299
S06251,59.167,21.8,5.41,75.4,59.673,18.43,0.0,55.96,24.0,10.45,70.24,0.506,0.434
S06801,62.501,23.16,0.0,65.26,62.757,21.05,0.0,69.65,16.32,3.75,66.07,0.256,0.079
S06366,40.694,31.67,0.0,87.47,41.183,24.24,0.0,55.71,29.68,0.0,63.02,0.489,0.403
S06390,64.233,23.66,0.0,75.01,64.659,21.88,0.0,68.92,19.32,0.61,76.74,0.426,0.131
S00636,70.714,21.49,0.0,78.24,70.837,23.52,12.99,69.92,18.48,2.31,71.38,0.123,0.065
S03669,70.76,25.31,0.0,75.21,70.867,23.71,0.0,62.94,32.78,1.57,74.4,0.107,0.318
S02642,63.176,27.71,0.0,68.3,63.364,28.26,0.4,63.34,24.42,9.1,71.04,0.188,0.261
S02056,55.558,24.65,0.51,80.21,55.853,25.34,0.0,69.56,29.18,1.72,66.96,0.295,0.39
S06290,68.706,20.76,0.0,58.51,68.755,27.75,0.0,63.64,25.71,1.32,73.28,0.049,0.216
S00380,69.751,26.41,5.23,72.69,70.023,18.49,0.0,66.47,22.75,0.0,64.03,0.272,0.181
S09766,53.753,21.22,0.0,66.65,54.051,21.71,0.0,67.17,23.08,0.0,75.77,0.298,0.298
S06748,65.657,21.9,0.0,63.19,65.952,26.36,16.19,75.26,21.32,0.0,68.07,0.295,0.16
S01877,75.205,17.26,3.15,69.45,75.438,27.88,2.3,61.65,25.46,0.0,65.46,0.233,0.148
S09442,64.982,23.49,9.03,75.64,65.219,28.68,1.92,70.23,19.07,0.0,65.09,0.237,0.089
S05889,47.779,14.25,0.0,62.23,47.957,23.55,0.0,67.98,23.93,0.0,72.56,0.178,0.279
S04959,51.194,20.74,0.0,80.83,51.567,26.56,9.78,75.64,22.38,21.39,68.61,0.373,0.543
S02868,59.826,26.12,0.0,68.55,60.119,24.91,0.0,81.36,25.5,0.27,75.28,0.293,0.304
S00182,57.632,27.77,11.82,74.68,58.101,26.94,0.0,68.02,20.94,0.0,59.87,0.469,0.156
S06469,63.466,22.35,10.55,79.6,63.813,24.03,0.0,77.39,26.51,0.0,55.43,0.347,0.262
S06641,58.855,22.47,0.0,62.32,59.094,21.22,0.0,70.54,26.36,9.41,69.4,0.239,0.421
S09536,57.129,24.32,0.0,82.77,57.419,26.51,0.0,61.93,20.0,0.0,60.12,0.29,0.182
S01379,56.542,22.84,0.0,71.28,56.757,15.1,0.0,69.72,15.79,19.58,62.85,0.215,0.313
S07055,72.39,26.03,0.0,83.83,72.525,28.69,0.0,69.88,21.88,15.03,75.88,0.135,0.342
S04966,65.744,18.91,0.0,68.46,65.89,23.95,13.2,83.99,22.73,0.0,76.86,0.146,0.264
S03256,76.421,25.47,0.0,61.95,76.525,14.62,0.0,57.09,21.5,1.1,65.69,0.104,0.068
S08539,67.31,22.13,0.0,76.9,67.53,16.53,0.0,61.94,18.09,12.86,70.73,0.22,0.246
S06242,66.665,28.88,2.84,75.76,66.854,29.77,20.9,63.34,24.21,9.9,81.49,0.189,0.262
S01316,71.238,16.64,0.0,69.21,71.448,28.62,0.0,74.81,14.0,11.44,69.45,0.21,0.096
S04487,63.951,22.11,0.0,61.27,64.084,24.24,0.0,71.84,21.3,2.07,77.44,0.133,0.217
S01785,68.915,25.44,0.0,85.0,69.071,22.06,1.84,69.5,22.19,0.3,74.72,0.156,0.205
S07340,54.008,22.12,0.0,79.01,54.396,27.09,0.0,64.01,20.69,0.32,85.86,0.388,0.338
S01374,54.562,24.62,0.0,65.25,54.864,18.63,0.0,77.43,20.8,0.0,75.56,0.302,0.221
S09765,59.709,19.23,8.62,72.01,60.121,17.07,0.0,74.77,20.95,4.03,64.62,0.412,0.271
S09597,62.902,19.92,0.0,68.11,63.083,20.97,0.0,65.85,24.18,2.25,56.97,0.181,0.148
S08405,56.705,21.79,0.0,61.63,57.014,19.96,5.79,71.43,25.21,0.84,73.84,0.309,0.365
S02098,49.606,25.38,13.91,70.16,50.116,19.74,0.0,57.96,19.28,0.0,64.7,0.51,0.24
S00280,59.554,23.98,0.0,74.9,59.759,23.85,0.0,67.87,22.96,0.61,67.37,0.205,0.232
S08951,55.652,23.91,0.0,75.22,55.919,26.87,0.0,67.72,19.77,7.25,70.98,0.267,0.358
S01833,61.181,25.09,0.0,69.55,61.46,18.57,0.0,79.63,25.91,0.0,80.24,0.279,0.333
S03919,54.682,26.36,35.0,85.42,55.375,22.12,7.81,79.56,22.74,0.0,66.09,0.693,0.231
S05647,59.912,23.5,0.0,81.37,60.247,23.74,0.0,79.85,24.17,0.0,72.65,0.335,0.245
S09114,57.615,17.08,0.0,53.57,57.815,23.88,0.0,63.48,25.48,0.0,57.85,0.2,0.179
S08039,71.404,23.22,2.54,71.72,71.586,21.52,5.22,65.24,21.14,0.0,64.92,0.182,0.112
S05823,46.952,25.45,0.0,59.22,47.247,19.51,0.0,71.09,25.22,0.0,87.55,0.295,0.447
S00313,61.712,24.83,0.0,80.86,62.135,19.07,0.0,64.59,26.96,19.22,71.86,0.423,0.497
S06855,72.301,24.92,7.37,66.83,72.435,18.02,0.0,59.86,23.89,0.0,70.37,0.134,0.124
S06296,56.748,26.59,0.0,60.59,57.023,17.85,0.0,67.37,18.83,1.17,66.82,0.275,0.238
S08772,61.338,23.3,0.0,80.27,61.543,23.03,31.79,72.91,22.02,1.52,77.59,0.205,0.207
S01080,57.241,16.56,6.45,67.64,57.532,17.47,0.0,73.4,23.92,0.0,72.34,0.291,0.278
S02492,63.534,22.35,0.0,75.44,63.764,25.03,0.0,65.89,23.44,2.51,71.16,0.23,0.198
S09953,63.637,22.5,0.0,71.41,63.77,19.17,0.0,57.67,23.4,29.21,72.93,0.133,0.467
S08472,63.095,24.53,1.28,74.74,63.402,25.76,0.0,93.12,19.93,0.0,62.43,0.307,0.198
S05466,70.348,25.96,0.0,74.07,70.6,17.79,0.0,61.96,28.46,1.25,62.95,0.252,0.279
S06442,74.929,27.48,0.0,79.01,75.059,24.35,0.0,79.58,21.1,0.0,65.32,0.13,0.078
S05339,70.276,22.41,0.0,60.64,70.326,23.5,0.82,63.95,19.17,2.95,68.92,0.05,0.06
S01824,40.0,27.35,0.0,67.22,40.45,16.98,0.0,60.34,23.67,1.17,59.15,0.45,0.343
S04632,63.827,20.94,10.85,78.12,64.15,23.8,0.0,63.96,17.01,0.61,71.48,0.323,0.103
S03216,73.025,23.6,0.0,67.17,73.43,30.08,0.0,64.17,22.1,9.14,64.09,0.405,0.184
S04935,51.609,22.8,0.0,65.1,51.83,27.31,0.0,72.87,22.01,9.97,57.68,0.221,0.341
S04061,66.849,15.78,0.0,82.31,66.957,22.31,0.0,66.83,22.9,7.3,69.47,0.108,0.234
S04674,50.429,20.05,0.0,64.45,50.7,18.57,5.74,80.09,25.01,0.0,67.82,0.271,0.319
S03687,46.455,13.77,0.0,67.04,46.673,19.3,0.0,80.04,28.74,14.32,67.4,0.218,0.541
S08502,53.137,25.15,7.97,70.51,53.522,20.51,0.0,68.71,20.94,0.0,67.71,0.385,0.261
S04469,63.603,32.68,0.0,66.54,63.937,26.46,9.29,81.19,28.33,0.89,74.33,0.334,0.355
S07652,66.226,18.85,0.0,66.72,66.391,22.58,0.0,61.39,24.5,35.74,77.17,0.165,0.593
S03027,78.372,23.59,0.0,73.97,78.382,15.27,0.0,61.31,29.78,7.94,63.63,0.01,0.294
S04049,73.444,27.51,0.0,76.26,73.676,26.87,3.34,83.95,22.72,5.92,67.46,0.232,0.131
S01846,56.5,23.62,20.81,74.59,57.074,27.94,4.85,81.27,20.98,8.95,62.36,0.574,0.215
S00407,65.101,23.03,0.0,71.85,65.318,20.21,0.0,72.0,23.19,23.04,79.36,0.217,0.491
S04792,87.299,25.17,5.46,71.76,87.397,15.5,0.0,72.99,23.7,4.68,75.35,0.098,0.086
S02712,40.0,22.58,0.19,69.81,40.345,27.61,8.36,66.15,23.04,2.14,80.87,0.345,0.407
S09619,59.944,25.35,0.0,69.85,60.13,25.39,0.62,67.28,26.01,0.67,66.63,0.186,0.284
S08442,57.469,23.41,0.0,72.6,57.738,19.97,5.0,79.61,22.7,2.83,66.7,0.269,0.291
S06798,46.696,21.21,2.64,65.53,47.055,23.8,17.89,67.22,22.6,0.0,69.71,0.359,0.351
S03183,68.69,18.72,0.0,68.73,68.801,26.74,0.0,92.51,25.89,0.04,66.09,0.111,0.203
S03745,56.498,28.78,0.0,74.92,56.824,24.22,0.0,77.41,21.68,2.7,56.07,0.326,0.082
S05728,63.711,18.24,0.0,62.24,63.851,27.13,0.0,82.82,26.66,0.8,82.04,0.14,0.233
S01074,57.727,22.12,11.91,81.29,58.17,28.8,15.43,72.17,21.54,0.0,60.25,0.443,0.192
S06909,58.38,21.99,2.87,57.6,58.772,27.16,1.98,63.25,22.43,0.0,63.61,0.392,0.19
S07796,62.604,28.02,0.0,67.76,62.817,24.97,15.28,78.68,21.93,0.0,76.09,0.213,0.27
S08872,71.098,17.14,0.0,67.7,71.182,17.39,0.0,76.5,18.87,0.0,84.82,0.084,0.14
S00590,64.422,23.01,0.0,73.41,64.646,23.16,20.28,77.02,25.6,0.12,58.03,0.224,0.202
S08985,56.332,26.59,0.0,72.32,56.639,22.46,0.0,71.08,22.14,0.0,68.62,0.307,0.241
S05675,66.701,22.38,0.0,73.27,66.892,21.11,0.0,75.74,22.65,8.38,65.41,0.191,0.191
S08266,62.854,21.22,5.16,71.32,63.253,24.03,0.0,60.76,23.29,4.48,80.36,0.399,0.291
S04064,62.504,21.14,0.0,62.05,62.679,24.55,0.0,80.26,21.66,0.55,70.02,0.175,0.187
S08971,68.359,27.06,0.0,58.3,68.722,17.39,0.0,71.18,19.52,1.88,63.65,0.363,0.13
S00544,66.54,17.24,0.0,70.45,66.593,24.5,2.0,57.86,20.55,0.09,72.59,0.053,0.142
S04179,52.012,24.07,0.0,61.53,52.305,22.14,0.0,68.95,21.54,9.33,73.88,0.293,0.347
S02640,63.305,19.04,4.4,76.2,63.548,21.5,0.0,78.06,20.08,0.0,63.9,0.243,0.117
S09351,49.956,24.15,0.0,72.04,50.329,12.0,0.0,68.48,21.93,0.0,67.23,0.373,0.28
S09262,55.814,16.17,0.0,68.51,55.896,21.34,0.0,62.95,23.31,8.92,62.69,0.082,0.429
S08324,66.294,25.82,0.0,82.68,66.563,25.48,0.0,71.92,23.04,0.0,74.56,0.269,0.169
S05753,55.242,16.77,3.85,73.02,55.599,25.28,0.0,73.95,25.78,0.0,74.43,0.357,0.326
S04266,58.146,26.36,4.11,85.0,58.509,21.84,0.0,74.43,23.44,9.36,62.96,0.363,0.317
S02623,55.34,15.42,0.0,66.68,55.54,25.38,0.0,71.11,26.8,12.96,73.5,0.2,0.4
S03835,74.624,20.84,0.0,63.85,74.782,18.38,0.0,60.53,22.74,0.0,89.9,0.158,0.125
S01727,66.054,26.96,3.91,89.08,66.452,28.93,0.0,59.93,20.62,9.61,74.69,0.398,0.321
S07967,57.85,22.86,18.42,80.31,58.402,15.91,0.0,48.53,25.99,1.48,83.76,0.552,0.374
S06842,67.093,19.35,0.0,63.8,67.249,27.23,0.0,74.08,18.5,3.37,74.94,0.156,0.215
S07886,68.203,24.22,1.35,81.35,68.395,24.09,0.0,79.18,25.15,0.0,71.36,0.192,0.263
S01078,68.953,21.61,0.0,61.19,69.202,26.94,0.0,73.86,22.96,5.95,66.63,0.249,0.226
S06688,60.772,15.03,0.0,66.45,61.028,22.11,2.65,68.6,19.83,23.69,64.66,0.256,0.42
S06565,69.089,22.12,4.79,70.79,69.475,23.91,2.8,74.1,24.16,0.0,71.88,0.386,0.204
S07896,62.658,14.19,0.0,64.95,63.111,25.33,2.04,72.01,22.34,3.25,69.4,0.453,0.248
S02108,68.377,26.45,0.0,74.88,68.644,28.99,1.29,74.17,25.5,0.0,82.92,0.267,0.197
S00426,66.181,25.96,18.23,75.05,66.724,25.6,2.46,74.63,23.13,18.0,71.26,0.543,0.333
S01965,61.344,23.67,0.0,77.43,61.568,22.63,0.0,72.19,22.16,21.94,80.94,0.224,0.45
S03041,59.955,22.82,0.0,73.33,60.147,17.8,0.0,55.88,26.25,3.26,67.06,0.192,0.332
S09704,65.011,21.74,8.53,66.74,65.249,17.33,0.0,46.95,27.78,15.33,69.89,0.238,0.384
S09497,64.972,25.27,4.71,69.38,65.323,26.95,3.47,81.35,21.53,9.65,83.23,0.351,0.352
S09327,65.294,24.62,0.0,66.16,65.386,21.0,1.16,67.42,19.07,0.79,58.44,0.092,0.166
S04645,77.946,29.12,0.0,78.76,78.229,25.66,0.0,74.13,18.46,0.0,76.38,0.283,0.09
S03238,59.526,23.13,0.0,65.29,59.681,27.41,0.0,68.39,23.61,0.0,69.84,0.155,0.222
S01264,74.395,22.41,0.0,72.14,74.679,31.4,3.47,75.85,18.61,4.14,72.73,0.284,0.108
S01857,64.036,22.3,0.0,78.7,64.229,23.83,0.0,72.7,24.32,8.0,75.14,0.193,0.353
S05521,59.081,23.35,0.0,62.38,59.375,19.1,8.08,61.29,25.15,5.72,67.53,0.294,0.307
S06318,76.393,18.58,0.0,69.46,76.516,17.85,0.0,67.59,22.99,0.93,82.69,0.123,0.226
S09650,57.761,22.33,7.12,75.02,58.181,27.24,0.0,86.16,21.75,0.0,71.13,0.42,0.199
S02747,72.876,23.24,0.0,60.52,73.061,17.96,0.0,62.29,22.26,10.0,62.7,0.185,0.251
S09708,49.364,20.37,0.0,78.53,49.683,24.02,0.0,80.45,22.02,0.36,75.58,0.319,0.284
S05545,73.33,22.49,0.0,67.47,73.43,17.47,0.0,63.61,27.74,2.98,64.41,0.1,0.194
S05015,60.601,26.99,0.26,75.43,60.961,21.81,0.0,68.91,20.97,7.07,60.0,0.36,0.3
S00777,59.997,22.53,0.0,72.79,60.272,23.37,0.0,73.4,19.55,7.4,64.31,0.275,0.182
S04912,52.823,21.94,0.0,83.38,53.189,19.89,0.0,65.12,21.95,11.46,59.79,0.366,0.371
S06710,51.015,15.22,0.0,71.43,51.248,25.37,0.0,64.25,23.46,4.99,69.67,0.233,0.306
S01182,76.328,23.21,0.0,74.6,76.519,20.72,5.77,79.56,25.15,0.0,68.54,0.191,0.199
S03958,69.637,24.33,0.0,76.12,69.845,20.88,0.0,70.69,25.64,3.53,69.58,0.208,0.217
S03813,66.611,21.91,2.89,73.87,66.828,23.34,0.0,63.41,21.99,0.0,64.76,0.217,0.168
S07178,58.9,24.7,0.0,81.69,59.201,27.91,0.0,64.47,19.76,11.75,71.52,0.301,0.386
S00781,83.883,28.13,34.8,72.89,84.309,19.44,0.0,76.25,25.91,0.0,76.12,0.426,0.08
S00858,58.474,25.65,0.0,89.29,58.799,28.58,0.0,75.19,24.4,7.98,78.06,0.325,0.382
S08092,68.923,24.59,0.0,73.63,69.182,23.88,0.17,68.07,21.06,1.22,78.69,0.259,0.165
S02627,80.643,23.47,0.0,81.45,80.745,12.82,0.0,61.02,22.34,0.0,73.26,0.102,0.105
S09043,54.341,27.1,0.0,65.56,54.673,15.97,0.0,79.71,25.11,18.38,68.32,0.332,0.493
S09394,66.236,24.05,35.0,74.39,66.79,21.11,0.0,57.94,22.68,4.35,76.52,0.554,0.176
S01778,70.584,19.52,24.42,68.0,71.098,17.8,0.0,62.91,19.93,23.03,73.32,0.514,0.433
S03988,62.507,23.77,4.78,65.1,62.979,19.87,0.0,66.18,22.84,0.0,73.23,0.472,0.218
S05877,82.021,19.8,0.0,85.08,82.034,24.62,2.26,81.37,25.48,29.29,71.27,0.013,0.349
S07581,68.433,20.64,0.0,71.48,68.566,25.25,0.0,70.95,24.54,4.1,65.15,0.133,0.294
S01380,53.169,23.94,0.0,64.32,53.392,17.05,0.52,69.6,25.0,0.0,69.09,0.223,0.338
S04237,67.332,16.53,0.0,69.76,67.438,14.44,1.15,58.28,25.16,0.65,76.4,0.106,0.292
S02322,56.105,24.18,0.0,66.71,56.381,24.59,0.0,55.59,24.54,4.03,69.38,0.276,0.305
S07253,57.097,24.51,0.0,75.71,57.399,23.95,0.0,67.42,20.65,1.42,71.67,0.302,0.34
S02713,59.555,23.73,11.52,84.95,59.914,15.5,0.0,57.12,25.98,0.0,82.28,0.359,0.285
S09406,65.966,19.06,17.45,59.7,66.322,27.55,0.0,70.72,25.18,8.87,61.04,0.356,0.237
S00253,68.166,17.1,0.0,61.95,68.288,23.68,5.91,56.54,22.99,11.61,66.8,0.122,0.289
S01902,75.152,29.11,0.0,57.63,75.322,15.59,0.0,77.54,19.05,27.22,78.95,0.17,0.434
S07868,43.256,22.78,0.0,66.37,43.595,20.54,0.24,59.51,21.92,0.22,72.43,0.339,0.414
S08220,59.783,20.56,0.0,57.45,59.943,17.46,0.0,46.47,26.3,2.9,79.01,0.16,0.309
S02389,65.753,27.86,8.02,63.77,66.03,28.26,0.0,75.94,21.29,0.0,67.19,0.277,0.107
S00025,71.124,22.98,0.0,64.01,71.146,16.77,0.0,57.45,22.38,0.0,65.39,0.022,0.064
S03203,56.719,22.9,5.42,62.62,56.984,25.34,0.0,71.61,21.23,0.0,53.29,0.265,0.157
S08606,55.876,24.43,30.86,80.51,56.495,22.0,2.66,57.86,22.63,2.6,70.26,0.619,0.298
S00134,66.915,22.93,0.0,63.39,67.027,25.17,0.0,62.63,21.07,10.88,62.07,0.112,0.219
S00077,62.215,23.2,35.0,57.21,62.708,12.91,0.0,53.98,24.64,0.0,72.0,0.493,0.294
S06297,64.231,14.39,5.85,61.22,64.465,23.28,0.0,60.92,21.49,0.9,70.17,0.234,0.114
S01900,77.231,23.4,0.0,65.12,77.319,17.58,0.0,61.55,29.06,7.17,60.06,0.088,0.264
S03685,62.098,25.63,1.25,66.97,62.346,24.55,0.0,70.44,21.53,4.15,71.81,0.248,0.236
S08381,72.454,31.49,0.0,69.72,72.732,18.22,1.48,63.08,22.33,0.0,61.86,0.278,0.09
S06547,53.904,25.8,5.95,65.43,54.238,24.88,0.0,59.11,21.67,3.45,58.25,0.334,0.275
S01410,65.036,22.09,19.64,63.45,65.403,20.65,0.26,61.94,24.39,0.36,78.53,0.367,0.27
S02850,64.699,26.17,5.79,74.27,65.003,20.42,0.0,64.91,28.65,0.0,57.58,0.304,0.307
S01620,75.449,25.34,4.61,61.34,75.577,18.43,0.0,61.22,24.31,0.0,66.21,0.128,0.193
S05123,43.103,17.49,4.9,53.61,43.327,18.11,0.0,58.94,22.79,15.53,79.87,0.224,0.58
S04319,62.542,22.72,0.0,61.71,62.669,29.2,0.0,62.49,21.98,1.07,67.64,0.127,0.165
S07020,57.535,25.87,0.09,57.54,57.897,24.45,0.0,61.75,15.66,10.84,75.7,0.362,0.261
S09466,65.825,28.61,0.0,63.16,66.229,25.95,0.0,62.22,22.29,0.0,60.29,0.404,0.122
S00849,64.977,26.66,0.0,72.08,65.603,19.62,0.0,63.04,19.37,34.74,64.33,0.626,0.451
S03577,46.595,23.06,14.25,61.47,47.049,27.52,2.18,82.33,24.3,0.0,63.78,0.454,0.376
S06771,61.947,23.76,0.0,75.54,62.201,25.29,0.0,74.44,20.08,0.0,70.48,0.254,0.207
S03336,88.331,17.83,1.27,65.35,88.424,22.98,0.0,80.47,21.66,2.11,71.07,0.093,0.058
S08818,59.641,23.72,0.0,68.23,59.861,24.17,2.7,70.97,23.58,6.05,59.69,0.22,0.272
S09418,60.825,20.03,0.0,49.01,61.189,22.04,0.0,78.85,26.31,5.64,63.72,0.364,0.377
S02286,58.428,18.53,0.0,60.39,58.74,29.72,15.17,79.36,25.34,7.96,73.6,0.312,0.379
S03635,74.776,25.85,0.0,70.49,74.99,24.89,15.95,67.87,21.53,4.83,66.94,0.214,0.08
S00294,68.451,23.05,0.0,67.57,68.562,18.04,0.0,78.28,24.9,9.08,83.07,0.111,0.321
S02209,63.017,17.41,0.0,67.22,63.433,23.19,0.0,73.9,20.06,0.0,70.83,0.416,0.136
S04248,55.207,18.0,0.0,69.76,55.409,29.03,0.0,80.64,22.26,3.45,64.01,0.202,0.31
S05566,53.991,25.04,0.0,73.86,54.336,20.47,0.0,79.6,23.07,1.61,81.16,0.345,0.291
S05611,69.222,16.55,0.0,63.75,69.321,26.42,3.09,59.51,25.72,16.94,70.89,0.099,0.393
S01089,78.52,17.79,0.0,65.69,78.612,25.83,0.0,56.94,22.59,0.0,85.97,0.092,0.168
S04814,61.324,15.47,0.0,65.89,61.398,26.05,0.0,73.35,20.09,0.0,81.33,0.074,0.14
S00361,65.471,21.14,0.0,74.17,65.59,23.42,0.0,85.85,27.9,0.0,77.57,0.119,0.294
S03666,69.485,24.01,0.0,84.03,69.75,23.31,4.48,77.25,24.86,3.62,80.52,0.265,0.307
S08014,67.223,21.9,0.0,62.37,67.512,20.17,5.35,75.1,21.91,0.84,57.07,0.289,0.114
S05011,65.001,23.36,0.0,64.3,65.316,21.72,0.0,64.84,24.72,4.63,71.96,0.315,0.279
S06147,63.934,27.29,2.15,52.34,64.185,15.54,0.0,70.8,20.53,0.0,76.41,0.251,0.21
S05650,50.207,25.51,0.0,81.89,50.61,26.64,0.0,74.84,20.63,1.58,54.15,0.403,0.232
S05599,54.382,26.94,11.64,74.2,54.816,16.41,7.33,56.5,21.43,0.04,63.84,0.434,0.183
S09311,56.632,21.63,10.5,68.01,56.976,23.33,15.77,81.23,19.7,1.1,56.33,0.344,0.139
S09988,58.996,28.69,0.0,73.86,59.256,19.48,0.0,75.07,20.71,0.94,64.07,0.26,0.204
S07412,72.015,21.25,0.0,71.92,72.307,18.52,3.21,75.13,19.9,0.0,62.72,0.292,0.048
S09923,62.635,25.78,0.0,70.16,62.844,17.3,0.0,55.76,22.53,3.76,73.71,0.209,0.246
S06191,63.626,22.32,0.0,97.33,63.902,25.15,0.0,70.51,21.51,0.0,66.84,0.276,0.242
S07806,72.748,17.08,0.0,63.13,72.933,23.92,0.0,78.52,21.23,15.39,75.08,0.185,0.377
S03344,58.167,22.79,8.69,74.49,58.599,21.02,0.0,68.72,23.13,0.0,70.09,0.432,0.255
S06977,61.827,16.46,0.0,78.77,61.929,28.05,0.0,86.09,23.09,0.0,84.7,0.102,0.341
S08879,52.49,22.37,0.0,71.25,52.84,23.81,0.0,79.56,22.73,0.21,83.12,0.35,0.331
S04800,60.605,31.05,5.72,73.6,61.059,26.07,24.94,55.99,22.7,1.33,66.39,0.454,0.165
S01774,54.397,20.52,4.02,68.83,54.586,24.57,20.42,60.59,24.25,0.0,71.14,0.189,0.279
S08132,57.293,22.74,0.0,71.46,57.552,20.73,0.0,51.91,21.31,0.0,78.11,0.259,0.239
S01392,62.31,22.65,0.0,70.13,62.636,26.67,6.7,68.11,16.2,0.0,54.66,0.326,0.03
S06602,69.364,20.89,0.0,77.72,69.563,17.03,0.0,67.2,27.22,4.35,64.89,0.199,0.195
S06272,61.636,21.44,0.0,68.93,61.736,23.06,0.0,76.19,19.49,6.88,74.11,0.1,0.244
S09738,49.259,21.38,2.12,74.3,49.693,25.46,0.0,72.98,22.01,8.51,64.78,0.434,0.342
S06165,53.395,22.79,0.0,69.38,53.621,17.82,0.0,80.52,22.42,0.38,54.17,0.226,0.153
S07649,59.249,21.15,0.0,78.17,59.427,24.5,0.0,62.39,23.68,7.56,81.68,0.178,0.354
S08385,63.356,14.16,0.0,72.84,63.477,21.89,2.31,69.6,22.68,0.0,79.37,0.121,0.239
S08751,62.116,15.36,0.0,62.37,62.291,26.54,0.0,80.46,26.31,1.09,56.66,0.175,0.3
S06659,65.47,23.05,0.0,63.36,65.711,25.81,4.11,73.38,19.85,0.0,69.86,0.241,0.138
S08543,67.593,17.2,0.0,78.54,67.616,18.32,0.0,68.84,24.71,0.0,75.08,0.023,0.279
S09961,54.962,22.39,0.0,67.22,55.291,17.34,0.0,55.05,21.73,8.58,63.7,0.329,0.246
S04991,60.861,26.56,0.0,70.78,61.132,27.92,19.61,75.76,24.19,0.77,66.52,0.271,0.236
S06466,66.951,18.56,0.0,67.74,67.204,19.55,0.0,68.8,25.41,2.96,64.02,0.253,0.262
S07250,65.898,23.79,0.0,60.69,66.209,16.89,0.0,71.12,24.9,7.96,66.56,0.311,0.309
S04582,57.467,18.47,0.65,56.52,57.671,26.09,0.0,68.98,21.71,5.56,66.8,0.204,0.187
S07925,63.378,24.69,11.8,65.93,63.744,20.95,0.0,71.27,23.99,0.0,70.15,0.366,0.212
S08406,57.072,23.8,6.49,64.38,57.357,20.86,0.0,76.04,20.84,0.0,64.96,0.285,0.18
S09860,40.0,27.69,0.0,79.92,40.351,27.07,0.0,68.82,25.38,0.28,71.35,0.351,0.471
S07808,64.369,17.06,0.0,79.09,64.491,15.15,0.1,70.11,21.48,17.75,70.47,0.122,0.371
S07130,61.121,22.78,0.0,78.18,61.317,21.59,4.77,80.39,24.27,1.08,79.62,0.196,0.319
S01242,51.182,12.47,0.0,69.16,51.414,23.63,0.0,73.87,20.66,0.0,74.01,0.232,0.299
S01505,73.417,17.66,0.0,62.23,73.529,24.06,0.0,60.7,24.27,7.7,55.83,0.112,0.182
S05820,71.667,23.51,0.67,74.68,71.732,19.45,0.0,60.18,22.6,1.13,71.09,0.065,0.185
S00008,58.419,26.58,0.0,74.97,58.795,27.19,0.0,57.61,18.6,2.75,60.64,0.376,0.125
S03067,63.59,16.49,0.0,75.1,63.68,22.11,0.8,62.93,27.04,0.0,67.47,0.09,0.271
S02479,72.169,21.43,0.0,69.83,72.407,31.07,3.77,57.04,22.8,23.92,69.28,0.238,0.372
S05133,70.691,17.62,0.0,56.69,70.809,20.98,5.31,60.39,21.34,0.0,60.48,0.118,0.027
S02354,40.0,26.07,0.0,54.99,40.427,19.79,0.0,73.11,22.12,0.3,62.29,0.427,0.278
S08359,57.644,23.25,22.44,57.45,58.176,15.83,0.0,73.25,20.43,0.0,77.55,0.532,0.258
S02939,52.213,25.71,0.0,71.5,52.575,26.24,0.0,77.65,23.88,0.89,68.78,0.362,0.367
S01407,54.753,26.38,0.0,51.9,55.045,22.48,0.06,66.55,20.29,0.0,67.24,0.292,0.184
S09431,61.792,23.17,0.0,80.82,61.943,25.07,6.77,90.19,24.54,0.09,80.25,0.151,0.255
S01657,64.339,19.3,0.19,72.1,64.53,20.41,0.0,77.04,23.22,0.0,72.82,0.191,0.197
S06417,59.505,16.22,0.0,54.55,59.556,18.3,0.0,65.03,24.92,0.0,75.37,0.051,0.269
S08955,75.213,21.15,0.0,87.18,75.313,19.45,0.0,62.61,25.48,7.7,82.48,0.1,0.273
S02323,61.709,15.56,0.0,77.48,61.891,19.93,0.0,57.44,23.96,14.57,81.74,0.182,0.438
S07989,74.264,19.4,0.0,62.47,74.419,26.01,0.0,63.65,21.85,0.0,68.67,0.155,0.18
S02569,50.923,21.83,15.82,84.0,51.579,28.82,0.0,79.68,25.84,7.54,68.42,0.656,0.427
S07421,58.527,21.43,13.79,65.21,58.858,21.74,0.0,73.26,21.81,3.34,77.23,0.331,0.316
S00307,66.902,27.23,5.49,67.19,67.234,15.05,0.0,68.4,25.0,0.48,70.9,0.332,0.216
S04738,56.076,17.95,0.0,82.21,56.402,21.74,0.0,76.22,18.33,2.51,62.52,0.326,0.165
S03160,57.628,16.42,0.0,64.96,57.785,25.51,15.66,62.77,24.0,6.44,66.45,0.157,0.232
S08196,71.823,24.45,15.31,74.41,72.166,20.78,0.0,81.32,24.68,24.62,72.0,0.343,0.489
S07773,53.581,22.82,0.0,76.58,53.923,18.63,0.0,78.9,22.57,1.95,57.92,0.342,0.267
S06358,65.444,27.18,0.0,82.04,65.657,16.73,3.39,76.07,22.53,24.74,57.63,0.213,0.463
S02442,55.745,20.14,0.0,58.84,56.136,24.58,12.3,74.78,23.64,4.93,67.75,0.391,0.38
S05395,48.965,26.58,6.44,78.19,49.44,21.27,0.82,70.66,19.66,1.74,79.38,0.475,0.248
S00846,61.709,23.61,0.0,78.33,61.977,25.11,1.64,72.83,25.89,0.0,73.67,0.268,0.344
S04660,40.834,17.86,0.0,51.87,41.023,21.29,0.0,80.9,24.95,5.5,75.05,0.189,0.482
S04448,68.448,19.37,7.61,80.46,68.78,19.56,0.0,71.35,23.3,0.0,72.16,0.332,0.184
S09554,63.769,21.26,9.35,77.74,64.069,20.25,0.0,86.43,22.34,20.37,61.19,0.3,0.391
S05731,57.263,27.72,0.0,74.09,57.619,20.65,0.0,78.76,25.68,15.54,71.26,0.356,0.489
S01594,71.451,21.67,0.0,65.14,71.631,23.09,0.0,74.17,23.55,18.23,69.71,0.18,0.296
S03156,54.962,20.47,0.0,69.12,55.235,24.33,0.0,79.55,23.07,0.0,77.43,0.273,0.246
S06780,79.61,17.77,0.0,60.89,79.652,27.82,0.0,72.8,23.22,1.12,58.74,0.042,0.122
S01756,60.396,24.46,1.95,58.27,60.556,18.37,0.0,64.66,28.82,2.35,62.2,0.16,0.36
S00689,62.279,21.84,0.0,62.81,62.421,22.04,12.47,69.93,25.39,5.0,63.84,0.142,0.258
S02659,76.276,25.08,0.0,60.54,76.357,18.83,0.0,80.54,21.94,3.49,60.69,0.081,0.097
S04470,60.524,22.56,0.0,57.9,60.736,15.89,0.0,83.56,22.34,0.11,67.56,0.212,0.173
S02938,71.352,23.99,0.0,73.65,71.524,22.05,1.98,60.6,21.87,20.32,64.76,0.172,0.268
S08008,49.193,17.3,0.0,68.53,49.464,24.33,31.21,64.8,22.73,11.93,76.48,0.271,0.471
S07091,64.071,18.39,0.0,64.08,64.128,21.51,0.0,58.21,24.72,1.52,61.83,0.057,0.222
S09512,59.071,23.72,0.0,75.9,59.256,19.31,0.0,71.21,19.49,0.52,65.39,0.185,0.192
S09602,58.568,25.83,10.7,67.44,59.042,26.74,0.0,61.78,24.43,4.41,75.12,0.474,0.244
S04081,47.852,20.28,0.0,62.22,48.168,21.16,0.0,84.86,21.62,0.0,64.55,0.316,0.232
S05637,63.786,17.32,0.0,64.54,63.907,22.78,35.0,59.2,21.07,0.0,79.89,0.121,0.228
S08922,72.736,27.36,2.82,78.38,72.918,23.92,0.0,75.6,23.68,3.85,73.35,0.182,0.193
S05089,67.897,21.52,0.41,70.37,68.017,24.11,0.0,68.54,22.68,7.12,67.15,0.12,0.197
S00391,69.011,21.63,0.0,75.81,69.16,24.34,0.0,72.1,19.58,2.08,82.43,0.149,0.17
S04981,70.665,25.96,7.14,55.43,70.898,22.05,11.49,69.21,20.21,0.0,68.58,0.233,0.036
S08981,57.98,22.43,9.71,84.36,58.259,21.26,0.0,74.86,24.11,17.92,54.07,0.279,0.321
S01457,69.963,22.91,0.0,79.03,70.144,26.78,0.0,76.15,27.39,1.25,76.0,0.181,0.231
S02998,71.513,22.41,0.31,62.71,71.721,20.0,0.0,69.6,18.74,0.0,68.85,0.208,0.041
S04070,57.635,25.75,0.0,67.04,57.974,20.62,0.0,56.49,22.52,2.14,60.18,0.339,0.24
S08674,58.191,21.8,0.0,66.42,58.451,24.76,0.0,60.39,22.87,1.46,72.99,0.26,0.224
S08883,58.441,24.55,0.0,63.79,58.818,22.44,0.0,80.36,24.3,28.86,64.89,0.377,0.494
S03205,59.614,25.15,13.87,84.15,60.007,18.27,9.71,58.83,25.73,18.46,82.48,0.393,0.47
S02772,58.077,20.78,0.0,61.39,58.36,27.51,0.0,84.24,24.85,9.43,72.09,0.283,0.398
S01521,76.192,25.87,0.0,65.84,76.308,23.83,14.73,78.09,25.15,4.89,66.69,0.116,0.198
S09800,65.471,19.1,0.0,68.23,65.547,21.91,0.0,64.63,27.87,5.55,71.84,0.076,0.312
S08884,62.782,26.68,2.66,81.33,63.085,28.17,0.0,69.76,25.9,1.25,78.6,0.303,0.313
S08822,57.743,24.94,0.0,77.81,58.094,22.25,0.0,51.05,23.95,7.63,75.68,0.351,0.328
S03400,60.073,28.04,1.0,69.05,60.43,24.05,0.0,71.11,22.45,0.0,80.19,0.357,0.281
S02779,59.179,24.43,0.19,86.18,59.474,24.02,0.0,68.23,26.46,36.85,59.23,0.295,0.582
S03844,62.872,22.11,0.0,69.04,63.152,20.58,4.48,46.9,20.86,4.11,64.52,0.28,0.279
S01981,64.875,22.56,0.0,70.52,65.001,21.66,0.0,78.43,22.63,3.5,64.96,0.126,0.201
S01351,54.663,20.91,0.0,74.86,54.85,25.91,0.0,81.62,18.73,0.0,62.8,0.187,0.141
S00654,70.628,24.74,0.0,72.07,70.761,21.53,1.12,67.21,21.27,0.0,88.15,0.133,0.174
S02582,67.266,22.57,0.0,62.66,67.528,26.24,0.0,72.57,25.32,0.0,59.53,0.262,0.142
S04368,61.946,24.29,0.0,78.77,62.142,22.77,2.35,82.14,23.7,0.0,80.69,0.196,0.339
S09919,65.764,20.11,2.4,67.58,65.962,22.55,0.0,82.93,15.43,0.0,69.06,0.198,0.027
S03778,53.369,28.17,0.0,63.16,53.925,27.33,0.0,86.08,21.7,2.74,72.18,0.556,0.245
S08483,60.27,21.12,4.83,67.35,60.462,25.41,5.58,71.32,20.94,0.0,68.95,0.192,0.212
S01455,63.299,21.9,0.0,60.59,63.553,20.08,0.0,76.53,19.5,0.0,68.43,0.254,0.189
S08467,59.202,26.37,0.0,62.26,59.524,24.52,0.0,80.57,19.02,0.0,75.34,0.322,0.225
S07944,76.156,22.69,0.0,61.99,76.166,25.9,4.84,68.16,27.53,8.23,65.47,0.01,0.307
S07548,53.019,27.42,0.0,70.52,53.299,17.52,0.6,59.22,21.99,18.62,69.58,0.28,0.409
S00998,67.232,24.39,0.0,52.22,67.566,22.19,0.0,89.31,24.64,0.0,76.29,0.334,0.232
S08116,59.733,20.04,0.0,64.41,59.98,25.15,0.0,77.27,21.97,0.0,72.14,0.247,0.147
S01579,76.188,16.23,0.0,63.28,76.364,17.27,5.18,69.85,21.45,3.27,68.15,0.176,0.138
S03998,69.075,23.11,0.0,62.06,69.275,21.66,0.0,74.72,22.83,1.81,61.11,0.2,0.165
S01840,53.296,24.99,2.07,83.51,53.688,16.75,0.0,60.22,19.72,2.1,70.21,0.392,0.268
S02008,57.158,25.91,0.0,60.42,57.626,22.34,0.0,84.43,25.69,0.0,63.07,0.468,0.284
S01625,63.45,23.61,8.16,60.05,63.745,22.99,0.98,85.05,29.07,2.85,65.47,0.295,0.303
S07583,49.345,22.28,0.0,78.09,49.672,24.26,0.0,73.42,22.33,12.73,69.59,0.327,0.406
S02417,68.939,22.29,0.0,66.43,69.13,28.01,0.0,84.31,23.72,12.12,57.35,0.191,0.22
S01684,65.473,26.65,0.02,75.17,65.767,13.6,4.25,65.13,18.92,9.54,66.11,0.294,0.2
S07799,50.146,24.05,0.0,62.52,50.468,17.12,0.0,57.61,24.27,2.15,68.28,0.322,0.336
S00096,68.942,17.81,0.0,75.36,69.058,23.2,0.0,64.14,17.76,1.0,70.17,0.116,0.079
S05928,60.648,25.8,0.0,65.33,60.83,20.39,0.0,70.86,26.07,4.45,74.7,0.182,0.274
S07092,56.011,24.78,0.0,62.56,56.328,25.87,0.0,70.84,18.97,27.16,72.98,0.317,0.434
S00775,65.666,28.15,0.0,59.63,65.77,24.1,10.28,59.98,26.8,7.31,68.53,0.104,0.275
S07827,64.469,23.5,0.0,72.28,64.774,20.31,6.25,70.34,19.07,2.19,60.3,0.305,0.121
S02227,76.769,20.59,4.99,70.29,76.855,23.93,10.26,77.5,17.53,2.86,65.55,0.086,0.055
S00165,73.541,25.26,3.14,59.87,73.869,22.88,5.26,70.18,22.09,0.0,70.52,0.328,0.126
S01108,62.077,23.63,8.27,75.75,62.454,27.78,0.0,71.53,25.86,2.84,68.07,0.377,0.319
S06473,76.858,28.15,6.43,66.34,77.065,19.56,0.0,61.15,23.93,23.09,69.31,0.207,0.346
S05134,65.177,18.55,0.0,60.56,65.371,16.12,0.0,67.61,21.58,4.54,66.92,0.194,0.195
S00984,62.697,20.87,2.22,69.17,62.858,19.61,0.0,60.64,23.73,25.24,69.52,0.161,0.368
S01444,51.951,19.2,0.0,68.2,52.283,19.87,0.0,72.18,21.71,0.0,66.55,0.332,0.225
S04914,57.149,25.91,2.56,64.78,57.434,24.06,0.0,67.81,24.15,10.28,75.51,0.285,0.326
S03115,60.698,25.35,0.88,82.34,61.112,25.84,0.0,83.88,18.1,0.0,60.29,0.414,0.16
S04541,62.328,25.52,0.0,75.32,62.569,21.5,0.0,68.53,21.21,12.84,65.11,0.241,0.324
S03831,62.492,20.1,0.0,62.44,62.726,25.19,35.0,82.72,24.32,16.16,68.89,0.234,0.345
S07558,64.218,25.72,0.0,82.29,64.509,27.84,15.34,76.25,23.75,0.0,72.74,0.291,0.184
S05954,63.657,18.77,0.0,65.8,63.903,25.02,0.0,81.99,23.94,0.0,63.64,0.246,0.225
S07679,58.843,22.85,0.0,57.91,59.185,27.95,0.0,68.12,28.18,2.17,65.11,0.342,0.383
S02532,52.134,18.08,0.0,71.58,52.358,22.18,0.0,49.82,26.28,5.34,65.98,0.224,0.481
S04208,54.678,25.24,0.0,76.51,54.977,21.33,0.0,74.15,23.62,1.27,70.83,0.299,0.324
S01477,66.165,24.8,0.0,76.14,66.459,21.12,0.0,78.65,21.83,0.0,69.16,0.294,0.208
S03542,74.319,16.81,9.32,65.54,74.426,25.92,2.56,77.83,22.48,0.0,68.84,0.107,0.136
S04086,59.605,21.89,0.0,51.73,59.739,23.27,0.0,74.63,26.45,0.0,66.48,0.134,0.286
S05950,60.131,25.05,0.73,67.0,60.287,20.18,0.0,74.87,19.88,0.0,62.23,0.156,0.175
S03726,62.075,27.09,0.0,75.85,62.385,26.65,0.34,67.92,26.69,1.69,76.14,0.31,0.327
S07627,60.487,25.51,0.0,65.43,60.783,25.86,6.24,71.99,20.95,0.0,54.43,0.296,0.162
S03154,69.807,24.38,9.61,70.21,70.003,13.28,0.0,65.99,20.63,0.0,68.03,0.196,0.132
S02199,61.128,28.36,0.0,81.34,61.503,12.32,0.0,51.76,21.85,2.79,64.34,0.375,0.211
S02138,71.732,23.14,0.0,76.94,72.023,14.61,0.0,64.83,23.6,0.45,66.88,0.291,0.183
S01686,61.281,18.87,0.88,76.2,61.421,20.78,0.0,72.87,26.96,0.74,78.81,0.14,0.342
S00090,52.289,22.99,0.0,83.23,52.65,22.15,0.0,82.07,24.35,12.35,83.93,0.361,0.508
S04443,54.087,19.99,0.0,65.16,54.261,27.44,0.0,76.83,23.88,1.91,61.24,0.174,0.271
S01383,79.526,27.85,8.05,71.01,79.751,20.23,0.0,63.46,22.21,0.13,69.59,0.225,0.01
S08003,48.915,24.39,0.0,70.95,49.282,22.49,10.31,77.37,20.29,4.08,74.88,0.367,0.292
S08244,64.527,21.42,0.0,70.88,64.697,27.17,8.48,73.15,22.13,0.0,66.01,0.17,0.206
S06610,49.56,25.51,0.0,68.85,49.895,19.0,0.0,63.82,26.95,5.24,69.72,0.335,0.405
S04685,54.795,21.32,0.0,71.43,54.932,18.99,0.0,66.61,20.62,36.83,72.55,0.137,0.676
S08540,61.883,22.88,0.0,69.84,62.157,20.12,0.0,69.38,26.49,3.88,77.08,0.274,0.392
S01864,43.585,20.92,3.83,57.29,44.046,17.44,0.0,69.36,25.31,0.0,68.71,0.461,0.398
S00344,49.971,31.54,4.43,73.41,50.448,17.99,0.0,74.41,21.15,17.42,55.49,0.477,0.346
S05039,48.907,22.94,0.0,69.19,49.161,28.35,0.0,84.61,18.21,0.0,70.64,0.254,0.207
S07433,70.875,27.79,2.68,80.64,71.194,20.68,0.0,67.77,23.73,0.0,56.5,0.319,0.167
S08438,47.625,25.32,0.0,71.9,47.868,24.82,0.0,62.25,22.25,19.66,86.52,0.243,0.584
S01253,62.277,19.04,0.0,72.67,62.491,24.19,0.0,77.63,24.28,15.18,62.49,0.214,0.357
S01229,54.992,23.52,0.0,77.41,55.35,20.06,0.0,60.39,25.29,4.66,68.23,0.358,0.334
S02626,61.31,25.01,0.0,74.14,61.51,19.87,0.57,58.86,20.65,4.73,60.62,0.2,0.108
S04629,71.103,27.0,0.0,76.42,71.244,26.09,0.42,73.61,22.64,5.4,80.59,0.141,0.289
S06978,64.955,24.41,5.99,69.62,65.141,20.95,6.95,84.83,23.5,7.27,66.86,0.186,0.301
S00328,67.98,16.99,0.0,53.56,68.19,20.55,10.69,59.95,24.23,0.0,64.21,0.21,0.201
S01497,73.088,18.44,0.0,61.75,73.361,17.74,0.0,77.09,25.86,23.45,79.06,0.273,0.457
S03267,51.803,19.05,0.0,89.1,52.181,19.46,3.71,71.28,25.03,0.0,80.34,0.378,0.381
S04516,66.856,21.46,0.0,65.53,66.974,23.41,0.0,60.63,28.21,0.0,79.26,0.118,0.293
S02847,59.142,17.72,2.26,55.32,59.46,27.45,0.0,76.48,20.01,0.0,71.68,0.318,0.189
S08724,68.527,24.41,0.0,75.73,68.718,22.93,0.0,79.95,21.62,5.08,70.92,0.191,0.086
S08257,72.253,23.5,0.5,77.06,72.42,14.03,0.0,50.61,20.83,0.0,71.34,0.167,0.048
S01820,76.84,28.41,0.0,66.72,77.143,15.45,0.0,49.29,25.85,16.09,74.05,0.303,0.286
S07794,63.03,25.29,0.0,77.27,63.294,21.49,0.0,82.4,25.48,0.0,73.9,0.264,0.255
S06789,64.311,23.03,1.25,77.0,64.502,24.54,0.0,74.03,22.53,2.68,74.67,0.191,0.168
S07637,53.657,26.38,0.0,73.89,53.955,22.46,0.0,63.11,24.33,0.67,79.67,0.298,0.325
S03974,48.749,19.14,9.13,56.52,49.016,24.31,0.0,71.5,21.31,0.0,75.24,0.267,0.344
S01150,68.471,19.17,0.0,71.39,68.614,22.37,0.0,73.22,23.14,1.02,61.13,0.143,0.267
S03567,50.146,19.17,1.0,72.38,50.502,25.33,0.0,87.71,21.72,12.32,67.46,0.356,0.431
S02037,66.681,23.31,0.0,67.08,66.954,26.51,2.81,77.24,21.07,0.0,78.09,0.273,0.22
S08948,57.471,26.64,0.0,73.23,57.81,24.61,16.26,62.0,24.67,3.3,70.83,0.339,0.259
S06443,75.655,29.15,0.0,71.51,75.792,22.94,3.92,57.51,18.77,0.91,73.02,0.137,0.068
S08966,60.519,23.37,0.28,70.74,60.77,20.61,0.0,72.65,22.11,1.4,70.14,0.251,0.217
S06029,47.02,25.23,0.13,77.4,47.505,25.66,0.0,78.09,24.02,21.68,62.54,0.485,0.556
S04123,50.532,22.85,0.0,79.18,50.784,22.63,12.12,59.13,23.81,1.48,69.01,0.252,0.253
S05156,70.425,18.05,5.04,66.98,70.508,24.44,0.0,68.3,20.16,0.0,68.49,0.083,0.087
S01194,69.292,22.67,0.0,71.88,69.469,22.38,0.0,75.35,19.8,7.4,84.05,0.177,0.228
S01556,74.044,24.35,0.0,68.07,74.351,28.14,0.0,83.63,21.91,0.04,57.43,0.307,0.034
S00115,46.069,23.36,0.0,74.78,46.409,23.45,0.0,70.98,23.11,34.23,78.91,0.34,0.735
S02889,48.946,23.46,0.0,64.84,49.229,26.96,0.0,68.5,26.19,0.0,68.43,0.283,0.317
S09730,66.334,20.65,11.72,62.95,66.697,18.93,0.0,76.82,23.92,0.0,77.82,0.363,0.231
S02331,59.743,24.95,0.0,63.15,59.896,21.8,0.0,55.81,26.37,38.59,66.2,0.153,0.703
S02312,70.117,28.24,1.23,58.69,70.333,21.91,0.0,60.32,22.49,0.0,71.25,0.216,0.162
S07609,68.754,23.12,12.46,59.73,68.923,23.37,0.0,62.01,22.59,24.45,82.85,0.169,0.476
S00897,51.603,25.51,0.0,66.07,52.049,17.84,0.0,70.74,22.46,9.14,75.83,0.446,0.354
S01377,62.495,24.95,0.36,77.78,62.76,26.13,0.0,70.67,20.66,0.01,54.14,0.265,0.075
S07712,60.191,19.58,0.0,74.06,60.454,27.07,0.0,66.94,24.43,6.27,68.89,0.263,0.371
S08919,67.538,24.12,30.26,74.11,68.168,23.05,0.0,67.81,23.86,3.15,67.61,0.63,0.175
S03810,67.159,25.22,2.45,77.58,67.447,22.1,0.0,67.61,24.93,0.0,64.52,0.288,0.136
S04075,46.085,27.6,0.0,66.23,46.443,26.99,3.16,78.77,22.8,0.0,74.13,0.358,0.301
S05669,61.84,24.96,10.34,68.99,62.232,24.33,0.0,78.72,21.35,19.82,73.95,0.392,0.33
S06648,64.526,21.64,0.0,56.56,64.71,23.94,0.0,89.05,25.89,0.0,60.61,0.184,0.277
S07710,48.958,25.83,0.0,77.51,49.229,20.4,6.59,59.83,21.18,4.73,70.88,0.271,0.296
S03176,52.006,28.11,0.0,70.16,52.447,15.64,0.0,60.17,23.31,10.37,61.02,0.441,0.277
S05733,53.279,27.03,29.81,69.76,53.942,16.69,14.35,61.73,19.19,0.76,69.37,0.663,0.176
S05346,72.857,25.43,24.52,77.24,73.193,25.39,0.0,69.77,20.83,0.6,69.41,0.336,0.119
S09260,56.312,16.65,0.0,65.24,56.779,15.2,0.0,65.24,24.13,13.6,70.38,0.467,0.415
S06456,54.335,29.15,0.0,69.95,54.706,21.63,4.37,66.48,24.02,17.73,73.35,0.371,0.474
S02723,50.978,29.77,11.05,65.34,51.395,17.48,0.0,74.85,24.92,30.85,70.41,0.417,0.702
S00119,72.244,22.0,0.0,70.94,72.47,17.45,0.0,76.73,24.54,2.13,65.31,0.226,0.175
S07429,74.642,20.21,0.0,86.4,74.827,28.54,17.81,72.77,16.72,1.1,62.69,0.185,0.02
S00044,51.919,24.48,0.0,72.18,52.232,23.47,0.0,86.95,22.12,37.33,68.6,0.313,0.642
S06805,75.959,21.71,0.0,58.23,76.376,16.88,0.0,66.99,20.98,22.89,66.23,0.417,0.267
S00369,73.607,25.95,9.15,60.41,73.817,25.33,0.0,78.02,26.12,6.26,74.61,0.21,0.259
S07690,53.901,15.2,0.0,65.34,54.167,18.09,0.0,65.15,26.34,0.0,76.51,0.266,0.333
S04481,58.601,21.02,17.22,70.21,58.913,24.53,0.0,57.9,21.16,7.56,80.46,0.312,0.285
S08185,65.715,27.64,0.0,68.78,65.912,26.68,1.98,77.7,17.66,3.02,58.54,0.197,0.114
S00621,53.291,25.41,7.86,65.17,53.733,26.6,0.0,85.48,23.46,17.95,87.32,0.442,0.533
S03319,59.856,23.25,0.0,75.73,60.093,22.37,0.0,64.55,20.48,1.64,75.23,0.237,0.215
S08947,59.278,15.38,0.0,65.71,59.34,15.76,0.0,69.33,25.13,4.19,68.92,0.062,0.279
S09345,49.817,22.27,0.0,73.01,50.12,25.8,0.0,71.08,21.25,36.23,60.78,0.303,0.639
S09319,44.427,27.7,0.0,74.09,44.907,18.43,0.0,74.88,18.45,1.56,68.77,0.48,0.292
S06463,80.522,23.75,0.0,66.86,80.608,24.31,7.01,70.54,25.56,11.49,81.99,0.086,0.209
S00046,54.167,27.68,0.0,79.59,54.605,27.2,7.47,78.4,28.76,3.32,71.46,0.438,0.375
S00455,61.652,23.72,0.0,68.04,61.896,24.39,0.0,71.13,24.42,1.15,80.04,0.244,0.364
S00414,53.988,20.69,0.0,61.88,54.612,21.62,6.57,62.07,21.5,1.3,62.95,0.624,0.23
S04369,71.806,24.95,17.09,69.71,72.148,28.52,19.6,66.5,24.36,3.09,60.74,0.342,0.075
S07076,64.477,18.61,0.0,58.91,64.651,22.32,0.0,71.77,17.99,2.29,72.06,0.174,0.135
S03088,47.097,22.5,0.0,66.14,47.522,25.33,7.85,73.08,22.19,2.09,68.61,0.425,0.323
S02950,58.514,23.26,0.0,69.07,58.669,21.36,9.23,72.61,25.94,16.35,67.79,0.155,0.452
S07554,66.032,25.71,0.0,64.7,66.244,22.99,0.0,81.85,24.25,1.57,66.54,0.212,0.244
S04717,72.489,20.26,3.34,64.63,72.694,23.22,4.99,70.03,17.18,0.0,63.45,0.205,0.066
S02034,47.906,21.53,2.95,67.01,48.339,27.41,4.87,64.83,20.2,34.9,51.67,0.433,0.585
S02551,75.5,24.46,0.0,56.77,75.638,22.37,0.0,58.48,21.14,0.23,73.91,0.138,0.171
S07129,56.625,17.62,0.0,80.68,56.96,23.79,0.0,74.46,23.15,16.03,83.37,0.335,0.368
S08117,58.636,27.32,3.37,62.11,59.251,26.8,0.0,75.85,23.54,2.61,64.18,0.615,0.262
S07852,70.264,17.99,0.9,74.88,70.573,19.1,0.0,79.75,26.14,18.66,73.91,0.309,0.322
S05816,74.868,25.96,35.0,75.98,75.462,14.67,0.0,62.35,17.93,2.45,85.64,0.594,0.107
S04590,52.163,23.56,0.0,74.29,52.482,22.07,16.47,69.72,24.25,45.0,62.46,0.319,0.809
S04092,57.236,26.46,0.0,73.55,57.427,25.86,5.21,69.58,23.43,6.2,69.8,0.191,0.2
S00179,83.965,24.31,4.32,74.8,84.116,27.57,2.5,75.77,21.37,35.61,83.51,0.151,0.469
S08577,56.361,24.79,0.0,57.12,56.534,24.51,2.0,66.39,26.16,2.2,75.9,0.173,0.278
S04274,42.836,19.19,8.77,75.75,43.357,14.76,1.03,79.58,17.8,0.0,63.16,0.521,0.173
S02032,66.233,25.54,0.0,73.92,66.518,21.3,12.11,78.66,22.88,17.05,66.74,0.285,0.365
S08119,64.626,20.63,0.0,79.71,65.065,25.33,7.01,73.08,17.32,1.28,64.49,0.439,0.065
S07663,60.96,23.81,4.87,66.28,61.243,17.38,0.0,64.92,23.35,0.0,67.4,0.283,0.193
S06857,59.324,27.45,0.0,64.12,59.66,22.93,0.0,70.29,19.46,0.55,66.3,0.336,0.169
S02506,54.012,19.76,0.0,77.05,54.195,20.01,0.0,68.37,21.14,0.0,70.62,0.183,0.198
S00632,59.711,27.28,16.12,68.72,60.055,25.27,0.9,76.14,21.05,2.8,79.52,0.344,0.314
S03418,67.504,22.46,0.0,72.81,67.972,24.38,0.0,74.24,21.52,2.39,69.7,0.468,0.174
S07364,71.226,22.69,0.0,72.59,71.624,20.88,0.0,61.01,20.57,2.81,69.09,0.398,0.177
S01314,55.347,22.64,17.12,63.09,55.729,16.36,4.4,71.31,21.24,2.05,68.26,0.382,0.231
S06152,57.264,13.98,0.0,59.26,57.349,27.91,1.58,62.22,20.55,2.2,82.99,0.085,0.325
S02796,66.978,22.98,0.0,72.28,67.215,20.96,0.0,62.78,23.38,0.0,70.88,0.237,0.228
S00893,71.758,24.89,0.0,70.26,71.856,21.52,0.0,65.69,23.39,0.0,63.69,0.098,0.085
S04715,55.095,25.29,0.0,75.86,55.449,17.05,0.0,66.82,24.69,1.76,69.19,0.354,0.376
S00726,72.086,15.04,0.0,60.8,72.504,19.73,0.0,69.39,23.77,2.63,84.58,0.418,0.189
S04972,70.745,26.78,2.64,77.83,71.009,24.23,0.0,71.98,26.23,4.39,72.62,0.264,0.151
S05744,57.22,26.62,0.0,73.95,57.443,27.03,2.14,68.95,19.05,0.0,62.02,0.223,0.099
S00895,48.732,25.45,0.0,81.88,49.14,19.45,0.0,78.42,21.79,2.28,69.35,0.408,0.251
S08017,85.676,16.79,16.26,74.69,85.877,23.9,0.0,53.69,25.13,12.04,65.47,0.201,0.167
S05478,56.49,19.22,1.71,66.22,56.795,27.25,0.0,78.49,24.29,0.0,71.71,0.305,0.234
S03168,57.598,25.69,0.0,80.12,57.852,23.96,0.0,66.26,26.61,3.0,75.28,0.254,0.321
S09197,66.642,21.64,0.0,62.74,66.829,23.47,0.0,79.13,26.56,3.78,68.95,0.187,0.301
S01406,73.78,25.63,0.0,81.07,74.093,25.08,1.26,76.74,22.3,3.05,67.01,0.313,0.129
S00460,51.362,21.09,0.0,78.04,51.755,25.89,0.0,70.37,27.19,0.0,72.86,0.393,0.359
S02862,64.462,33.28,0.0,88.54,64.797,20.55,0.0,68.02,19.61,7.77,78.99,0.335,0.298
S09713,68.628,24.97,0.0,92.44,68.838,22.83,0.0,79.88,17.82,2.34,72.25,0.21,0.112
S02879,62.04,25.58,0.0,72.11,62.172,29.52,0.97,69.12,20.11,0.62,59.41,0.132,0.081
S02104,59.304,23.16,0.0,65.01,59.486,23.53,10.06,68.56,18.92,0.02,65.66,0.182,0.141
S01849,68.983,22.2,0.0,71.38,69.199,28.32,10.49,84.46,23.03,2.74,49.95,0.216,0.16
S03828,77.519,25.57,0.0,71.96,77.586,20.38,0.0,61.97,21.59,0.0,50.4,0.067,0.074
S08278,56.934,21.11,0.0,85.27,57.193,19.64,0.0,66.31,22.84,2.95,77.07,0.259,0.203
S01134,75.08,25.76,0.0,71.13,75.288,23.67,0.0,67.29,23.57,3.98,79.77,0.208,0.198
S03469,62.974,19.56,0.0,63.64,63.116,28.18,2.61,72.88,25.47,3.36,59.15,0.142,0.22
S09310,57.44,24.86,0.0,74.99,57.661,17.78,0.0,82.74,20.56,11.03,70.74,0.221,0.343
S01984,60.518,21.47,0.0,82.54,60.674,25.52,0.0,72.63,20.94,0.46,77.23,0.156,0.236
S05635,68.329,19.06,0.0,66.72,68.405,21.41,0.0,70.42,27.07,2.3,76.1,0.076,0.232
S06871,47.624,18.51,0.0,82.23,47.972,22.04,5.81,73.91,27.18,0.0,76.89,0.348,0.383
S06942,67.796,22.99,0.0,53.63,68.058,24.89,0.0,64.34,19.36,1.39,64.68,0.262,0.101
S03491,79.095,19.32,0.0,72.53,79.236,22.78,0.0,65.5,22.65,2.71,70.65,0.141,0.059
S04276,63.651,24.44,35.0,63.98,64.188,24.07,0.0,81.11,24.75,0.75,64.6,0.537,0.181
S03484,52.182,22.27,8.43,70.86,52.672,24.05,8.94,75.95,25.09,8.28,74.2,0.49,0.406
S02390,71.894,24.97,0.0,74.7,72.056,25.3,0.0,64.36,23.53,0.0,63.47,0.162,0.183
S04831,64.514,25.46,0.0,60.17,64.618,18.7,0.0,65.57,16.3,0.0,54.57,0.104,0.018
S07252,50.402,18.17,0.0,59.52,50.599,22.24,17.3,73.75,27.16,19.19,63.69,0.197,0.581
S03676,66.642,23.45,0.0,71.31,66.796,24.5,5.57,59.38,23.42,0.0,72.79,0.154,0.209
S07692,53.278,25.94,0.0,75.65,53.621,14.43,0.0,56.33,24.29,0.0,72.59,0.343,0.333
S05882,51.193,23.3,0.0,70.33,51.575,20.27,0.0,60.57,20.18,0.83,66.28,0.382,0.223
S03584,65.109,29.45,2.43,80.18,65.414,24.45,0.0,55.91,22.77,15.58,62.41,0.305,0.318
S02283,87.762,21.13,0.0,71.24,87.822,18.9,0.0,57.22,22.49,3.39,67.67,0.06,0.053
S09853,72.509,26.91,3.23,65.84,72.917,22.47,0.0,71.0,24.24,0.0,77.48,0.408,0.156
S08042,54.185,22.16,0.0,68.56,54.496,19.75,0.0,65.27,19.59,16.13,71.29,0.311,0.354
S08068,49.234,26.57,0.0,84.63,49.684,20.34,0.0,72.76,24.97,8.54,78.77,0.45,0.433
S00993,61.795,28.12,0.0,76.03,62.073,27.69,0.9,80.9,20.92,36.84,63.81,0.278,0.478
S03482,52.252,25.38,0.0,79.63,52.581,23.19,9.23,68.64,26.55,1.01,72.42,0.329,0.333
S02041,54.979,24.77,0.0,75.66,55.241,20.49,0.0,73.73,23.96,0.0,67.53,0.262,0.274
S04209,64.284,26.21,1.05,75.85,64.454,23.65,0.0,74.69,24.31,0.0,62.41,0.17,0.197
S00319,69.642,26.71,0.0,73.83,69.892,24.49,0.0,64.9,23.34,8.04,72.06,0.25,0.229
S08706,55.717,26.54,0.13,70.25,56.045,24.47,0.0,76.27,23.83,0.0,62.61,0.328,0.273
S05821,70.601,22.1,0.0,73.08,70.746,26.59,0.0,70.96,25.0,1.01,69.67,0.145,0.167
S02334,64.527,23.3,1.62,77.91,64.749,24.93,0.0,78.6,26.13,0.0,53.0,0.222,0.186
S08996,55.736,26.76,3.35,65.34,56.107,20.67,0.0,78.77,21.25,0.0,68.07,0.371,0.244
S09870,64.201,23.96,12.65,86.22,64.549,29.86,0.0,75.2,16.66,0.0,62.59,0.348,0.097
S01424,76.476,16.98,0.0,72.22,76.552,28.76,0.0,70.03,24.58,1.79,62.56,0.076,0.128
S02951,66.836,22.31,0.0,55.23,66.946,20.75,0.0,82.97,26.1,14.03,83.68,0.11,0.489
S09127,45.799,25.5,0.0,57.55,46.104,20.18,0.0,55.75,21.24,2.3,70.91,0.305,0.353
S06425,62.676,26.75,0.0,86.31,63.092,17.69,0.0,67.66,25.18,0.0,76.2,0.416,0.339
S04725,54.391,24.44,0.0,77.76,54.639,23.49,6.42,65.51,22.99,0.0,71.98,0.248,0.314
S04703,51.038,18.57,0.0,63.92,51.195,24.07,0.0,61.13,20.27,5.17,68.62,0.157,0.269
S08765,57.377,20.5,0.0,69.31,57.64,21.07,0.0,67.92,22.53,0.0,64.42,0.263,0.248
S00583,65.442,19.67,0.0,60.36,65.609,21.25,0.0,72.87,25.76,0.12,75.85,0.167,0.23
S00852,83.87,17.49,3.33,72.26,83.987,25.35,0.0,69.96,23.09,0.0,73.39,0.117,0.162
S02163,52.901,24.68,0.0,76.81,53.207,24.16,0.0,68.53,24.25,3.5,78.06,0.306,0.321
S06623,58.885,22.97,0.0,72.75,59.179,28.25,0.0,60.74,20.7,0.0,74.01,0.294,0.176
S01536,68.969,27.4,2.02,64.94,69.358,20.43,0.0,72.38,18.13,4.9,65.7,0.389,0.182
S08361,63.44,22.08,0.0,80.88,63.764,21.92,0.0,85.7,22.06,13.69,79.32,0.324,0.296
S02918,68.912,28.68,2.86,67.86,69.031,16.74,0.0,74.5,23.13,27.24,69.93,0.119,0.466
S03457,63.263,26.83,0.0,66.35,63.654,24.45,0.0,70.43,22.07,1.89,60.81,0.391,0.161
S05331,68.079,27.65,2.07,65.08,68.335,23.91,0.0,66.46,23.27,0.13,75.91,0.256,0.217
S06409,48.334,16.96,0.0,68.62,48.724,14.68,0.0,67.16,25.02,0.25,83.34,0.39,0.367
S06821,58.892,18.99,0.0,76.37,59.166,18.34,1.26,60.52,18.28,2.13,72.0,0.274,0.159
S01157,56.119,29.63,0.0,69.0,56.453,18.69,0.0,66.34,19.19,9.93,76.77,0.334,0.294
S06718,76.217,24.86,20.96,68.57,76.631,23.08,0.0,74.24,18.17,8.94,75.35,0.414,0.155
S01311,64.001,16.3,0.0,72.89,64.109,14.43,0.0,60.66,13.92,1.72,57.26,0.108,0.04
S05814,66.709,26.05,10.9,63.88,67.053,20.61,0.0,76.53,24.25,3.48,68.48,0.344,0.232
S01176,71.178,21.21,0.0,78.09,71.233,18.93,1.68,63.01,25.34,0.0,60.45,0.055,0.201
S07837,53.853,20.76,0.0,54.49,54.078,28.82,0.0,82.89,21.99,11.07,62.81,0.225,0.326
S03142,48.631,15.3,0.0,71.42,48.893,24.55,26.31,81.72,19.7,16.93,77.88,0.262,0.478
S03535,51.948,18.92,0.0,65.53,52.238,20.7,0.0,70.91,19.53,19.53,65.39,0.29,0.442
S05687,59.353,19.79,5.0,75.43,59.755,26.62,8.27,78.21,24.47,0.0,65.37,0.402,0.297
S03801,56.695,18.17,0.31,76.57,57.038,19.99,0.0,66.7,22.55,30.79,67.39,0.343,0.56
S06470,46.08,22.9,0.0,74.02,46.388,22.96,0.0,71.11,21.32,0.0,62.82,0.308,0.257
S09058,64.191,25.3,28.54,71.27,64.697,20.91,0.0,69.29,20.75,0.0,75.95,0.506,0.104
S02975,63.681,21.2,0.0,73.96,63.923,25.95,0.0,72.78,23.78,0.28,69.85,0.242,0.201
S04423,60.229,25.55,0.0,70.05,60.491,22.22,0.0,66.04,22.47,0.0,88.45,0.262,0.251
S00456,66.77,18.69,3.26,65.43,66.891,22.76,0.0,66.38,24.08,0.57,64.02,0.121,0.147
S09617,56.039,22.52,1.62,81.72,56.369,16.21,0.0,58.09,23.05,6.97,72.55,0.33,0.364
S05198,64.19,24.96,0.0,71.27,64.453,21.58,0.0,69.09,25.23,0.0,69.15,0.263,0.284
S01213,61.893,23.35,4.17,64.63,62.236,21.16,0.0,76.98,25.65,0.0,70.97,0.343,0.289
S07458,59.202,25.53,1.83,57.75,59.398,22.4,0.0,69.65,24.89,0.09,72.01,0.196,0.307
S04776,56.149,24.62,0.0,72.74,56.425,24.33,2.48,63.54,26.63,0.0,60.19,0.276,0.304
S00053,58.282,16.76,0.0,61.3,58.418,18.76,0.0,59.23,23.12,12.14,66.16,0.136,0.337
S06385,52.128,24.28,0.0,72.7,52.456,22.82,19.64,75.22,22.12,0.0,77.76,0.328,0.318
S06881,81.2,25.92,0.0,73.85,81.349,25.92,2.98,75.31,27.76,0.0,69.65,0.149,0.215
S06049,65.317,20.56,0.0,55.38,65.425,25.26,0.0,54.23,23.11,13.59,66.17,0.108,0.272
S05191,55.112,25.63,0.0,72.61,55.462,17.9,0.0,76.77,19.11,0.34,64.86,0.35,0.213
S07201,71.916,27.69,0.0,76.55,72.007,18.44,0.0,64.01,23.65,0.0,65.29,0.091,0.088
S05434,60.31,28.11,0.0,93.76,60.502,24.26,0.0,69.58,16.46,0.0,66.83,0.192,0.074
S01667,46.647,19.77,35.0,61.88,47.331,24.43,5.23,96.73,25.93,0.1,79.5,0.684,0.424
S09393,54.985,21.92,0.0,65.23,55.22,22.67,5.21,75.39,19.91,4.29,64.97,0.235,0.205
S01823,72.051,17.51,0.0,66.56,72.211,22.66,0.0,63.91,22.4,10.83,62.19,0.16,0.185
S06562,62.022,25.39,7.36,81.58,62.378,19.19,0.0,76.55,24.42,1.56,73.29,0.356,0.267
S04025,48.942,21.57,0.0,62.26,49.297,23.83,5.87,79.99,20.95,9.81,66.39,0.355,0.427
S04191,55.07,22.05,0.0,77.8,55.417,24.03,0.0,65.12,22.16,2.82,67.6,0.347,0.191
S07587,63.022,21.86,0.0,66.51,63.17,21.02,0.0,70.72,21.62,2.63,75.96,0.148,0.231
S06231,50.052,26.38,0.0,76.06,50.401,17.79,0.0,51.62,20.62,0.0,60.3,0.349,0.292
S01215,45.752,25.11,0.0,78.75,46.079,28.91,7.11,85.69,20.48,0.0,78.45,0.327,0.31
S04068,61.066,22.17,0.0,70.16,61.254,26.67,0.0,74.71,18.47,0.6,75.51,0.188,0.174
S02948,67.833,25.54,0.0,59.64,67.972,27.98,0.0,61.52,21.06,31.91,73.65,0.139,0.466
S01559,64.682,23.76,0.0,79.39,64.916,20.86,0.0,56.94,17.43,2.77,59.91,0.234,0.043
S03167,63.295,22.65,0.0,57.91,63.443,23.27,13.68,70.58,26.01,2.24,77.57,0.148,0.309
S02436,58.7,18.68,0.0,78.61,58.962,24.51,0.0,72.53,18.03,0.0,75.79,0.262,0.248
S07642,40.0,20.44,0.0,72.73,40.31,20.49,0.0,77.51,24.64,0.0,45.88,0.31,0.403
S03300,60.777,22.5,0.0,75.3,61.051,19.88,0.0,60.17,23.67,0.0,69.96,0.274,0.28
S09717,58.38,19.54,8.57,69.56,58.607,24.02,0.0,69.01,20.04,0.0,61.16,0.227,0.134
S05260,68.437,24.23,2.31,66.42,68.833,14.49,0.0,58.53,23.31,3.29,71.09,0.396,0.173
S08340,46.313,23.45,0.0,70.02,46.556,27.89,35.0,86.08,21.65,0.0,72.53,0.243,0.35
S01799,60.456,24.14,0.0,70.31,60.69,22.41,1.97,76.78,22.93,0.55,71.67,0.234,0.278
S09011,61.974,26.35,20.85,76.21,62.477,17.44,0.0,73.43,28.0,9.83,66.51,0.503,0.383
S06690,52.823,22.52,0.0,94.82,53.164,25.7,0.0,78.61,19.28,8.05,68.57,0.341,0.349
S05212,59.533,20.7,0.0,71.3,59.758,24.3,0.0,60.87,22.77,11.77,80.66,0.225,0.419
S09328,64.791,21.26,0.0,71.2,64.937,26.63,0.0,85.36,25.28,0.0,68.47,0.146,0.21
S06776,63.216,18.3,0.0,61.03,63.371,27.41,0.0,76.98,25.37,0.0,82.07,0.155,0.296
S09009,77.272,18.19,0.0,64.47,77.307,21.96,0.0,69.99,22.39,28.18,63.7,0.035,0.479
S00792,69.909,18.92,0.0,66.25,70.025,16.93,0.0,71.37,18.68,1.13,85.46,0.116,0.21
S04853,52.802,27.54,0.0,75.58,53.11,21.85,12.43,70.5,27.91,0.0,77.83,0.308,0.441
S03308,57.76,20.34,0.0,58.44,57.995,15.9,0.0,61.44,19.8,1.12,54.78,0.235,0.18
S06083,55.648,25.57,0.0,56.66,55.98,21.73,4.59,87.88,21.39,6.05,68.64,0.332,0.28
S09883,59.74,16.9,0.0,65.44,59.895,20.57,0.0,62.94,22.44,0.0,63.98,0.155,0.169
S03569,52.78,22.97,0.0,72.73,53.055,19.75,2.96,64.21,20.44,27.27,79.01,0.275,0.617
S07452,62.781,23.97,0.0,74.3,62.935,20.84,0.0,65.68,18.29,0.52,61.56,0.154,0.085
S00500,71.159,18.08,0.0,69.54,71.315,25.57,0.0,86.22,21.45,3.05,67.74,0.156,0.139
S02281,73.906,27.43,13.63,72.17,74.166,18.67,0.0,67.2,22.2,0.0,76.39,0.26,0.123
S01721,52.702,16.05,11.45,68.14,52.978,24.47,27.26,76.71,22.16,22.78,74.3,0.276,0.583
S00266,59.875,22.65,0.0,69.67,60.193,22.36,0.0,56.63,27.65,0.0,79.5,0.318,0.313
S02250,65.85,19.48,0.0,66.04,66.225,20.39,0.0,80.67,21.16,0.0,70.17,0.375,0.261
S02394,68.735,24.53,8.35,70.76,68.987,28.09,0.0,75.49,24.01,4.73,74.72,0.252,0.306
S05890,49.632,25.18,0.0,68.73,49.966,24.1,11.35,85.39,22.56,0.0,57.33,0.334,0.241
S08137,63.253,23.81,0.0,74.29,63.485,21.63,0.0,68.03,20.94,0.76,62.81,0.232,0.195
S08970,64.356,27.12,0.0,79.28,64.646,28.26,0.0,61.72,22.37,4.19,68.99,0.29,0.257
S03299,58.515,25.03,0.0,79.58,58.809,19.12,0.0,69.99,25.08,15.86,74.07,0.294,0.478
S02767,66.311,16.9,9.78,73.63,66.663,20.89,0.0,80.76,25.47,19.31,78.72,0.352,0.455
S00513,62.102,27.61,10.47,65.2,62.571,28.4,0.0,75.16,19.66,5.67,76.35,0.469,0.238
S06219,57.298,24.18,9.67,74.56,57.663,18.12,0.0,73.38,20.15,0.8,74.61,0.365,0.203
S01954,53.293,19.29,0.0,55.81,53.498,25.99,0.0,76.49,20.69,0.0,69.26,0.205,0.234
S05830,69.331,15.19,0.0,68.02,69.48,22.27,7.22,65.37,17.83,0.0,63.35,0.149,0.097
S04823,65.607,24.99,0.0,68.34,65.697,18.38,0.0,64.69,23.35,0.52,74.47,0.09,0.231
S08781,66.632,24.11,0.0,63.81,66.872,27.64,2.92,81.36,21.68,0.0,72.31,0.24,0.191
S03324,55.978,25.41,0.0,63.03,56.367,25.01,0.0,84.19,21.32,0.82,53.8,0.389,0.206
S09061,55.791,20.0,0.0,61.1,55.941,20.69,0.0,83.55,17.75,10.82,73.15,0.15,0.37
S01950,82.806,26.26,0.0,58.82,82.886,20.66,0.0,69.35,19.27,0.0,72.33,0.08,0.036
S00363,51.867,26.01,0.0,79.83,52.243,25.96,0.0,76.76,21.79,0.0,63.02,0.376,0.261
S03732,43.826,15.37,3.13,54.17,44.124,18.92,0.0,71.6,20.32,1.65,71.76,0.298,0.311
S09517,61.27,19.6,0.0,58.93,61.437,24.57,0.0,70.08,19.87,0.0,59.28,0.167,0.045
S03122,59.498,27.27,2.18,84.56,59.823,19.06,0.0,78.67,23.47,10.99,81.62,0.325,0.417
S03389,56.902,21.0,0.0,69.56,57.11,22.66,0.0,87.12,22.95,0.0,69.79,0.208,0.274
S01875,46.369,21.28,14.32,65.53,46.954,24.35,0.0,79.14,23.12,1.01,74.41,0.585,0.329
S09571,56.729,19.56,0.0,66.86,57.106,21.02,0.0,68.39,19.13,0.0,56.34,0.377,0.18
S08666,67.84,23.08,0.91,72.6,68.06,26.87,0.0,69.19,24.76,3.89,69.22,0.22,0.198
S03099,51.232,24.9,0.0,70.06,51.613,21.99,2.01,66.44,19.54,0.0,72.97,0.381,0.18
S03952,61.162,21.64,0.0,64.31,61.376,25.75,0.0,74.97,17.97,0.0,62.8,0.214,0.074
S08583,68.885,24.26,9.41,69.35,69.195,30.67,2.89,85.04,22.52,7.58,67.43,0.31,0.246
S09439,67.888,24.1,0.0,75.8,68.219,26.19,0.0,54.48,19.85,0.0,55.08,0.331,0.075
S01300,66.609,24.77,7.69,84.17,66.875,17.19,0.0,72.7,20.73,0.0,77.95,0.266,0.106
S04154,65.615,27.01,24.9,75.66,66.089,23.89,0.07,75.29,27.05,10.6,64.15,0.474,0.28
S01852,69.028,26.88,22.8,65.51,69.496,21.82,0.0,74.21,22.35,0.0,74.79,0.468,0.151
S09620,54.391,28.2,5.04,76.86,54.788,24.34,0.0,68.49,26.0,0.0,58.26,0.397,0.271
S07540,79.586,23.73,5.46,58.64,79.742,16.16,0.0,64.38,22.43,8.27,66.34,0.156,0.136
S09692,55.374,22.97,4.64,71.47,55.652,20.95,0.0,84.25,24.4,18.19,74.47,0.278,0.543
S06695,53.226,24.8,0.13,72.79,53.533,26.68,0.0,70.52,22.11,10.1,69.16,0.307,0.475
S01436,60.199,24.04,0.0,84.46,60.581,27.5,0.0,51.21,26.98,2.56,72.73,0.382,0.282
S04308,61.791,22.34,0.0,82.76,62.005,25.68,0.0,62.03,24.15,1.6,65.72,0.214,0.25
S06582,40.0,25.99,0.0,68.87,40.417,25.93,0.0,65.15,23.88,0.13,71.03,0.417,0.408
S05131,64.17,20.97,2.73,75.66,64.521,21.46,1.4,78.68,22.94,0.27,70.84,0.351,0.255
S07801,66.933,23.56,3.21,77.72,67.219,22.99,0.0,71.92,27.15,4.54,71.83,0.286,0.291
S04156,63.827,26.45,0.0,82.3,64.085,26.52,5.32,66.24,27.75,6.97,66.16,0.258,0.284
S04571,66.141,28.23,5.28,74.14,66.588,16.98,5.45,47.87,21.14,0.61,66.36,0.447,0.215
S02136,73.425,23.68,23.85,73.34,73.993,16.65,1.26,66.22,21.02,0.0,73.54,0.568,0.094
S02415,56.231,17.92,25.3,79.22,56.702,27.57,0.0,86.32,24.75,2.69,75.76,0.471,0.382
S08997,68.029,22.46,0.0,75.09,68.171,23.49,0.0,60.91,23.61,1.94,71.65,0.142,0.211
S07181,65.443,22.71,0.0,59.3,65.606,20.59,9.58,65.68,18.77,2.86,71.21,0.163,0.131
S07378,68.042,27.91,13.25,85.63,68.535,23.8,0.0,73.35,21.84,0.0,59.59,0.493,0.14
S00250,62.157,21.28,0.0,61.59,62.264,22.85,0.0,70.89,21.88,1.62,73.95,0.107,0.143
S05630,79.549,21.93,0.0,72.45,79.652,19.58,0.0,64.78,21.63,0.0,61.84,0.103,0.044
S01548,56.711,17.11,0.0,60.49,56.863,24.01,0.0,67.39,23.04,0.8,73.15,0.152,0.292
S07748,57.528,25.35,7.92,82.18,57.911,15.23,0.0,73.11,18.92,3.18,59.99,0.383,0.149
S05022,70.983,23.22,0.0,69.13,71.152,26.54,0.0,82.81,16.04,0.0,70.02,0.169,0.02
S04411,61.593,19.48,0.0,70.47,61.948,20.39,1.09,61.88,18.99,10.14,66.59,0.355,0.296
S01508,69.431,22.58,26.17,71.86,69.919,25.14,0.0,86.47,20.07,0.0,74.64,0.488,0.156
S02535,40.0,22.61,0.0,74.07,40.494,26.8,0.0,78.97,16.13,8.4,73.56,0.494,0.341
S06580,73.294,27.28,3.94,60.76,73.385,23.05,0.0,57.32,24.03,4.79,69.22,0.091,0.092
S00007,64.566,18.41,0.0,60.56,64.632,25.78,17.27,77.04,24.98,32.8,77.83,0.066,0.638
S05128,71.067,21.23,0.0,74.91,71.242,24.95,0.0,60.37,25.76,0.0,84.15,0.175,0.253
S00812,55.129,20.88,2.82,73.92,55.408,23.69,0.0,79.5,26.23,5.21,70.47,0.279,0.401
S01600,60.861,28.31,6.12,72.91,61.187,22.77,10.24,62.94,26.67,0.0,68.43,0.326,0.253
S03059,72.568,21.21,0.0,62.76,72.699,20.86,16.91,72.36,19.02,0.0,70.76,0.131,0.102
S04249,61.96,23.81,0.0,74.51,62.186,19.69,1.19,67.49,16.87,1.69,70.74,0.226,0.054
S00835,77.342,20.74,1.63,54.06,77.396,14.76,3.03,60.13,22.12,3.57,73.64,0.054,0.06
S08076,71.101,20.76,14.02,76.84,71.4,19.62,0.0,60.1,25.82,19.23,68.51,0.299,0.4
S09325,68.454,23.55,0.0,84.61,68.697,15.84,3.82,69.32,19.61,0.93,70.55,0.243,0.04
S01571,70.721,16.03,0.0,58.33,70.777,21.38,0.0,83.15,25.49,0.0,60.45,0.056,0.195
S06901,72.186,22.04,0.0,77.32,72.321,23.1,0.0,59.76,22.39,0.0,65.41,0.135,0.149
S07723,60.346,26.91,0.31,80.3,60.565,26.27,0.0,79.18,27.74,0.0,69.66,0.219,0.319
S05922,69.545,22.35,0.0,63.93,69.627,23.53,0.0,70.15,21.2,0.0,61.41,0.082,0.04
S08762,53.084,27.79,6.87,75.24,53.537,18.61,0.0,61.98,24.35,0.0,79.94,0.453,0.406
S09848,57.14,21.58,7.13,64.46,57.375,26.85,11.55,52.75,22.01,0.88,79.81,0.235,0.26
S09884,54.633,20.27,0.0,77.18,54.882,16.42,0.0,75.98,18.39,4.01,64.52,0.249,0.158
S07058,54.051,22.11,4.1,72.12,54.382,22.63,0.0,77.5,23.38,0.91,76.44,0.331,0.325
S01533,53.725,28.77,0.0,79.96,54.098,21.24,0.0,82.24,20.01,0.41,71.87,0.373,0.221
S01665,50.781,24.76,0.0,63.99,51.378,28.52,0.0,70.76,20.52,0.0,71.63,0.597,0.296
S04290,65.329,18.0,1.96,63.03,65.5,28.79,0.0,77.43,21.82,13.92,64.2,0.171,0.225
S04548,61.958,19.31,5.09,61.72,62.279,15.57,0.0,63.14,20.43,0.0,72.53,0.321,0.184
S06039,55.493,26.11,8.38,80.29,55.832,21.99,5.45,80.63,25.84,3.93,68.84,0.339,0.315
S03734,69.26,25.68,0.0,61.03,69.326,24.1,4.67,60.97,22.15,7.74,63.7,0.066,0.128
S03045,69.662,18.41,3.51,75.91,69.827,20.95,0.0,44.95,17.18,10.04,68.22,0.165,0.127
S07164,46.015,25.41,5.78,67.01,46.44,25.64,0.0,78.15,19.09,4.67,63.59,0.425,0.311
S08066,68.382,23.64,0.0,69.34,68.478,20.08,0.0,80.51,20.03,0.0,57.05,0.096,0.044
S08234,61.124,30.63,14.91,72.16,61.635,15.88,11.43,56.81,25.91,1.55,60.14,0.511,0.223
S05935,66.121,24.52,0.0,75.47,66.278,23.56,22.74,77.29,19.3,6.51,62.24,0.157,0.117
S02750,63.189,17.82,0.0,65.08,63.207,23.28,24.87,81.44,20.36,8.45,66.84,0.018,0.231
S09331,54.871,17.09,0.0,62.96,55.012,15.02,0.0,72.26,25.43,0.0,74.99,0.141,0.373
S05822,76.781,27.12,4.71,72.58,76.993,22.83,17.61,69.01,23.44,0.9,64.65,0.212,0.049
S04523,79.537,23.62,7.93,77.49,79.709,22.46,0.0,49.04,24.7,20.63,65.81,0.172,0.286
S06209,65.148,19.42,0.35,75.01,65.647,21.81,5.64,64.13,19.69,0.0,70.7,0.499,0.108
S05334,54.589,23.75,0.0,80.54,54.84,26.47,0.0,74.51,22.16,5.3,73.83,0.251,0.222
S01703,73.218,25.42,0.0,73.38,73.413,17.11,3.82,70.15,21.91,1.2,70.96,0.195,0.134
S02912,59.266,23.51,0.0,74.99,59.598,25.8,25.61,75.8,23.29,3.44,65.7,0.332,0.178
S04367,59.99,28.1,0.0,76.9,60.3,19.49,1.21,64.67,24.55,1.59,67.87,0.31,0.253
S07434,65.292,28.96,0.0,84.56,65.587,17.72,0.0,71.12,22.63,10.05,80.35,0.295,0.379
S02618,57.038,15.16,4.38,80.92,57.288,27.72,3.83,74.19,20.6,7.24,71.87,0.25,0.17
S02272,67.687,26.44,1.15,59.12,67.844,24.81,0.0,77.83,20.01,0.0,74.0,0.157,0.196
S08470,58.585,25.24,0.0,60.12,58.734,25.66,0.0,59.22,24.15,3.41,76.25,0.149,0.282
S09855,60.474,18.1,0.0,62.71,60.616,17.64,0.0,71.21,23.12,1.25,88.81,0.142,0.344
S07667,61.715,25.44,10.31,73.09,62.166,24.98,6.25,72.36,20.81,10.83,71.92,0.451,0.232
S07932,69.75,21.7,0.0,55.02,69.916,25.56,9.32,60.59,25.99,2.07,67.2,0.166,0.287
S01773,82.076,27.24,0.0,61.63,82.163,13.34,0.0,70.33,25.15,0.0,73.4,0.087,0.18
S01126,67.558,26.1,9.15,64.05,67.761,24.71,0.0,72.09,22.9,1.62,70.22,0.203,0.084
S08561,74.149,21.54,0.38,62.2,74.288,17.69,2.13,61.8,22.4,1.21,77.64,0.139,0.06
S04600,53.462,26.66,0.0,74.99,53.852,24.05,0.0,80.56,25.0,13.48,77.47,0.39,0.454
S02352,56.775,27.04,0.0,67.95,57.055,23.84,0.0,76.2,24.82,0.0,59.0,0.28,0.213
S00923,61.078,24.19,0.0,69.94,61.304,20.87,0.0,74.82,21.22,0.07,69.87,0.226,0.185
S07114,49.786,27.97,0.0,77.46,50.194,28.78,0.0,71.1,21.24,0.11,64.63,0.408,0.303
S00078,58.789,20.53,0.0,66.68,58.946,23.89,3.51,53.57,23.61,2.56,68.51,0.157,0.221
S05615,86.872,26.39,1.25,64.68,86.986,22.9,0.0,66.77,22.15,6.19,62.08,0.114,0.054
S04305,54.737,24.8,4.78,74.73,55.181,20.43,0.0,57.4,25.41,7.31,65.98,0.444,0.437
S00433,52.387,21.79,3.48,64.82,52.69,25.85,0.0,55.52,17.95,1.87,69.56,0.303,0.204
S03358,57.116,28.22,0.0,77.49,57.414,28.5,0.0,66.9,20.19,0.0,66.02,0.298,0.222
S09465,53.5,16.57,0.0,70.04,53.715,26.54,0.0,71.6,17.71,0.0,61.14,0.215,0.138
S03372,59.786,19.96,0.0,72.48,59.881,20.47,0.0,62.36,23.37,4.32,71.62,0.095,0.284
S06832,57.263,25.26,0.0,73.49,57.496,26.87,2.6,69.81,22.57,26.07,72.41,0.233,0.546
S08476,40.0,15.39,0.0,71.54,40.315,15.94,0.0,69.18,22.21,10.16,77.88,0.315,0.467
S06233,59.467,22.9,0.0,73.65,59.709,25.3,0.11,69.42,23.44,14.3,71.53,0.242,0.462
S04745,53.736,25.61,1.09,76.61,54.111,24.07,0.0,56.11,24.17,1.38,60.85,0.375,0.346
S02365,55.704,23.46,0.0,81.83,56.005,15.38,0.0,62.0,23.74,1.31,73.16,0.301,0.268
S04748,47.781,25.62,0.0,71.48,48.147,23.65,0.0,71.94,24.42,33.09,79.38,0.366,0.775
S02308,65.89,30.24,0.0,63.7,66.19,21.14,0.0,63.16,24.43,1.06,63.94,0.3,0.22
S04412,53.531,21.46,0.0,70.28,53.846,30.58,0.0,84.11,23.72,34.19,79.43,0.315,0.642
S01699,62.879,28.66,0.0,68.18,63.173,25.32,0.0,80.33,24.8,1.98,67.82,0.294,0.254
S09384,64.456,23.14,0.0,64.77,64.68,22.95,0.0,72.89,26.62,1.72,77.08,0.224,0.246
S08854,69.403,21.27,0.2,60.58,69.636,27.54,0.0,73.55,29.81,2.78,69.59,0.233,0.309
S02770,63.201,18.54,0.0,59.9,63.35,21.34,0.0,69.06,25.63,1.88,71.4,0.149,0.266
S06317,40.0,20.9,0.0,73.81,40.472,15.65,12.03,57.07,25.92,0.0,78.83,0.472,0.442
S07755,66.313,25.21,0.0,65.16,66.585,23.51,0.0,67.04,25.52,0.0,63.23,0.272,0.186
S06411,50.913,18.36,0.0,66.78,51.232,28.42,10.28,79.25,22.08,0.53,83.0,0.319,0.301
S03349,77.725,18.83,0.0,66.81,77.884,19.66,0.0,71.74,24.74,0.0,77.87,0.159,0.184
S07655,52.882,27.57,0.0,67.91,53.369,19.69,0.32,63.49,20.84,1.79,62.09,0.487,0.261
S07899,49.564,21.56,0.0,66.24,50.001,26.66,0.0,71.26,25.4,11.41,72.74,0.437,0.55
S06843,71.682,26.65,20.79,64.29,72.017,24.98,17.78,69.2,23.26,0.23,59.3,0.335,0.109
S07786,56.079,21.22,0.0,59.1,56.271,23.37,0.0,75.28,17.99,2.13,69.18,0.192,0.216
S05749,66.263,23.61,0.0,78.48,66.513,25.0,0.0,71.78,19.43,9.87,50.95,0.25,0.187
S04678,59.982,23.73,0.0,86.61,60.218,23.72,0.0,59.84,20.29,13.9,65.92,0.236,0.383
S01513,65.319,23.94,0.0,57.36,65.558,19.98,11.22,59.69,19.12,0.8,75.58,0.239,0.214
S08411,74.353,25.07,4.66,64.57,74.578,23.46,3.83,73.78,22.0,0.89,68.06,0.225,0.136
S06849,56.031,20.51,0.11,61.04,56.272,25.13,0.0,76.17,29.05,0.0,81.39,0.241,0.457
S01892,51.299,15.82,0.0,58.92,51.447,17.61,0.0,74.0,25.98,3.2,80.42,0.148,0.341
S05673,43.812,28.31,2.49,72.92,44.285,17.64,0.0,71.17,26.37,0.81,53.46,0.473,0.379
S00728,67.279,23.31,0.0,75.11,67.859,19.42,0.0,59.93,20.54,0.0,55.55,0.58,0.075
S04438,68.553,23.88,0.0,82.15,68.78,26.63,1.24,79.03,21.97,0.0,63.91,0.227,0.074
S05691,64.377,22.2,0.0,61.77,64.597,25.78,0.0,74.46,17.81,11.18,77.06,0.22,0.273
S03747,56.654,16.66,0.0,86.72,56.813,25.43,9.32,63.12,22.11,0.0,63.82,0.159,0.246
S00317,55.432,22.99,3.41,80.95,55.779,20.94,0.0,63.63,22.86,18.0,70.07,0.347,0.417
S08864,66.049,23.51,0.0,55.64,66.184,24.21,0.0,69.71,21.01,0.0,69.71,0.135,0.238
S06594,79.047,26.6,0.43,73.42,79.199,25.33,0.0,76.0,21.41,2.08,58.06,0.152,0.039
S08213,73.48,23.92,7.5,80.1,73.854,19.18,0.0,62.91,23.23,19.14,76.42,0.374,0.292
S08596,59.821,18.3,0.0,87.62,60.193,21.93,0.89,71.95,18.57,0.0,70.82,0.372,0.174
S02309,63.0,22.85,25.33,66.52,63.739,21.6,12.96,76.35,25.9,0.0,74.29,0.739,0.302
S00424,55.083,27.72,0.0,55.07,55.358,25.88,0.0,67.95,25.34,3.45,84.71,0.275,0.523
S04239,62.493,22.71,0.0,66.77,62.702,19.38,13.26,77.73,21.89,0.86,74.76,0.209,0.164
S07897,68.382,27.35,8.57,72.84,68.67,21.8,2.39,57.99,25.68,2.23,82.03,0.288,0.237
S03448,67.047,26.63,0.0,78.48,67.232,23.35,11.19,63.21,22.96,1.98,79.92,0.185,0.184
S00326,60.227,24.65,8.46,61.17,60.531,21.11,0.0,58.71,20.64,0.0,66.7,0.304,0.116
S05028,61.792,18.51,0.0,75.5,61.895,23.74,0.0,60.51,21.13,0.0,58.88,0.103,0.086
S07945,57.562,21.88,0.0,82.29,57.766,21.76,13.83,50.59,24.39,0.04,90.61,0.204,0.312
S00740,52.052,22.47,7.13,68.82,52.397,27.42,0.0,81.17,25.61,0.0,76.3,0.345,0.378
S00539,65.879,27.57,0.0,79.66,66.1,25.49,0.0,65.63,20.77,10.46,63.45,0.221,0.212
S09852,53.557,21.94,1.83,45.64,53.734,27.62,13.92,89.11,22.15,0.0,66.79,0.177,0.222
S04867,54.971,23.51,0.0,86.98,55.295,24.99,16.68,73.57,21.49,12.8,69.38,0.324,0.329
S06512,66.294,26.75,0.0,70.19,66.583,25.48,0.0,77.9,23.25,8.86,72.29,0.289,0.223
S09981,59.88,29.87,0.0,70.8,60.141,22.58,0.0,72.27,23.57,0.59,70.5,0.261,0.277
S06808,66.384,25.26,0.0,85.27,66.676,25.23,33.57,78.07,22.31,6.5,76.46,0.292,0.211
S03415,64.198,25.41,0.0,73.0,64.648,29.85,0.0,62.71,23.15,1.83,51.75,0.45,0.124
S01593,45.055,22.16,0.0,70.96,45.399,27.83,0.0,79.47,22.32,0.0,63.26,0.344,0.278
S01098,57.348,17.1,9.34,64.91,57.581,19.76,0.0,78.0,19.47,0.0,58.97,0.233,0.217
S00758,69.899,26.23,0.0,66.0,70.124,22.72,3.12,74.32,26.52,0.0,59.89,0.225,0.167
S06016,62.182,27.4,0.0,76.7,62.463,23.72,0.0,78.12,24.48,10.62,62.97,0.281,0.399
S04755,71.645,23.55,0.0,68.57,71.712,21.28,0.0,72.59,19.72,7.11,74.85,0.067,0.108
S03627,73.089,24.54,12.24,81.28,73.459,24.26,0.0,69.92,25.07,19.37,72.5,0.37,0.413
S08036,74.431,22.95,0.0,73.97,74.507,24.34,28.07,74.78,25.68,23.39,69.8,0.076,0.451
S05860,58.61,14.87,0.0,72.47,58.684,24.0,4.88,79.51,18.11,0.0,68.76,0.074,0.157
S08197,54.766,24.83,21.73,68.99,55.296,22.53,0.0,55.93,23.02,2.38,64.01,0.53,0.262
S06403,58.204,28.66,0.0,60.9,58.517,17.25,8.46,81.47,22.75,3.27,52.86,0.313,0.274
S02267,67.159,23.52,4.69,74.03,67.387,23.03,0.0,71.41,25.21,0.68,72.65,0.228,0.279
S07349,66.915,20.72,2.08,74.31,67.139,21.25,0.0,65.92,21.86,3.03,74.36,0.224,0.226
S02196,65.927,28.0,14.55,73.7,66.219,20.61,3.88,70.98,20.73,4.67,78.06,0.292,0.137
S00503,54.51,24.36,3.55,63.36,54.757,24.21,1.13,59.29,19.33,3.65,74.31,0.247,0.219
S07033,64.074,18.86,0.0,79.86,64.243,20.96,0.0,72.95,27.34,33.08,68.52,0.169,0.619
S00613,68.113,23.61,0.0,67.25,68.337,21.7,0.0,69.27,25.54,8.51,67.74,0.224,0.251
S03847,68.245,23.32,0.0,64.8,68.614,26.13,0.0,73.24,20.91,2.57,61.6,0.369,0.211
S08328,66.931,23.33,0.0,51.48,67.088,22.51,0.0,56.86,25.29,27.19,76.07,0.157,0.519
S08767,59.958,21.53,1.27,74.62,60.218,17.82,0.0,77.64,24.33,0.0,67.83,0.26,0.299
S04522,61.69,14.94,5.87,62.83,61.785,24.49,0.0,73.77,20.29,2.15,80.13,0.095,0.193
S07901,69.811,18.65,0.0,81.88,70.017,21.68,0.0,64.1,22.69,1.59,89.84,0.206,0.289
S00725,55.396,25.03,0.0,75.55,55.688,23.04,0.0,68.37,23.06,6.84,84.1,0.292,0.365
S06954,66.505,21.82,0.0,80.66,66.538,19.02,3.95,53.46,18.2,0.21,63.06,0.033,0.037
S02766,65.765,14.58,0.0,62.48,65.862,21.65,0.0,74.8,24.54,20.0,62.53,0.097,0.457
S02149,66.184,22.97,0.0,66.4,66.3,21.36,0.0,57.64,22.51,0.0,74.81,0.116,0.185
S03460,52.419,23.34,8.96,62.04,52.775,18.73,0.31,63.55,26.93,45.0,68.15,0.356,0.796
S04359,61.2,24.6,0.0,86.59,61.472,21.99,0.0,67.03,25.46,0.0,85.3,0.272,0.3
S05348,57.617,15.16,0.0,62.31,57.691,25.04,4.39,73.65,21.35,0.71,82.68,0.074,0.217
S06689,62.19,25.04,2.69,86.45,62.641,24.18,1.48,77.49,21.55,0.0,65.52,0.451,0.178
S01608,65.319,30.92,0.0,61.02,65.588,14.66,0.0,67.72,22.34,32.06,67.48,0.269,0.519
S07562,64.003,24.64,0.0,60.59,64.351,23.1,0.0,78.31,21.27,0.0,59.4,0.348,0.109
S05754,56.895,21.38,0.0,62.62,57.039,18.67,1.06,76.67,22.02,0.0,72.8,0.144,0.307
S07450,55.183,23.86,10.18,72.21,55.544,25.13,0.0,71.57,19.1,0.75,73.95,0.361,0.252
S08850,63.096,22.54,0.0,57.1,63.262,23.66,0.0,81.2,28.99,0.0,79.33,0.166,0.383
S09612,65.659,24.43,21.55,71.82,66.134,16.43,0.0,53.74,25.05,8.08,74.44,0.475,0.384
S02703,72.703,19.74,0.0,62.12,72.754,22.11,0.0,59.06,18.85,0.0,77.53,0.051,0.118
S01154,61.252,22.59,0.0,70.54,61.502,23.91,0.0,81.38,24.62,12.41,66.36,0.25,0.355
S02517,56.54,19.36,0.0,63.18,56.79,27.78,0.0,74.99,24.18,7.92,79.14,0.25,0.314
S02042,53.765,22.53,0.0,72.21,54.008,28.01,0.0,59.32,26.37,1.26,60.99,0.243,0.29
S04391,73.109,21.99,0.0,70.26,73.224,24.33,0.0,64.28,24.96,0.0,63.78,0.115,0.156
S05597,57.872,28.57,4.79,68.34,58.187,23.4,5.32,67.0,24.91,2.6,70.21,0.315,0.233
S01087,59.017,24.37,0.0,63.64,59.327,25.42,9.89,76.62,21.95,0.0,66.34,0.31,0.256
S03433,58.663,23.04,0.0,73.35,58.918,24.6,3.98,67.97,23.72,26.43,66.33,0.255,0.492
S07579,66.99,27.5,0.0,69.13,67.282,29.32,0.0,80.61,21.85,1.01,65.64,0.292,0.19
S08223,56.368,18.87,0.0,65.27,56.595,17.19,0.0,64.3,25.63,0.0,74.32,0.227,0.299
S07131,63.157,23.21,0.0,63.51,63.256,25.99,0.0,62.45,23.54,0.0,56.81,0.099,0.17
S04852,44.304,17.5,0.0,64.2,44.84,23.6,0.0,67.11,20.5,0.0,66.8,0.536,0.222
S00126,72.537,25.72,0.0,78.11,72.726,23.21,0.0,78.53,26.65,6.1,74.97,0.189,0.316
S05454,61.545,26.53,0.0,61.79,61.725,18.87,0.0,65.89,21.44,0.0,66.06,0.18,0.188
S02036,51.651,23.79,12.15,61.44,52.058,14.67,0.0,76.6,21.03,19.96,77.64,0.407,0.478
S04491,62.827,27.15,0.0,77.67,62.998,28.36,15.33,78.61,25.77,0.0,74.71,0.171,0.317
S00397,61.328,18.77,0.0,48.84,61.502,25.22,0.0,72.93,24.33,2.0,74.86,0.174,0.298
S04056,67.97,23.26,0.0,77.54,68.408,20.95,0.0,67.0,19.8,0.0,71.17,0.438,0.122
S02210,75.129,21.62,0.0,87.59,75.295,23.4,0.0,75.63,20.3,5.28,69.76,0.166,0.202
S03707,68.076,24.05,1.03,70.9,68.316,21.33,0.0,74.95,24.05,0.0,71.8,0.24,0.213
S00703,60.606,29.82,19.28,77.89,61.048,22.21,7.71,90.71,17.45,2.78,71.18,0.442,0.114
S04001,62.372,19.4,0.0,64.05,62.478,19.45,0.0,58.75,22.8,4.02,65.54,0.106,0.15
S07103,70.802,25.45,3.69,72.48,71.027,21.21,1.31,73.13,20.92,23.04,65.29,0.225,0.289
S09430,59.992,22.21,0.0,53.27,60.28,22.12,0.0,76.62,23.23,10.74,72.35,0.288,0.382
S01701,60.116,23.99,0.0,78.51,60.427,24.73,1.99,69.93,25.12,9.69,65.59,0.311,0.263
S03850,54.579,17.09,0.0,71.87,54.679,16.88,0.0,61.71,25.31,0.0,64.7,0.1,0.372
S06569,68.286,26.56,0.0,72.2,68.57,15.85,0.0,70.52,19.51,0.0,74.28,0.284,0.091
S07154,70.327,22.24,5.99,74.89,70.521,19.27,0.0,61.63,24.02,3.88,67.02,0.194,0.184
S07612,51.453,23.73,0.0,60.96,51.627,22.66,0.0,78.78,24.48,0.0,56.25,0.174,0.189
S08292,66.584,27.01,0.0,85.18,66.872,18.19,0.0,61.23,23.11,0.0,59.53,0.288,0.153
S02371,64.926,27.3,0.0,57.47,65.055,19.36,0.0,69.76,24.85,0.72,65.98,0.129,0.189
S09240,64.058,20.56,0.0,77.96,64.136,26.45,8.43,66.2,23.89,2.33,74.43,0.078,0.23
S01517,69.301,23.59,6.26,81.55,69.622,21.45,0.0,78.31,20.97,0.0,77.24,0.321,0.16
S00947,62.059,25.81,7.55,81.71,62.435,22.44,3.92,67.67,22.38,9.19,60.14,0.376,0.23
S00626,55.058,20.94,8.1,75.19,55.307,22.61,0.0,73.86,21.47,14.73,79.84,0.249,0.447
S02754,58.421,18.21,8.06,62.87,58.72,22.13,19.26,77.6,26.92,1.23,63.69,0.299,0.265
S08400,77.294,25.09,0.0,64.8,77.385,23.4,0.0,77.5,24.74,0.0,65.91,0.091,0.111
S00316,70.748,19.84,0.0,77.91,70.878,18.95,0.0,60.44,23.0,0.0,74.6,0.13,0.224
S07907,70.227,25.97,0.0,73.48,70.458,22.82,4.36,84.31,23.93,0.0,71.44,0.231,0.173
S05114,78.747,18.87,0.0,63.09,78.767,18.57,0.0,71.14,19.36,1.97,59.91,0.02,0.035
S04798,47.976,19.98,14.78,85.09,48.527,20.41,0.0,60.32,20.52,0.0,64.27,0.551,0.189
S04297,71.541,21.71,0.0,70.69,71.657,18.42,0.0,64.69,16.04,0.0,67.0,0.116,0.061
S01605,65.484,24.6,0.0,71.11,65.772,16.55,0.0,84.1,27.08,8.87,70.4,0.288,0.422
S01425,60.96,20.77,0.0,67.1,61.153,21.42,0.0,58.17,24.18,10.84,62.37,0.193,0.389
S09366,58.857,25.8,0.0,67.99,59.099,25.28,0.0,70.54,23.48,0.0,69.79,0.242,0.247
S05447,56.398,20.94,0.0,80.46,56.595,17.71,0.0,82.75,29.44,0.0,55.61,0.197,0.349
S07831,74.394,24.13,17.06,68.67,74.713,26.9,0.0,82.6,25.4,11.91,67.34,0.319,0.275
S03653,61.398,22.77,0.0,80.54,61.79,26.04,0.0,74.06,22.81,27.63,75.33,0.392,0.505
S02395,58.091,19.15,0.0,72.06,58.376,23.01,0.0,71.7,21.79,5.46,75.88,0.285,0.246
S02407,66.27,20.15,0.0,72.82,66.431,27.7,0.0,66.65,25.88,3.82,58.86,0.161,0.219
S01904,70.262,26.67,0.0,64.24,70.488,20.84,0.0,60.97,23.78,1.56,67.84,0.226,0.191
S06651,59.958,20.06,0.0,80.03,60.11,23.48,0.0,80.33,18.85,5.95,64.26,0.152,0.187
S02730,76.609,22.81,0.0,78.18,76.699,29.15,0.0,72.23,23.02,17.08,62.94,0.09,0.229
S04204,51.483,25.98,0.0,76.7,51.819,18.81,0.0,60.18,23.06,0.0,77.7,0.336,0.315
S04695,64.203,24.16,0.0,69.91,64.407,21.99,0.0,67.46,23.16,4.84,79.71,0.204,0.292
S08575,64.472,21.29,21.32,75.2,64.877,22.64,0.0,77.21,25.53,6.75,79.76,0.405,0.376
S05981,59.219,23.3,0.0,68.22,59.596,26.17,0.0,78.0,24.96,4.62,66.4,0.377,0.31
S03929,65.059,21.72,0.27,67.06,65.283,25.21,0.0,71.0,19.46,1.98,64.17,0.224,0.117
S01913,60.383,18.91,0.0,68.21,60.851,25.45,1.21,76.23,24.49,4.18,64.66,0.468,0.266
S02174,48.539,23.38,0.0,46.62,48.76,24.38,0.0,61.09,22.79,0.0,80.68,0.221,0.344
S03172,67.384,28.32,0.0,78.03,67.608,28.52,6.16,57.07,23.72,0.0,62.49,0.224,0.184
S02622,70.193,24.17,0.0,66.86,70.395,24.58,0.0,77.22,25.05,4.09,71.87,0.202,0.199
S09250,68.379,25.91,0.0,67.4,68.574,26.7,0.0,72.12,22.08,3.82,72.38,0.195,0.154
S03516,68.621,21.41,0.0,84.0,68.731,22.76,0.0,73.74,29.37,6.42,63.57,0.11,0.258
S06178,75.042,26.81,0.0,80.16,75.188,24.41,0.0,70.3,24.22,3.13,65.26,0.146,0.128
S06915,76.134,23.13,0.0,78.6,76.335,23.61,0.63,84.0,27.13,0.0,69.81,0.201,0.149
S03803,55.02,26.82,7.19,72.42,55.499,19.61,0.0,68.71,21.31,5.69,75.27,0.479,0.303
S02595,75.089,25.56,0.0,59.44,75.122,29.22,0.0,80.93,23.48,2.33,72.17,0.033,0.094
S04325,41.978,24.38,35.0,68.75,42.699,24.62,14.04,72.09,25.3,5.53,65.05,0.721,0.38
S09248,66.704,25.6,0.0,76.46,66.91,21.46,0.0,56.16,19.49,7.78,58.7,0.206,0.166
S04045,63.186,23.51,0.63,79.0,63.416,23.37,10.23,81.48,23.64,1.98,59.22,0.23,0.169
S06827,56.729,16.77,0.0,57.56,56.869,25.95,0.51,62.97,19.87,1.06,63.62,0.14,0.177
S07648,57.419,22.14,0.0,80.85,57.642,23.32,0.0,73.02,26.69,16.4,72.68,0.223,0.448
S06693,69.043,22.45,13.43,72.47,69.372,28.54,0.0,78.54,18.55,1.08,62.05,0.329,0.111
S06195,72.596,24.15,0.0,78.23,72.996,26.49,0.0,59.99,19.5,0.0,71.28,0.4,0.099
S09550,48.59,19.17,10.7,65.97,48.963,27.33,5.79,59.34,25.73,0.15,83.85,0.373,0.412
S01283,59.245,25.96,1.74,62.64,59.498,26.21,2.84,77.97,22.45,1.2,73.34,0.253,0.315
S01654,62.652,18.76,6.67,60.37,62.896,20.63,0.0,73.02,26.47,1.6,70.74,0.244,0.254
S07788,67.169,24.47,0.0,76.96,67.413,23.38,5.28,84.54,28.15,13.61,75.82,0.244,0.388
S01959,45.513,23.45,0.0,52.14,45.828,25.46,3.33,73.85,29.31,3.41,73.0,0.315,0.436
S00550,71.802,22.77,3.82,69.78,72.054,21.84,0.0,64.94,24.18,3.27,73.78,0.252,0.156
S08719,72.193,28.13,0.0,79.13,72.456,24.91,0.29,62.89,25.21,27.53,65.81,0.263,0.499
S08286,66.745,24.16,0.0,74.11,66.994,19.55,1.46,81.61,30.08,0.0,74.85,0.249,0.351
S01795,69.115,21.94,3.61,62.95,69.314,23.16,4.51,63.84,17.41,2.61,64.08,0.199,0.061
S08389,70.261,20.92,15.86,75.07,70.703,19.28,0.0,68.99,18.45,7.07,77.95,0.442,0.294
S06197,63.287,27.76,0.0,86.6,63.718,23.32,0.0,67.53,22.74,9.64,71.61,0.431,0.341
S05390,58.719,23.77,0.0,66.69,58.826,24.89,0.0,67.61,20.13,3.88,76.13,0.107,0.126
S07529,55.74,17.4,0.0,65.06,55.949,20.28,0.0,70.85,21.71,0.0,70.67,0.209,0.308
S03014,68.683,27.47,7.3,75.31,68.917,25.31,0.0,60.06,21.73,3.67,71.12,0.234,0.154
S02624,68.271,21.05,0.0,86.09,68.524,21.32,0.0,63.22,23.26,2.95,63.51,0.253,0.203
S08880,56.81,25.32,0.0,67.69,57.054,18.4,0.0,62.51,26.05,0.0,81.58,0.244,0.31
S08910,67.489,21.52,0.0,72.9,67.741,25.13,21.91,68.55,24.44,0.0,70.21,0.252,0.135
S02151,59.253,26.27,0.0,65.82,59.475,30.72,0.0,77.33,21.6,0.0,74.87,0.222,0.23
S03936,56.916,27.83,14.22,70.91,57.31,17.34,0.0,63.29,19.79,0.92,75.7,0.394,0.235
S02129,58.562,12.74,0.0,49.41,58.704,25.17,4.86,73.77,22.12,1.86,67.37,0.142,0.293
S02405,71.015,23.19,0.0,59.88,71.138,14.28,0.0,72.21,20.24,2.54,70.02,0.123,0.181
S05638,58.987,25.94,0.0,79.63,59.267,23.71,0.0,80.46,27.23,24.19,76.41,0.28,0.609
S05532,52.022,13.76,0.0,57.15,52.142,18.9,0.0,69.4,17.34,0.0,57.69,0.12,0.112
S01922,47.501,21.53,10.48,78.3,47.908,21.1,13.3,82.24,24.55,10.3,68.16,0.407,0.478
S02946,56.058,16.66,0.0,63.11,56.186,24.64,0.0,59.97,20.4,1.16,69.65,0.128,0.2
S01230,56.769,19.41,0.0,75.25,56.995,23.41,0.0,68.51,23.23,0.77,73.82,0.226,0.271
S00105,65.619,29.41,0.0,56.7,65.946,26.08,0.0,53.57,20.0,2.95,61.15,0.327,0.172
S01415,64.098,22.45,0.0,77.25,64.235,24.27,0.0,80.64,22.89,0.9,64.75,0.137,0.214
S08624,52.649,18.71,3.23,79.06,53.206,19.79,0.0,76.65,28.22,0.0,79.42,0.557,0.424
S05091,75.458,27.85,0.0,73.78,75.745,21.57,0.0,63.69,25.1,1.49,63.18,0.287,0.123
S02458,71.626,21.77,0.0,73.61,71.767,26.92,0.0,69.05,23.54,3.65,53.64,0.141,0.099
S08402,49.572,16.98,0.0,60.45,49.873,21.64,2.5,91.36,18.76,1.65,70.48,0.301,0.266
S08051,61.357,20.5,0.0,81.24,61.603,20.75,4.35,61.83,22.19,3.74,78.44,0.246,0.174
S06041,63.742,21.41,0.0,64.79,63.824,18.47,0.0,76.08,25.85,38.61,77.87,0.082,0.671
S02917,53.175,22.62,0.0,73.25,53.638,23.09,9.67,74.03,20.99,0.0,62.44,0.463,0.199
S04429,55.64,19.37,0.0,66.95,55.866,25.94,0.0,82.56,23.3,1.8,66.15,0.226,0.212
S02254,67.836,19.49,0.0,78.15,67.998,24.19,0.0,66.44,25.03,11.74,77.52,0.162,0.457
S09346,62.694,23.11,0.0,73.3,62.917,25.44,0.0,74.95,19.19,0.0,62.85,0.223,0.135
S08944,72.495,18.06,0.0,59.86,72.542,20.46,0.0,69.01,25.67,2.23,86.83,0.047,0.221
S08026,62.267,20.62,0.0,89.46,62.517,23.29,0.0,77.65,23.97,0.0,72.06,0.25,0.167
S02955,61.937,25.66,0.0,67.83,62.144,25.27,0.0,66.12,21.52,0.0,61.12,0.207,0.178
S02215,76.036,27.25,3.91,43.99,76.148,26.67,7.7,92.96,20.37,0.0,66.06,0.112,0.138
S04121,54.176,25.66,0.0,82.06,54.436,20.14,6.28,71.73,22.64,11.77,71.23,0.26,0.353
S04679,65.811,20.67,8.82,68.77,65.986,20.29,0.0,79.47,20.97,0.0,66.56,0.175,0.151
S06478,59.303,21.41,0.0,85.42,59.756,25.3,0.0,64.08,24.06,19.74,69.22,0.453,0.385
S07179,68.326,20.81,29.07,74.39,68.83,20.23,0.0,77.51,21.18,4.29,81.95,0.504,0.249
S07484,54.94,21.97,0.0,64.74,55.219,21.87,0.0,75.65,19.67,5.0,57.86,0.279,0.141
S09783,76.163,23.9,0.0,67.45,76.29,25.27,9.06,72.12,18.75,3.08,73.93,0.127,0.08
S06643,61.383,26.76,0.0,64.5,61.626,18.81,0.0,73.35,18.37,0.0,68.18,0.243,0.129
S08615,68.612,25.8,0.0,75.85,68.803,23.64,5.24,79.42,22.41,0.0,68.9,0.191,0.187
S04846,60.692,23.79,0.0,65.86,60.893,23.97,1.12,67.45,22.28,0.0,78.2,0.201,0.362
S02125,58.283,21.39,0.0,76.73,58.473,24.41,4.33,63.9,20.34,0.0,79.41,0.19,0.245
S08828,67.544,17.07,5.51,66.44,67.567,26.92,0.0,77.42,22.89,0.93,88.5,0.023,0.267
S00300,56.37,26.19,0.0,65.23,56.724,22.36,3.94,76.45,26.46,0.24,79.5,0.354,0.364
S09438,53.641,23.58,0.0,65.29,53.898,28.1,0.0,70.78,23.03,7.17,67.65,0.257,0.342
S08683,43.679,21.27,0.0,61.53,43.916,22.0,2.46,80.19,18.39,0.0,61.36,0.237,0.295
S09916,67.5,22.69,11.53,66.84,67.796,18.14,0.0,67.19,20.62,12.83,64.66,0.296,0.251
S05465,64.879,25.22,0.0,78.37,65.047,25.46,16.46,73.82,22.86,0.71,72.6,0.168,0.25
S07563,48.183,26.36,0.0,58.37,48.726,18.21,0.0,64.91,21.03,2.1,57.75,0.543,0.225
S02979,61.217,24.8,0.0,64.68,61.403,25.41,0.0,86.07,25.73,1.66,83.13,0.186,0.324
S07972,68.124,23.01,0.0,76.8,68.281,22.57,0.0,66.8,21.86,9.98,70.13,0.157,0.22
S07430,58.514,19.63,0.0,60.22,58.616,18.21,0.16,65.99,23.75,4.5,71.15,0.102,0.311
S05366,57.32,28.15,0.0,50.23,57.584,19.94,0.0,72.8,22.78,0.0,75.61,0.264,0.193
S08362,73.493,22.41,0.0,71.66,73.987,22.44,0.0,72.69,24.8,9.55,67.87,0.494,0.291
S08305,59.552,28.17,0.0,73.57,59.811,30.27,6.1,61.67,26.51,23.38,85.48,0.259,0.504
S02418,67.902,17.61,0.0,66.3,68.037,21.97,0.0,70.91,28.7,7.4,82.41,0.135,0.356
S06943,52.14,20.65,0.0,54.41,52.406,19.84,3.06,81.38,27.39,0.0,75.98,0.266,0.37
S06303,79.029,24.46,0.0,73.81,79.13,25.79,7.06,72.86,21.61,0.0,65.3,0.101,0.048
S00789,54.333,14.5,0.0,55.08,54.525,27.16,0.0,61.41,25.38,0.0,81.67,0.192,0.342
S04138,73.21,22.07,0.0,72.61,73.419,24.11,6.51,58.28,25.73,0.0,63.87,0.209,0.23
S05970,62.607,20.06,0.0,62.57,62.662,17.57,0.0,67.37,26.82,5.04,67.71,0.055,0.247
S00260,57.693,22.56,0.75,65.57,57.855,22.18,0.0,69.81,21.65,18.36,67.06,0.162,0.414
S04918,61.237,19.36,0.0,65.0,61.407,26.97,0.0,76.01,23.8,5.4,67.69,0.17,0.256
S05121,65.542,22.43,0.0,78.23,65.767,22.98,2.98,75.24,25.08,0.91,82.31,0.225,0.27
S09709,58.349,18.37,0.0,82.31,58.578,14.95,10.19,58.75,24.08,2.74,70.2,0.229,0.326
S04639,51.448,23.69,0.0,57.67,51.777,20.52,4.55,74.63,20.67,0.0,77.98,0.329,0.38
S03316,62.223,23.92,0.0,77.49,62.453,19.35,0.0,56.0,27.68,1.17,75.4,0.23,0.333
S08103,72.092,20.65,2.69,67.52,72.248,24.0,0.0,73.03,26.08,1.85,72.58,0.156,0.304
S06348,65.831,28.51,0.0,73.67,66.059,21.79,9.04,60.98,23.05,0.0,64.59,0.228,0.194
S09648,64.007,19.0,0.14,59.08,64.179,23.51,0.0,83.03,18.98,0.0,52.45,0.172,0.088
S01206,73.123,23.22,0.0,71.94,73.317,25.05,0.0,72.56,22.22,4.57,76.81,0.194,0.155
S02051,53.342,25.36,7.49,78.87,53.867,25.04,9.13,82.95,21.65,2.26,66.51,0.525,0.281
S05851,60.343,13.48,0.0,63.37,60.377,22.41,0.0,62.48,18.58,0.0,56.65,0.034,0.027
S08382,50.865,18.23,0.0,81.67,51.136,19.46,0.0,82.53,18.49,8.15,75.59,0.271,0.312
S01669,57.065,22.91,0.0,85.73,57.365,30.94,0.0,68.19,22.13,1.37,72.67,0.3,0.252
S07016,57.66,25.01,6.57,68.53,58.011,27.88,0.0,84.48,19.39,1.48,67.86,0.351,0.267
S02178,59.617,20.7,2.05,66.8,59.87,19.14,0.0,56.2,22.14,0.0,66.58,0.253,0.234
S03594,73.02,26.54,0.0,71.3,73.273,23.18,0.0,68.02,23.89,15.94,72.03,0.253,0.375
S09092,71.16,25.49,18.66,81.37,71.502,22.03,1.68,72.04,20.17,0.0,67.54,0.342,0.087
S08710,56.671,16.92,12.5,58.66,56.848,23.96,0.0,71.16,18.54,7.62,68.7,0.177,0.241
S05949,81.618,21.99,0.0,59.56,81.727,16.35,0.0,67.85,23.83,0.0,66.56,0.109,0.13
S00819,63.449,27.55,6.18,78.74,63.745,20.49,7.61,68.59,24.32,0.0,64.73,0.296,0.182
S07265,60.916,20.34,0.0,84.14,61.3,25.3,0.0,89.48,16.38,0.0,62.46,0.384,0.01
S01254,66.012,19.35,0.0,53.82,66.179,17.48,0.0,70.41,22.82,22.51,77.65,0.167,0.388
S09557,59.58,24.66,0.0,77.17,59.84,26.45,0.0,64.72,26.26,13.31,72.24,0.26,0.453
S05100,71.852,23.68,0.0,76.11,71.991,17.53,0.0,57.18,24.43,0.0,79.97,0.139,0.155
S01607,78.774,20.23,0.0,76.55,78.828,22.65,0.0,73.7,21.69,5.66,65.62,0.054,0.192
S06474,70.894,20.18,8.22,75.56,71.187,28.77,0.0,68.8,20.01,0.0,76.67,0.293,0.148
S09656,61.393,24.18,0.0,71.55,61.608,23.59,30.79,79.9,26.85,1.32,65.44,0.215,0.246
S04205,63.723,20.66,3.57,76.97,64.274,27.06,0.91,71.78,27.35,1.45,83.04,0.551,0.278
S02224,53.612,21.69,0.0,68.36,53.921,27.87,0.0,75.99,24.56,13.26,71.24,0.309,0.364
S02680,65.054,22.2,9.69,62.93,65.371,23.3,15.84,73.57,21.75,0.0,66.64,0.317,0.151
S01427,61.881,27.73,4.13,64.37,62.243,27.79,16.28,70.09,21.77,0.0,68.13,0.362,0.201
S02937,68.805,14.52,0.0,82.47,68.921,22.87,20.87,67.3,20.07,0.0,75.9,0.116,0.096
S08741,55.517,22.51,28.77,60.62,56.067,22.96,0.74,78.96,26.15,2.39,72.5,0.55,0.365
S07067,67.035,23.98,0.0,65.26,67.308,21.78,0.0,60.02,24.96,5.2,74.29,0.273,0.328
S08489,58.346,22.83,0.0,77.29,58.603,21.9,0.0,66.99,27.17,3.05,64.14,0.257,0.395
S05324,59.952,18.8,0.0,61.93,60.021,24.66,0.0,85.52,23.64,3.24,76.59,0.069,0.312
S08529,62.2,24.91,1.22,75.03,62.474,27.1,2.43,85.74,21.14,0.0,55.78,0.274,0.13
S01732,64.56,17.04,0.0,79.34,64.673,19.15,1.38,73.79,24.48,14.26,77.19,0.113,0.324
S05081,58.743,17.21,0.0,71.39,59.075,21.59,0.0,53.55,20.48,1.37,64.08,0.332,0.133
S00752,67.268,24.22,18.07,80.76,67.614,22.57,0.0,75.0,24.77,27.86,65.81,0.346,0.455
S05979,66.84,17.26,0.0,74.43,66.997,25.33,5.25,77.15,21.63,6.35,76.14,0.157,0.16
S01149,63.652,23.1,1.09,76.66,63.828,25.74,0.0,72.17,25.19,6.4,72.72,0.176,0.318
S02121,63.305,21.43,0.0,79.07,63.5,19.27,0.0,54.21,15.89,0.2,88.33,0.195,0.106
S06499,71.335,27.1,1.75,78.13,71.549,20.39,10.59,64.37,19.51,6.02,61.2,0.214,0.064
S07110,68.415,32.15,0.0,77.13,68.568,19.5,4.45,67.15,22.41,2.03,80.78,0.153,0.248
S09888,51.248,20.09,0.0,69.36,51.602,21.89,17.04,71.21,24.34,9.87,63.7,0.354,0.379
S06863,57.789,18.35,0.0,67.94,58.047,23.74,0.0,65.7,24.88,0.0,68.02,0.258,0.308
S05483,53.049,20.71,0.0,62.31,53.257,23.62,0.0,80.85,21.85,0.0,64.15,0.208,0.213
S07673,56.689,28.06,0.0,59.55,57.059,19.43,2.39,73.03,23.61,5.1,77.21,0.37,0.347
S00049,66.83,25.04,9.96,77.66,67.132,21.49,9.65,68.27,19.68,2.26,56.75,0.302,0.155
S01920,43.029,25.05,0.0,94.05,43.401,31.95,0.0,74.9,26.77,0.0,63.95,0.372,0.51
S02315,70.699,20.05,10.22,48.65,70.865,21.11,0.0,75.56,24.52,4.12,70.27,0.166,0.239
S08798,74.239,19.06,0.0,79.11,74.477,27.07,0.0,51.82,19.07,0.0,53.49,0.238,0.07
S08756,45.523,22.98,4.26,68.39,45.794,24.84,0.0,66.81,26.79,2.4,80.25,0.271,0.421
S02474,77.402,26.79,5.31,57.9,77.724,17.73,0.0,73.9,23.92,3.8,73.91,0.322,0.214
S07900,46.754,29.01,0.0,62.69,47.1,20.48,0.0,67.75,20.94,0.0,77.31,0.346,0.281
S05806,71.27,20.16,0.0,63.23,71.398,15.94,0.0,72.18,21.92,1.13,63.8,0.128,0.112
S03333,51.561,23.03,0.0,74.58,51.908,16.48,0.0,46.45,22.36,2.26,67.53,0.347,0.364
S02821,56.287,21.3,0.0,76.1,56.512,23.4,0.0,74.03,23.75,7.32,52.91,0.225,0.234
S03010,71.223,26.13,8.1,76.45,71.504,16.45,0.0,70.42,27.94,0.0,59.25,0.281,0.153
S05725,66.018,17.64,5.41,71.68,66.244,14.23,0.0,72.34,19.95,0.0,77.15,0.226,0.146
S08130,49.001,16.17,0.0,66.92,49.424,28.95,0.0,75.16,31.06,15.74,66.35,0.423,0.56
S04117,71.433,24.8,11.44,63.17,71.677,23.37,5.21,72.69,23.82,0.0,77.09,0.244,0.212
S08865,63.148,25.53,0.0,73.44,63.345,21.99,0.0,73.62,22.53,2.08,72.69,0.197,0.219
S05607,63.262,23.56,5.24,60.19,63.536,25.64,0.0,68.99,23.71,19.15,75.19,0.274,0.414
S02448,62.968,19.43,5.3,67.68,63.189,22.3,0.0,76.84,19.36,5.81,71.63,0.221,0.214
S09949,61.583,17.3,0.0,55.44,61.774,19.84,0.0,69.47,24.51,0.0,69.98,0.191,0.248
S07511,55.715,20.42,0.0,69.15,55.966,19.59,0.0,58.09,19.71,7.84,63.8,0.251,0.241
S06037,71.739,20.96,0.0,62.03,71.857,25.27,0.0,69.66,25.76,0.0,68.49,0.118,0.151
S02335,63.209,22.18,10.91,62.23,63.469,23.89,8.92,71.52,19.82,0.0,73.92,0.26,0.25
S01672,70.468,25.32,0.0,77.77,70.61,24.85,9.58,62.53,27.42,8.91,79.74,0.142,0.345
S09592,53.571,20.24,0.0,62.53,53.828,21.33,0.0,66.73,24.36,15.35,63.64,0.257,0.449
S07270,59.987,20.23,0.0,78.87,60.246,25.98,0.0,69.18,21.97,20.0,71.06,0.259,0.538
S03020,69.462,16.5,0.0,59.0,69.567,16.65,0.0,58.3,24.53,0.0,63.58,0.105,0.129
S06203,74.566,25.28,0.0,74.89,74.741,23.49,0.0,69.82,25.36,5.99,63.07,0.175,0.192
S01131,54.822,21.92,5.99,69.09,55.17,28.45,0.0,78.24,26.26,1.64,65.56,0.348,0.343
S03618,63.291,25.76,2.41,68.7,63.518,16.39,0.0,69.55,17.9,0.0,60.3,0.227,0.083
S02667,52.062,25.47,0.0,72.28,52.362,26.08,1.73,75.32,21.39,0.0,63.88,0.3,0.225
S04226,65.372,22.66,19.01,80.49,65.915,24.38,14.71,75.15,21.01,5.37,65.45,0.543,0.107
S03881,63.264,20.71,0.0,64.07,63.429,18.5,0.0,73.8,22.85,0.0,69.39,0.165,0.161
S09210,56.347,24.63,4.39,73.84,56.698,27.35,0.0,76.25,20.96,0.0,73.87,0.351,0.229
S02236,66.478,24.39,0.0,67.99,66.688,17.99,0.0,77.29,24.34,5.69,75.0,0.21,0.258
S03397,78.58,22.96,0.0,65.18,78.633,23.16,0.0,78.86,23.9,1.12,71.49,0.053,0.181
S09582,65.597,27.82,0.0,61.84,65.784,20.03,0.0,60.75,25.92,33.9,67.8,0.187,0.66
S04188,69.453,17.74,0.0,73.52,69.599,25.87,0.0,80.29,19.4,0.0,60.39,0.146,0.125
S02349,44.471,24.45,0.0,64.42,44.817,27.28,0.0,70.83,20.53,0.23,66.3,0.346,0.267
S09407,58.031,26.8,0.0,78.37,58.396,27.0,0.0,75.86,21.78,17.31,67.07,0.365,0.353
S02099,56.191,25.38,0.0,59.86,56.544,21.58,0.0,69.48,21.46,21.93,66.8,0.353,0.354
S01163,69.186,22.2,0.0,75.41,69.381,22.26,0.0,53.09,16.1,0.0,53.85,0.195,0.039
S02364,61.363,29.29,0.0,66.34,61.741,26.03,0.0,73.38,24.26,0.0,69.66,0.378,0.305
S03193,63.187,25.78,0.0,71.6,63.447,27.79,7.56,76.07,21.71,6.09,72.81,0.26,0.217
S04580,69.263,27.71,0.0,72.44,69.536,24.43,3.62,66.39,17.37,0.61,75.25,0.273,0.088
S05145,55.053,26.63,0.0,78.49,55.3,22.97,16.82,67.08,19.01,0.0,60.16,0.247,0.14
S07416,55.557,27.59,0.0,77.49,55.877,23.12,0.0,72.59,21.98,16.97,67.61,0.32,0.383
S06486,73.02,17.2,0.0,72.26,73.123,21.71,8.19,75.3,22.07,4.26,85.34,0.103,0.193
S04230,57.393,17.64,0.0,66.0,57.494,22.52,3.74,63.08,14.65,4.61,55.06,0.101,0.072
S00643,49.271,26.17,0.0,79.35,49.607,23.58,0.0,90.03,26.7,0.68,71.06,0.336,0.303
S03391,57.996,20.44,3.58,67.92,58.2,20.92,3.62,61.06,23.98,0.0,75.49,0.204,0.297
S06819,49.34,21.9,6.53,79.04,49.779,24.97,0.0,74.36,21.4,0.49,64.74,0.439,0.241
S04901,61.955,22.67,0.0,62.02,62.186,28.59,5.73,86.88,18.79,0.0,59.05,0.231,0.101
S04304,48.861,23.4,0.0,66.57,49.239,20.39,0.0,70.11,25.33,2.84,59.91,0.378,0.264
S02658,61.766,22.67,9.52,64.84,62.091,26.02,3.68,67.04,21.02,3.03,74.57,0.325,0.342
S02467,54.693,21.65,3.76,66.57,54.905,27.14,2.13,75.93,27.68,0.0,57.34,0.212,0.282
S00434,68.039,25.8,0.0,77.72,68.167,22.84,0.0,56.96,23.72,0.5,70.09,0.128,0.177
S03807,78.13,20.36,0.0,62.37,78.2,15.98,0.0,66.83,21.04,0.03,66.71,0.07,0.036
S00298,60.432,26.19,0.0,72.75,60.671,26.55,0.0,75.85,24.55,0.27,65.43,0.239,0.196
S00880,51.041,12.59,0.0,69.7,51.269,21.28,11.62,90.22,20.88,0.0,70.17,0.228,0.243
S04828,66.86,19.83,0.0,53.25,67.043,21.7,0.0,67.96,19.1,0.0,69.52,0.183,0.059
S08869,67.581,20.34,0.0,76.38,67.727,25.19,17.76,76.12,24.59,3.89,82.6,0.146,0.263
S00652,64.908,18.54,0.0,69.47,65.132,18.53,0.0,74.01,25.07,0.0,80.0,0.224,0.232
S06298,58.309,18.46,3.49,67.84,58.448,21.38,11.5,66.45,20.1,3.18,50.85,0.139,0.124
S06629,61.58,28.27,0.0,73.5,61.828,21.77,0.0,80.95,26.25,0.99,71.16,0.248,0.238
S03737,58.567,17.55,0.0,56.11,58.725,25.32,0.0,56.95,19.3,0.0,60.23,0.158,0.079
S03240,58.806,23.76,0.0,72.94,59.094,25.72,0.0,60.76,26.47,2.31,79.28,0.288,0.329
S04183,51.399,23.57,0.0,63.75,51.87,25.58,0.0,90.71,20.87,12.15,63.13,0.471,0.387
S02900,65.269,25.1,0.0,81.97,65.581,21.26,0.0,73.38,23.68,3.29,55.55,0.312,0.109
S03900,59.419,20.5,0.0,64.42,59.599,15.77,0.0,63.98,20.09,1.84,73.64,0.18,0.157
S03540,66.606,25.39,29.87,85.41,67.236,24.49,0.0,81.52,24.93,0.0,67.72,0.63,0.218
S07485,69.573,25.07,0.0,68.57,69.769,21.88,0.0,64.33,25.64,0.0,64.85,0.196,0.209
S03092,81.376,25.23,0.0,59.79,81.438,23.52,5.72,79.87,18.48,6.83,71.95,0.062,0.156
S02603,65.973,19.57,0.0,66.96,66.125,24.99,0.0,68.5,21.84,0.7,60.74,0.152,0.111
S04096,61.333,26.72,2.5,55.31,61.513,22.93,0.0,56.71,23.11,9.11,71.21,0.18,0.356
S03854,47.029,22.68,6.32,82.3,47.459,25.26,7.41,72.18,24.51,5.87,76.81,0.43,0.46
S00258,68.832,20.57,28.93,71.28,69.29,25.57,0.0,73.58,20.01,1.07,65.17,0.458,0.038
S01260,70.586,26.44,0.0,71.24,71.119,29.27,0.0,68.08,22.67,0.37,68.87,0.533,0.191
S03445,54.689,18.26,0.0,63.97,55.002,25.89,0.0,69.55,21.69,0.0,63.17,0.313,0.188
S08224,63.292,21.07,0.0,58.45,63.469,22.57,0.0,67.63,21.12,1.61,61.02,0.177,0.195
S01011,55.615,28.53,0.0,84.63,56.029,24.02,0.0,66.56,20.55,5.24,62.28,0.414,0.167
S08294,51.977,21.42,5.73,63.64,52.29,26.21,0.0,75.31,20.75,0.0,64.67,0.313,0.277
S07570,66.614,22.38,0.0,57.42,66.716,16.23,0.0,65.76,23.64,2.84,63.61,0.102,0.258
S04322,64.051,17.72,2.53,67.09,64.186,26.19,35.0,75.7,25.8,0.0,84.18,0.135,0.277
S02649,73.083,23.97,0.0,71.11,73.242,25.86,22.01,67.28,26.2,15.55,87.99,0.159,0.442
S07038,58.952,24.97,0.0,70.65,59.246,26.39,0.87,79.95,16.86,3.35,70.96,0.294,0.226
S07146,67.122,22.66,17.16,68.99,67.503,17.57,0.0,69.76,21.31,2.68,71.67,0.381,0.153
S02674,48.658,26.05,0.0,79.65,48.949,22.15,0.0,85.31,23.36,0.0,83.18,0.291,0.355
S03162,60.827,24.0,8.8,64.37,61.19,12.28,0.0,62.95,23.16,0.4,71.36,0.363,0.17
S04296,53.275,27.76,0.0,81.54,53.636,27.02,1.62,62.43,21.34,0.43,70.28,0.361,0.318
S02234,62.749,16.2,0.0,60.42,62.871,15.81,0.0,85.26,26.8,4.87,71.75,0.122,0.269
S08149,60.604,22.24,16.71,61.38,61.042,23.53,0.45,73.99,20.03,12.81,71.57,0.438,0.262
S01148,63.512,24.64,1.97,68.74,63.819,22.42,0.0,76.81,19.6,8.13,72.1,0.307,0.183
S01659,58.23,13.99,0.0,55.24,58.382,22.31,0.0,71.18,25.7,1.83,57.89,0.152,0.211
S02684,58.274,21.17,3.83,67.46,58.506,20.24,0.0,73.97,26.78,0.0,76.68,0.232,0.332
S05620,65.977,18.39,0.0,57.28,66.094,21.39,0.0,60.83,15.11,0.0,68.74,0.117,0.054
S03703,60.189,22.26,0.0,65.1,60.408,18.26,0.0,57.75,22.53,0.0,75.26,0.219,0.321
S06192,59.799,21.59,0.0,75.16,60.009,26.42,0.0,56.46,23.56,1.0,77.68,0.21,0.219
S02893,68.778,21.83,0.0,72.09,69.086,17.83,0.0,71.28,22.33,0.0,68.77,0.308,0.131
S04722,63.741,23.83,0.0,78.24,63.949,24.93,0.0,67.51,25.29,17.3,91.45,0.208,0.421
S00342,56.43,23.54,0.0,82.86,56.778,22.1,11.12,73.04,23.94,24.99,71.05,0.348,0.507
S07595,64.39,18.22,13.7,57.17,64.669,21.83,0.0,65.75,19.68,2.68,68.27,0.279,0.119
S05800,49.083,24.97,22.08,71.39,49.654,15.86,0.0,56.74,21.94,0.0,65.26,0.571,0.327
S04115,50.378,25.65,0.0,73.29,50.77,24.12,0.0,82.98,17.66,0.0,70.4,0.392,0.242
S04193,75.017,27.17,0.82,72.16,75.169,20.04,0.0,59.47,17.38,1.34,71.17,0.152,0.01
S04990,51.554,17.8,0.0,74.27,51.822,27.28,13.47,68.86,22.5,20.96,77.95,0.268,0.531
S08298,52.969,20.55,0.0,78.03,53.226,29.29,7.01,58.13,24.61,0.0,68.85,0.257,0.33
S09647,64.519,26.81,0.0,75.75,64.679,24.65,0.0,77.72,22.33,14.47,72.42,0.16,0.373
S04008,52.282,20.96,0.0,70.1,52.469,14.91,0.0,70.69,25.14,0.0,63.15,0.187,0.3
S00263,70.636,23.89,6.46,69.62,70.83,23.68,6.95,88.78,19.89,2.69,75.15,0.194,0.111
S08215,46.881,25.74,0.0,69.25,47.277,25.91,20.55,66.92,19.46,0.0,70.41,0.396,0.153
S09580,52.009,21.0,2.89,78.46,52.358,21.19,6.96,63.42,22.18,7.97,70.91,0.349,0.373
S00697,57.938,23.21,0.0,74.18,58.145,13.92,1.58,60.64,20.26,0.0,64.31,0.207,0.186
S00948,46.083,24.38,0.0,65.53,46.408,29.99,0.59,65.55,21.61,5.12,78.05,0.325,0.393
S01159,71.646,15.47,0.0,53.12,71.666,19.01,0.0,62.96,20.24,7.74,67.6,0.02,0.137
S02464,62.059,24.07,0.0,69.73,62.28,23.17,0.0,72.9,24.92,2.16,72.92,0.221,0.265
S06381,43.422,23.24,0.0,78.19,43.817,26.48,0.0,67.9,21.15,13.44,59.85,0.395,0.328
S02758,59.758,27.61,0.0,79.89,60.092,24.28,0.0,65.89,23.96,7.66,65.32,0.334,0.324
S04654,63.979,29.68,2.9,65.25,64.346,23.93,0.0,66.11,22.52,9.78,54.27,0.367,0.238
S09508,60.8,24.47,0.15,61.12,61.027,25.03,0.0,81.35,20.41,0.37,72.68,0.227,0.241
S03204,60.513,22.05,23.64,68.11,60.957,22.52,0.0,64.89,20.15,0.0,77.98,0.444,0.235
S00036,80.256,21.19,0.0,65.57,80.359,24.17,0.0,61.0,23.4,32.24,75.16,0.103,0.441
S08054,68.7,25.47,0.0,70.45,68.842,23.47,0.0,65.56,21.95,0.0,71.72,0.142,0.186
S08620,60.893,27.87,6.63,79.04,61.192,19.51,11.15,76.79,20.76,0.36,77.8,0.299,0.215
S00712,44.803,21.56,0.08,70.97,45.085,24.35,0.0,68.13,18.4,0.0,69.67,0.282,0.228
S03866,69.506,15.87,0.0,74.55,69.619,23.06,0.0,69.79,21.26,4.86,69.69,0.113,0.1
S03338,52.116,20.05,0.0,78.52,52.354,26.37,0.0,77.01,24.59,36.3,79.78,0.238,0.726
S09330,52.122,28.96,0.0,65.69,52.431,17.68,0.0,59.17,23.67,2.54,68.13,0.309,0.306
S00669,72.154,22.08,0.0,80.09,72.269,28.87,0.0,74.1,21.93,0.0,70.79,0.115,0.098
S08928,75.411,24.14,3.94,83.5,75.538,24.58,0.0,70.23,22.81,7.02,60.89,0.127,0.131
S03070,61.939,26.18,0.0,55.52,62.129,15.64,0.0,74.63,24.85,18.84,61.52,0.19,0.309
S07297,50.718,25.29,0.0,62.64,51.096,23.72,1.74,69.07,23.53,29.71,74.9,0.378,0.597
S05389,53.655,31.02,13.02,66.22,54.116,24.3,0.0,69.58,20.0,0.0,66.82,0.461,0.166
S07528,61.785,24.41,0.0,82.91,61.98,19.07,0.0,63.21,24.09,24.55,73.85,0.195,0.506
S01435,71.853,23.7,0.0,65.13,72.034,24.0,4.11,78.89,19.48,0.0,72.69,0.181,0.08
S05624,66.274,24.69,11.94,68.79,66.717,27.44,0.16,82.25,26.01,0.2,70.36,0.443,0.262
S04989,61.119,24.25,0.0,75.71,61.362,18.88,0.0,66.5,18.85,1.36,79.11,0.243,0.231
S01250,58.624,21.58,0.0,75.67,58.953,15.88,0.0,58.48,27.5,0.0,79.42,0.329,0.343
S02896,61.495,16.37,0.0,60.56,61.667,27.35,0.0,62.59,16.84,3.88,72.24,0.172,0.141
S06815,58.263,25.9,0.0,72.53,58.545,18.13,0.0,53.35,25.61,0.0,59.38,0.282,0.381
S08291,59.613,13.38,0.0,71.6,59.636,14.87,0.0,71.82,20.95,0.0,61.18,0.023,0.211
S03708,51.958,21.81,0.0,66.16,52.141,23.62,0.0,76.07,26.08,5.75,67.77,0.183,0.456
S07987,49.322,20.82,0.0,60.88,49.844,23.05,0.0,86.81,20.1,0.0,74.17,0.522,0.279
S04503,55.721,25.26,0.0,76.87,56.048,23.66,4.4,61.2,24.95,6.9,69.54,0.327,0.372
S08150,55.103,23.65,0.32,61.92,55.372,27.48,0.0,72.01,23.62,5.97,66.12,0.269,0.212
S04519,64.381,29.15,16.65,77.02,64.864,18.17,0.0,66.13,22.94,0.0,57.52,0.483,0.104
S01651,50.356,27.04,0.0,75.71,50.7,25.63,5.52,82.89,24.19,4.04,81.59,0.344,0.326
S04251,69.676,17.86,3.39,67.43,69.812,21.91,0.0,89.09,22.33,4.59,70.21,0.136,0.218
S01247,68.811,23.32,0.0,72.76,68.868,20.46,0.0,71.85,20.47,4.55,69.4,0.057,0.226
S09996,80.173,18.21,0.0,77.03,80.237,21.13,0.0,71.54,24.76,0.0,86.65,0.064,0.101
S00183,64.382,26.42,0.0,66.93,64.722,22.53,4.01,70.09,24.28,7.99,56.21,0.34,0.269
S08478,58.685,24.67,0.0,70.73,58.839,24.0,2.26,67.79,18.43,8.43,56.02,0.154,0.151
S04538,67.61,23.8,0.0,74.6,67.808,14.82,0.0,59.09,18.54,0.68,62.67,0.198,0.05
S00491,86.468,32.32,4.76,71.27,86.732,23.45,0.0,67.21,24.96,0.0,67.07,0.264,0.045
S08479,51.616,28.03,0.0,68.3,51.924,17.75,0.0,63.77,21.4,5.86,61.53,0.308,0.175
S05177,73.618,15.87,0.0,58.08,73.628,22.94,0.0,70.48,20.75,3.97,73.43,0.01,0.047
S05172,48.987,26.95,3.8,65.48,49.387,25.06,4.77,70.79,25.33,11.19,66.13,0.4,0.444
S06561,55.996,23.97,0.14,87.28,56.383,22.74,0.0,59.27,25.61,0.0,70.49,0.387,0.226
S08480,53.814,23.44,0.0,77.55,54.297,20.99,0.0,67.58,19.46,0.0,66.29,0.483,0.227
S08395,65.883,21.33,0.0,66.39,66.066,28.23,3.91,70.01,23.84,0.87,61.25,0.183,0.14
S03402,56.485,27.06,0.0,64.62,56.878,25.62,0.0,72.84,22.93,0.79,68.12,0.393,0.276
S06380,53.435,22.4,16.84,64.7,53.847,26.43,0.0,67.38,26.12,0.0,71.9,0.412,0.367
S04063,51.609,23.85,0.0,52.44,52.127,22.18,0.49,73.18,17.42,0.0,72.53,0.518,0.154
S03614,69.537,20.98,0.0,66.19,69.663,23.41,6.22,80.94,20.78,1.33,71.02,0.126,0.144
S00236,49.337,22.05,0.0,64.9,49.682,18.71,0.0,78.57,23.78,0.0,75.0,0.345,0.354
S02691,57.716,18.75,0.0,67.44,57.928,27.41,0.0,69.99,14.79,1.16,60.52,0.212,0.077
S00682,55.083,20.84,3.41,73.8,55.295,27.06,15.28,71.74,27.75,11.3,73.06,0.212,0.554
S08345,62.276,20.76,0.0,74.24,62.465,23.76,0.0,66.86,21.99,0.0,68.99,0.189,0.152
S09816,69.167,28.48,34.52,72.72,69.769,27.47,0.0,61.37,21.35,2.41,53.79,0.602,0.03
S06141,47.216,17.71,0.0,82.61,47.483,16.65,0.0,72.05,24.47,4.59,78.46,0.267,0.442
S07383,70.926,17.87,1.31,61.27,70.991,24.4,0.0,58.04,20.75,0.58,69.62,0.065,0.085
S09735,59.827,27.9,0.0,63.16,60.091,17.27,1.78,70.2,22.9,0.0,71.15,0.264,0.259
S09386,56.921,25.85,2.36,87.42,57.245,23.24,0.0,68.5,18.09,11.02,64.27,0.324,0.216
S07007,68.238,27.24,4.39,59.46,68.712,26.73,4.21,69.06,22.95,1.69,78.38,0.474,0.18
S06711,55.108,17.4,0.0,71.58,55.361,20.24,0.0,67.37,20.2,9.02,67.16,0.253,0.201
S01327,72.131,15.54,6.73,76.04,72.23,17.74,0.0,55.15,18.3,18.63,76.3,0.099,0.277
S02340,52.403,20.84,6.31,80.88,52.852,26.16,0.0,76.58,20.85,1.17,71.8,0.449,0.253
S00707,65.424,30.87,0.0,62.31,65.686,24.13,0.39,62.1,17.5,0.0,70.49,0.262,0.157
S07215,65.034,18.03,0.0,52.83,65.1,24.04,0.0,74.67,25.04,5.87,77.89,0.066,0.307
S07957,77.681,19.28,0.0,70.9,77.691,24.35,0.0,63.22,20.89,1.98,76.74,0.01,0.154
S00595,62.507,25.27,0.0,72.31,62.688,20.88,0.0,64.86,27.68,6.79,70.22,0.181,0.381
S04988,40.0,24.67,0.0,64.06,40.411,22.6,0.0,62.74,25.03,24.37,75.14,0.411,0.589
S08763,70.255,22.35,0.0,69.77,70.379,24.11,0.0,71.93,20.77,0.71,66.61,0.124,0.132
S02773,62.189,18.55,0.0,73.5,62.308,24.59,2.19,57.91,24.49,0.79,63.39,0.119,0.234
S01269,71.823,24.03,2.79,68.79,72.038,22.56,1.34,59.35,25.39,4.55,76.85,0.215,0.332
S02212,58.612,23.28,2.3,63.21,58.845,28.49,1.07,89.68,25.37,7.94,74.32,0.233,0.314
S06762,57.763,20.35,0.0,65.7,58.01,23.32,0.0,67.81,24.26,0.0,68.33,0.247,0.33
S04843,71.065,21.43,0.0,59.7,71.075,24.62,0.59,72.89,23.06,0.0,52.96,0.01,0.1
S03511,75.431,24.09,0.0,57.59,75.518,22.62,0.0,72.56,22.14,0.0,89.7,0.087,0.219
S09481,63.082,19.95,0.0,60.76,63.262,20.74,22.26,76.45,25.23,29.89,46.79,0.18,0.437
S06271,53.156,26.63,1.24,59.99,53.435,19.39,0.0,53.57,21.04,0.1,63.38,0.279,0.238
S04809,65.113,23.64,0.0,49.92,65.34,22.81,2.85,42.7,24.1,0.0,67.6,0.227,0.137
S06575,64.094,23.69,0.0,68.52,64.421,20.97,0.0,54.45,22.57,1.28,68.1,0.327,0.244
S08718,85.314,27.29,0.0,71.06,85.392,24.89,0.0,74.69,17.97,1.33,64.88,0.078,0.069
S02961,47.878,16.04,0.0,66.06,48.251,27.75,0.0,71.22,19.28,0.0,78.69,0.373,0.302
S08050,58.421,25.96,0.0,72.21,58.703,22.38,0.0,67.17,15.95,7.02,80.78,0.282,0.315
S01135,61.106,23.31,5.0,67.2,61.412,23.38,0.0,62.7,25.68,22.9,62.78,0.306,0.497
S02314,53.366,26.61,0.0,67.84,53.666,23.31,0.0,71.1,21.9,0.0,67.73,0.3,0.237
S09339,54.566,24.91,4.14,90.29,55.075,17.05,0.0,67.38,22.5,0.0,60.33,0.509,0.251
S04241,63.403,26.16,0.0,68.1,63.629,24.9,13.17,59.76,24.1,0.0,68.99,0.226,0.298
S03563,56.056,25.81,0.0,74.47,56.309,19.88,0.0,69.58,27.54,20.87,67.37,0.253,0.516
S02122,76.739,22.17,7.81,64.87,76.942,19.06,7.89,69.12,24.19,0.0,71.24,0.203,0.144
S04555,48.487,23.42,20.3,70.55,48.948,24.51,0.0,62.96,25.51,0.96,72.62,0.461,0.304
S02171,62.055,24.65,4.32,81.77,62.528,17.9,0.0,59.32,23.36,15.19,66.44,0.473,0.244
S01618,66.35,25.81,0.0,77.1,66.611,23.43,2.62,86.66,22.01,3.26,65.4,0.261,0.21
S07335,75.183,14.76,0.0,72.76,75.391,14.64,8.39,62.6,25.49,2.88,75.21,0.208,0.145
S07307,79.789,18.59,0.0,69.72,79.849,30.71,0.0,56.09,23.03,8.42,72.43,0.06,0.172
S06367,62.753,18.97,9.03,76.28,63.09,23.44,0.0,66.93,24.12,5.73,83.11,0.337,0.302
S04690,57.113,22.23,0.0,57.48,57.314,19.98,0.0,66.22,22.35,0.0,73.77,0.201,0.284
S01549,69.443,22.93,4.44,71.8,69.669,23.12,0.0,76.28,23.16,0.0,73.04,0.226,0.133
S06400,57.415,28.4,0.0,75.87,57.792,17.64,0.0,81.28,25.31,0.0,57.9,0.377,0.198
S04129,62.445,17.51,0.0,63.7,62.544,23.43,0.0,78.82,23.5,1.99,68.24,0.099,0.273
S02414,54.105,27.77,0.0,83.7,54.669,26.23,0.0,74.53,23.18,0.73,64.95,0.564,0.268
S07483,64.325,21.84,0.0,79.8,64.606,22.68,2.76,68.8,29.98,1.38,64.17,0.281,0.25
S08665,50.46,21.63,0.0,71.79,50.638,25.51,11.86,73.64,21.99,0.1,62.66,0.178,0.279
S02295,70.203,18.54,0.0,65.33,70.433,28.03,0.0,71.45,19.56,11.34,54.95,0.23,0.149
S02155,65.484,22.93,0.0,77.1,65.684,21.65,0.0,56.44,18.12,6.36,68.93,0.2,0.174
S05539,59.428,23.45,0.0,71.1,59.718,25.06,0.0,83.02,22.36,0.0,69.97,0.29,0.244
S09205,68.841,23.43,0.0,63.0,69.143,17.55,0.0,69.05,23.76,1.55,66.51,0.302,0.142
S05059,60.935,23.47,0.98,72.83,61.264,22.95,2.14,65.02,20.45,1.83,57.47,0.329,0.189
S04163,59.385,27.69,0.0,73.72,59.706,17.67,0.0,69.27,16.24,1.81,57.21,0.321,0.073
S05033,49.502,23.34,0.0,82.39,49.843,17.26,7.26,62.78,20.51,3.68,59.1,0.341,0.286
S04540,56.224,25.57,0.0,62.28,56.458,20.37,0.0,63.83,24.03,14.79,67.24,0.234,0.368
S01723,71.84,16.43,0.0,74.37,71.95,24.77,2.69,70.86,22.64,0.0,65.06,0.11,0.105
S07436,60.934,27.71,0.0,60.86,61.265,16.86,0.0,69.78,23.99,20.06,50.67,0.331,0.363
S08744,80.439,28.53,0.97,63.12,80.57,18.05,0.0,74.04,19.68,2.14,72.08,0.131,0.072
S09203,55.339,22.3,0.0,82.62,55.654,22.03,7.85,77.65,19.8,3.74,63.78,0.315,0.19
S07547,58.688,23.43,0.0,70.41,58.915,23.47,2.4,66.27,28.56,5.34,90.31,0.227,0.388
S03933,61.105,21.65,6.41,64.65,61.538,27.48,0.0,83.84,21.98,11.41,66.0,0.433,0.262
S06050,67.922,26.22,0.0,79.65,68.184,18.38,2.96,73.38,24.1,2.58,57.81,0.262,0.231
S00289,63.779,18.39,0.0,76.18,63.943,20.63,0.0,65.61,26.67,2.88,66.09,0.164,0.284
S03278,57.791,24.07,0.0,64.34,58.059,24.76,0.0,63.32,23.36,2.43,74.02,0.268,0.255
S02128,70.795,22.39,0.0,64.94,71.061,27.14,0.0,63.7,25.76,0.3,73.58,0.266,0.17
S04834,58.229,25.12,0.0,64.99,58.393,22.93,0.0,72.16,24.05,0.0,67.6,0.164,0.276
S00156,59.255,21.48,0.0,48.97,59.461,19.71,0.0,51.88,28.53,19.48,73.37,0.206,0.608
S07818,71.998,24.19,5.41,66.79,72.211,25.62,0.82,73.07,22.95,0.65,68.2,0.213,0.227
S08742,73.377,18.54,0.0,69.37,73.613,23.78,0.0,76.78,28.16,3.27,76.86,0.236,0.304
S01609,67.453,22.51,0.0,74.69,67.626,28.63,0.0,75.3,15.54,7.63,73.71,0.173,0.116
S02311,64.268,20.57,0.0,71.61,64.371,25.09,0.0,75.52,24.74,0.0,64.09,0.103,0.247
S05580,68.342,22.61,0.0,85.17,68.598,21.23,0.0,82.47,20.04,0.25,57.01,0.256,0.083
S09909,73.297,23.74,0.0,63.87,73.452,24.11,0.0,67.02,25.76,25.51,72.67,0.155,0.456
S05479,65.176,25.11,0.0,79.04,65.394,20.82,0.0,65.27,23.95,1.58,70.21,0.218,0.24
S05491,72.231,23.12,6.29,72.47,72.835,20.84,0.0,66.07,18.13,0.0,69.95,0.604,0.067
S06240,61.928,15.95,0.0,60.5,62.11,23.31,6.32,73.84,19.49,2.22,58.17,0.182,0.146
S09473,64.257,24.44,1.94,72.04,64.541,25.64,0.0,62.11,20.38,0.79,63.31,0.284,0.146
S06664,61.649,23.73,0.0,55.15,61.806,24.33,0.0,95.94,19.75,2.94,63.27,0.157,0.172
S01394,53.439,19.65,0.0,55.78,53.772,22.45,0.0,73.81,27.68,1.03,74.04,0.333,0.346
S01781,69.776,21.36,5.79,76.37,70.103,12.9,0.0,58.48,19.52,0.8,60.84,0.327,0.02
S01842,63.21,20.81,3.51,76.84,63.412,19.77,0.42,49.17,23.18,0.26,80.44,0.202,0.224
S09644,77.164,17.03,0.0,68.8,77.339,23.45,7.49,62.61,20.1,0.0,64.05,0.175,0.01
S08332,52.246,20.37,0.0,68.62,52.574,20.8,0.0,78.46,22.94,0.0,70.55,0.328,0.309
S01592,71.776,21.5,0.0,74.62,71.963,16.15,0.8,76.68,17.88,0.0,74.63,0.187,0.068
S07727,55.796,24.68,15.3,66.56,56.173,18.19,0.0,70.48,18.79,3.39,74.55,0.377,0.252
S06291,62.48,17.24,5.5,63.13,62.644,25.36,8.39,76.03,17.65,3.01,66.35,0.164,0.137
S09475,53.692,26.77,0.0,77.64,54.005,26.4,0.0,58.61,25.01,0.0,67.89,0.313,0.276
S07853,67.316,22.26,0.0,66.79,67.462,22.57,0.0,89.74,21.24,13.86,79.0,0.146,0.31
S05467,55.073,28.36,0.14,71.36,55.342,25.27,0.0,79.5,24.84,3.24,73.6,0.269,0.318
S06031,40.0,24.35,0.0,63.53,40.335,24.7,0.0,72.91,24.89,28.43,95.86,0.335,0.743
S00353,57.513,15.78,0.0,61.92,57.686,16.85,0.0,79.82,24.43,3.53,71.56,0.173,0.261
S03311,65.903,23.2,0.0,65.28,66.194,25.37,4.76,57.68,25.33,0.0,59.94,0.291,0.172
S02073,60.108,23.85,0.0,87.1,60.543,22.5,0.0,68.81,23.95,3.8,62.49,0.435,0.195
S08833,63.814,25.36,0.0,67.03,64.021,19.5,0.0,78.12,22.77,0.0,63.86,0.207,0.237
S09654,73.517,22.37,0.0,67.3,73.837,22.7,13.87,73.47,21.36,0.81,77.56,0.32,0.143
S05841,64.158,13.1,0.0,63.57,64.213,21.17,0.0,76.53,22.92,5.77,70.84,0.055,0.279
S05789,52.178,22.32,0.0,56.72,52.472,18.27,0.0,59.67,23.62,7.26,72.42,0.294,0.286
S04532,40.0,20.1,0.0,71.73,40.746,20.27,0.0,69.11,27.95,30.47,72.92,0.746,0.739
S04844,61.777,24.37,0.0,83.73,61.97,18.84,0.0,72.03,15.42,3.56,72.8,0.193,0.075
S03018,60.469,17.33,0.0,68.58,60.645,21.47,0.0,66.41,26.78,0.0,66.98,0.176,0.234
S02947,62.696,27.64,0.0,83.0,63.409,18.17,0.0,65.76,21.51,1.14,75.0,0.713,0.11
S03465,61.382,29.86,0.0,74.73,61.698,22.55,23.34,71.83,24.3,0.0,67.86,0.316,0.235
S04482,63.242,24.5,0.0,81.54,63.448,26.49,17.16,84.84,18.03,0.0,68.69,0.206,0.151
S08468,83.485,27.6,0.0,67.3,83.828,26.77,0.0,76.37,20.85,0.0,75.17,0.343,0.055
S01224,45.277,22.03,0.0,64.78,45.664,23.16,0.12,68.61,23.16,22.98,61.77,0.387,0.454
S06471,59.972,24.45,2.91,78.29,60.298,15.58,0.36,81.63,23.91,1.6,76.99,0.326,0.267
S05770,75.745,23.63,9.68,70.32,75.973,22.19,0.0,69.36,24.58,34.73,66.93,0.228,0.451
S03194,67.458,25.49,1.04,71.12,67.621,26.26,0.0,49.65,24.69,0.22,71.52,0.163,0.219
S07482,58.712,23.7,0.0,71.22,58.995,23.71,26.03,58.58,19.89,1.66,55.71,0.283,0.105
S00920,52.728,26.3,31.58,59.67,53.489,21.27,22.12,82.09,25.57,1.2,81.38,0.761,0.405
S08188,64.923,21.0,0.33,70.46,64.975,27.79,1.05,85.46,22.0,0.19,67.61,0.052,0.266
S05453,59.514,24.06,0.0,59.12,59.661,25.89,0.0,70.18,18.64,0.0,76.48,0.147,0.22
S07403,55.113,21.22,0.0,70.45,55.511,24.36,0.0,62.16,24.1,7.75,61.34,0.398,0.302
S03005,53.471,21.82,0.0,74.13,53.792,18.82,0.0,81.0,18.28,0.0,76.26,0.321,0.139
S04185,83.351,20.97,4.29,80.56,83.434,24.49,3.84,84.39,25.75,2.2,69.37,0.083,0.117
S08862,58.088,26.18,0.0,68.34,58.303,22.39,0.32,75.07,28.29,0.0,70.54,0.215,0.323
S04358,48.286,23.48,0.0,63.23,48.58,24.98,3.37,74.73,20.06,6.81,62.93,0.294,0.23
S07660,50.795,26.77,0.0,61.89,51.145,24.21,4.59,69.75,23.4,14.53,66.47,0.35,0.456
S04107,77.007,14.4,0.0,46.76,77.028,16.2,0.0,59.79,22.65,0.0,75.03,0.021,0.174
S04455,56.687,23.69,15.29,63.06,57.087,18.81,0.0,72.45,18.15,5.91,71.66,0.4,0.281
S07028,75.778,19.5,0.0,75.66,75.86,22.25,0.0,73.35,19.07,0.0,67.41,0.082,0.054
S06975,57.679,19.86,2.01,67.82,57.938,23.95,0.0,75.23,22.67,0.0,60.75,0.259,0.194
S06620,62.998,23.36,0.0,76.77,63.281,24.43,0.0,73.78,23.77,6.24,75.59,0.283,0.344
S06726,58.969,17.22,0.0,59.29,59.111,23.0,12.95,73.95,23.89,16.42,73.32,0.142,0.457
S00766,67.065,23.49,27.66,67.55,67.427,24.42,12.26,68.63,22.28,1.85,71.83,0.362,0.249
S01174,67.927,23.78,0.0,62.9,68.042,18.72,0.0,76.64,23.32,6.32,74.07,0.115,0.228
S00325,60.344,24.55,0.0,85.37,60.629,24.33,0.0,68.23,25.28,0.54,78.56,0.285,0.296
S09802,74.582,20.19,0.0,68.95,74.657,21.97,4.63,79.56,22.36,2.88,86.12,0.075,0.208
S08747,58.219,21.49,0.0,82.41,58.447,24.63,19.26,84.28,22.8,5.77,68.01,0.228,0.323
S04904,74.418,26.74,0.0,58.92,74.522,20.85,11.62,75.93,24.0,10.56,71.24,0.104,0.253
S06775,63.971,18.0,1.91,71.76,64.146,19.9,0.0,66.54,20.26,8.84,68.5,0.175,0.334
S05861,61.099,18.11,0.0,69.23,61.322,26.46,32.28,68.76,26.64,0.0,69.86,0.223,0.248
S07389,62.55,24.85,0.0,74.49,62.743,15.3,0.0,72.55,24.46,0.0,68.03,0.193,0.205
S07257,58.045,20.29,0.0,63.29,58.23,27.4,0.0,69.02,25.45,2.0,72.99,0.185,0.28
S09387,73.793,28.78,0.0,65.27,73.973,18.49,0.0,76.7,22.14,1.11,70.44,0.18,0.119
S08229,53.739,29.78,0.0,63.64,54.219,27.35,0.0,79.09,25.44,8.63,81.37,0.48,0.47
S06220,57.674,23.34,0.0,70.2,57.955,23.59,0.0,70.05,22.5,0.0,67.08,0.281,0.239
S09056,60.587,25.65,5.15,87.39,60.97,18.8,0.0,83.66,29.11,4.37,72.42,0.383,0.305
S06201,60.133,24.46,0.0,69.88,60.457,22.04,0.0,66.94,19.65,2.48,58.4,0.324,0.033
S07473,59.026,22.66,0.0,55.76,59.212,21.05,0.0,69.88,17.78,14.87,49.84,0.186,0.221
S01223,59.019,25.64,7.81,61.62,59.34,24.15,0.0,70.02,24.43,28.93,72.41,0.321,0.529
S04531,54.015,19.87,0.0,65.6,54.136,28.42,0.0,69.54,23.83,0.0,67.06,0.121,0.33
S02200,61.16,23.47,2.36,57.04,61.464,23.29,19.29,72.33,20.79,33.2,76.09,0.304,0.588
S06862,70.11,22.21,0.0,59.37,70.212,19.14,0.0,56.95,17.57,0.0,64.27,0.102,0.01
S05267,46.372,23.11,2.52,57.37,46.659,17.25,0.0,76.53,27.75,8.3,49.81,0.287,0.411
S00616,63.909,22.67,0.0,69.79,64.343,15.15,0.0,78.88,20.83,0.51,73.23,0.434,0.172
S07946,50.248,21.18,20.08,78.28,50.761,22.62,0.0,69.96,21.14,0.0,74.54,0.513,0.403
S01973,56.71,21.85,0.0,73.66,56.909,26.25,0.0,80.66,20.57,16.25,83.96,0.199,0.424
S03296,82.869,23.4,1.32,64.7,83.052,19.09,0.0,60.42,23.12,0.0,71.71,0.183,0.017
S02083,64.24,21.08,33.0,68.28,64.709,22.79,0.95,79.08,25.25,1.21,76.58,0.469,0.271
S06759,64.365,21.8,0.0,83.46,64.594,23.53,0.0,57.2,20.16,3.7,71.87,0.229,0.093
S08524,52.392,21.92,0.21,74.14,52.972,18.76,0.0,67.12,22.37,4.31,76.94,0.58,0.329
S03947,57.371,25.91,1.62,70.24,57.728,25.64,0.0,69.71,21.48,0.98,69.13,0.357,0.241
S01009,60.046,22.68,0.0,74.36,60.364,22.43,0.0,57.76,25.26,10.35,68.03,0.318,0.456
S08010,52.83,25.85,0.0,62.51,53.133,23.85,0.01,79.69,17.66,1.41,71.16,0.303,0.193
S00976,61.071,25.57,8.18,85.1,61.541,22.9,0.0,62.2,17.51,0.0,64.36,0.47,0.115
S01635,64.587,27.08,2.16,66.24,64.837,18.68,0.0,71.94,22.52,33.44,76.33,0.25,0.524
S05008,66.674,24.37,0.0,95.41,66.949,17.14,0.0,62.47,22.01,1.15,67.77,0.275,0.153
S02808,70.024,18.52,0.0,57.88,70.054,24.51,3.89,67.79,19.65,18.82,77.83,0.03,0.334
S00095,65.148,21.07,0.0,67.18,65.31,22.64,1.3,66.86,14.37,7.51,72.97,0.162,0.137
S04683,69.831,21.92,0.0,63.82,70.003,28.42,0.0,86.82,24.77,31.35,83.59,0.172,0.576
S00121,40.232,24.69,18.74,68.23,40.943,27.95,0.88,58.9,18.78,3.41,62.45,0.711,0.375
S01216,71.21,20.98,0.0,84.12,71.301,22.23,0.0,77.78,25.7,0.0,58.95,0.091,0.123
S00198,70.984,25.07,0.0,74.3,71.222,27.43,24.42,91.11,18.79,4.0,73.36,0.238,0.065
S05743,53.34,21.35,0.0,61.32,53.68,19.67,0.0,66.48,23.59,0.0,66.98,0.34,0.321
S07209,59.327,23.66,0.0,72.13,59.686,23.73,0.0,88.5,21.47,2.23,69.5,0.359,0.204
S09726,68.323,24.22,0.0,74.97,68.634,25.17,1.42,75.67,23.78,1.82,74.09,0.311,0.259
S06556,68.678,16.72,0.0,54.5,68.688,23.52,0.0,76.72,24.55,0.0,67.01,0.01,0.277
S05032,79.699,24.93,0.0,68.6,79.717,24.48,0.0,67.81,25.69,0.0,67.49,0.018,0.099
S07457,66.747,18.78,7.19,69.45,66.953,24.33,0.0,71.46,18.95,4.19,71.73,0.206,0.137
S01691,67.798,17.71,16.41,82.21,68.174,19.44,0.0,67.59,23.75,0.0,78.6,0.376,0.218
S06941,64.873,20.16,0.0,77.38,65.062,16.46,0.0,74.52,17.85,2.16,67.92,0.189,0.111
S02116,65.576,25.35,0.0,86.86,65.866,27.63,12.08,61.24,26.27,0.83,65.47,0.29,0.21
S09188,54.676,19.63,0.0,68.29,54.83,24.15,8.29,75.55,24.97,0.0,78.47,0.154,0.364
S07394,57.078,28.55,0.39,73.56,57.438,14.47,10.58,61.01,21.44,0.0,71.17,0.36,0.265
S08418,76.95,19.22,0.0,68.66,77.005,22.78,0.0,78.08,23.77,0.0,65.11,0.055,0.062
S05502,76.685,21.37,0.0,58.48,76.695,26.47,0.0,65.55,20.27,3.59,55.6,0.01,0.034
S01113,60.483,22.68,0.0,69.07,60.777,23.42,0.0,73.3,20.8,20.82,75.74,0.294,0.405
S07375,56.429,26.02,4.9,61.77,56.792,25.89,1.86,76.97,21.32,0.0,67.62,0.363,0.197
S04345,70.427,22.1,0.0,81.7,70.645,23.41,4.23,71.22,23.26,1.63,65.57,0.218,0.224
S08614,73.802,18.76,0.0,79.6,73.897,24.06,5.69,61.52,27.1,2.38,74.77,0.095,0.257
S01760,73.744,22.85,7.94,67.23,73.936,22.38,0.0,81.7,21.71,3.11,66.45,0.192,0.135
S04437,51.383,24.75,1.28,77.31,51.773,24.92,4.06,64.01,18.52,0.0,63.18,0.39,0.196
S01963,54.176,20.8,4.78,65.83,54.453,18.58,0.62,67.78,21.58,10.45,58.01,0.277,0.253
S08375,53.516,21.6,0.0,67.77,53.825,20.85,7.68,65.39,20.57,0.0,75.11,0.309,0.248
S08403,56.406,28.89,0.0,82.9,56.998,17.73,0.0,65.96,23.73,0.0,68.64,0.592,0.245
S00194,71.009,22.84,0.0,84.74,71.234,18.64,0.0,59.6,25.75,0.0,78.9,0.225,0.24
S09178,44.459,20.29,0.0,74.25,44.87,29.35,12.76,74.11,24.08,0.0,70.75,0.411,0.375
S02964,54.281,18.71,0.0,57.98,54.463,26.04,0.0,62.37,25.78,3.64,77.31,0.182,0.353
S09151,57.901,16.63,0.0,77.72,58.093,24.8,0.0,76.46,23.73,16.78,63.22,0.192,0.389
S03677,73.133,26.47,0.11,54.86,73.482,27.81,0.0,65.18,21.58,0.0,65.85,0.349,0.104
S06188,64.321,25.18,0.0,65.04,64.594,25.09,0.0,63.82,24.99,1.05,73.33,0.273,0.272
S08787,51.283,22.05,0.0,68.78,51.568,19.33,6.74,75.86,25.01,7.13,66.6,0.285,0.461
S00435,54.808,21.07,0.0,64.58,55.173,24.24,20.14,81.9,20.42,1.56,69.62,0.365,0.235
S07036,56.642,23.32,0.0,80.01,56.99,24.19,14.59,76.46,19.94,0.54,73.63,0.348,0.245
S05470,65.215,19.92,0.0,67.04,65.345,25.92,4.41,70.61,23.48,0.0,73.1,0.13,0.187
S06907,61.492,19.89,0.0,60.47,61.6,28.37,0.0,60.71,28.7,5.86,75.83,0.108,0.406
S06002,59.617,21.43,2.69,66.55,59.901,28.39,0.0,68.61,20.91,6.36,59.19,0.284,0.173
S06538,70.793,19.46,0.0,60.56,70.818,26.4,0.28,67.82,23.58,0.0,61.59,0.025,0.152
S08647,61.466,16.43,0.0,64.5,61.716,28.59,19.35,86.67,25.33,6.76,62.48,0.25,0.319
S07044,45.854,17.16,0.0,63.78,46.156,23.71,3.54,74.68,23.59,0.0,73.18,0.302,0.373
S02966,56.906,26.22,0.0,60.83,57.228,21.81,0.0,77.19,19.28,0.0,64.49,0.322,0.137
S06077,70.865,19.76,2.2,66.1,71.036,23.86,0.0,66.88,22.46,0.0,77.01,0.171,0.14
S05325,64.289,19.78,0.0,64.13,64.429,23.48,0.0,84.99,22.23,1.96,64.7,0.14,0.155
S07927,56.5,22.91,0.0,65.57,56.803,25.55,0.0,60.06,23.96,4.25,71.06,0.303,0.311
S04592,60.822,20.56,0.0,67.91,60.999,21.03,0.0,72.88,18.24,1.51,59.32,0.177,0.027
S05616,63.536,21.46,0.0,69.74,63.795,20.31,0.0,74.44,23.18,15.28,74.35,0.259,0.446
S05361,60.723,16.8,0.0,73.64,60.778,20.85,0.0,74.13,23.67,2.34,69.31,0.055,0.236
S02976,60.469,20.09,0.0,57.95,60.616,18.98,0.0,68.58,24.41,19.68,69.23,0.147,0.406
S05769,66.499,22.64,0.0,71.07,66.731,19.79,0.0,58.36,23.75,2.12,62.24,0.232,0.188
S00085,54.326,22.25,6.68,65.59,54.65,24.97,0.0,71.68,23.35,11.5,69.41,0.324,0.34
S00166,57.46,24.15,12.44,84.29,58.123,21.7,0.0,76.28,22.97,10.74,65.11,0.663,0.301
S00441,54.574,18.53,0.0,65.88,54.922,17.41,0.0,60.9,25.25,23.74,70.69,0.348,0.491
S08509,76.654,23.69,0.0,66.76,76.72,23.5,0.0,74.28,22.85,3.13,70.82,0.066,0.122
S08170,64.717,19.58,0.0,58.41,64.837,25.32,1.53,68.92,21.3,16.57,72.59,0.12,0.379
S04836,52.061,25.11,0.0,72.07,52.372,27.41,0.0,84.38,21.31,10.54,63.67,0.311,0.44
S01371,62.925,21.39,0.0,66.45,63.169,23.22,6.7,66.35,18.47,17.63,70.97,0.244,0.34
S02179,55.426,20.59,4.4,73.1,55.676,18.27,0.0,63.93,22.86,0.0,61.43,0.25,0.267
S04785,81.036,24.39,0.0,75.65,81.083,26.26,0.0,90.69,25.06,4.0,78.39,0.047,0.136
S09051,57.791,24.09,0.0,71.5,57.958,23.44,0.0,85.45,26.59,0.75,73.4,0.167,0.385
S04498,66.709,27.99,0.0,71.81,66.853,20.03,0.0,64.06,21.1,0.05,66.95,0.144,0.137
S08210,78.079,25.53,4.92,78.0,78.227,24.3,0.0,88.35,25.39,0.0,72.83,0.148,0.121
S01471,53.963,26.07,0.0,65.54,54.45,12.36,4.1,66.03,24.11,0.0,70.02,0.487,0.29
S08177,63.668,26.83,0.0,81.09,63.962,18.01,0.0,60.63,20.82,2.34,65.37,0.294,0.104
S03317,57.437,17.77,0.0,67.86,57.574,24.91,0.0,68.45,22.0,5.92,75.09,0.137,0.248
S00162,61.597,26.73,0.77,64.25,61.837,25.84,1.35,66.11,23.05,7.94,63.0,0.24,0.201
S06929,73.694,25.98,0.0,72.21,73.763,19.75,0.0,60.62,23.89,0.41,69.49,0.069,0.148
S04010,53.581,19.72,7.2,60.15,53.846,15.72,0.0,70.87,18.65,0.62,76.17,0.265,0.222
S08016,73.182,14.24,0.0,61.06,73.207,27.13,0.0,77.68,26.59,13.67,61.99,0.025,0.319
S09485,57.757,26.74,2.82,75.93,58.057,30.16,0.83,76.12,21.86,0.0,73.2,0.3,0.288
S02186,52.444,22.85,0.0,77.88,52.801,19.82,0.0,58.01,25.17,1.47,77.64,0.357,0.305
S04079,62.204,22.63,0.0,79.57,62.39,25.03,0.0,72.14,17.66,0.0,69.98,0.186,0.161
S04667,62.202,20.24,0.0,57.55,62.395,22.04,0.73,76.01,23.51,5.27,69.88,0.193,0.245
S06549,86.009,23.74,0.0,87.35,86.225,22.19,0.0,64.05,23.37,0.0,55.21,0.216,0.01
S04320,73.661,22.84,0.0,57.8,73.833,21.09,0.0,65.66,23.08,10.03,65.55,0.172,0.193
S02817,60.997,17.45,0.0,58.3,61.012,25.84,17.95,70.54,22.97,0.0,63.31,0.015,0.204
S03467,59.844,26.05,0.0,71.69,60.085,23.37,0.0,91.12,26.91,18.09,70.69,0.241,0.427
S02026,66.467,23.29,0.0,75.63,66.782,21.72,0.0,62.7,23.66,11.24,60.62,0.315,0.297
S03016,52.236,27.15,0.89,66.05,52.576,18.58,4.16,59.85,23.83,2.19,68.29,0.34,0.356
S08147,60.797,18.84,0.0,70.97,60.972,22.4,0.0,72.86,24.37,2.33,67.32,0.175,0.257
S06833,63.194,26.04,12.45,70.91,63.633,21.36,0.0,67.74,23.8,12.1,70.48,0.439,0.451
S04140,57.305,27.29,0.0,83.82,57.691,21.98,0.0,86.97,20.95,34.07,67.19,0.386,0.489
S05126,63.699,27.22,2.37,86.91,64.072,17.24,0.0,56.67,24.45,0.0,65.05,0.373,0.263
S06722,56.808,24.66,2.9,86.63,57.107,15.64,0.0,70.89,21.28,2.66,57.93,0.299,0.233
S03869,61.614,22.31,0.0,55.71,61.761,21.46,0.0,67.87,19.22,0.67,70.22,0.147,0.153
S09682,58.953,24.78,0.0,80.38,59.233,23.29,0.0,79.9,24.9,4.16,71.97,0.28,0.305
S09081,64.868,20.29,0.0,59.65,65.016,19.28,0.0,56.39,22.26,0.0,71.92,0.148,0.162
S05185,62.349,20.13,0.0,82.73,62.867,24.32,0.0,69.06,21.54,4.19,65.46,0.518,0.153
S06628,77.057,18.44,0.0,69.77,77.189,27.65,0.08,64.07,17.85,1.6,64.33,0.132,0.082
S05048,69.659,25.96,0.0,69.04,69.809,27.69,0.0,79.51,21.28,0.0,57.26,0.15,0.1
S06460,67.961,22.81,0.0,70.73,68.134,25.69,0.0,72.97,26.4,0.0,76.4,0.173,0.27
S09755,74.398,27.37,0.0,64.54,74.641,20.26,7.38,58.39,20.3,0.27,71.61,0.243,0.11
S09573,56.787,23.7,0.0,60.22,56.878,20.74,0.0,56.61,24.12,1.22,75.32,0.091,0.289
S06108,56.87,24.8,7.74,68.08,57.162,24.58,0.0,75.31,24.67,17.82,74.71,0.292,0.439
S09175,44.722,21.46,5.73,68.43,44.977,22.78,0.0,74.89,23.21,15.09,77.4,0.255,0.474
S00060,58.108,26.84,3.43,70.83,58.617,19.48,3.95,49.69,18.41,0.0,69.83,0.509,0.167
S00692,55.355,26.93,0.0,77.52,55.614,28.3,0.0,63.76,14.75,2.52,71.95,0.259,0.165
S02942,63.579,25.42,7.5,69.38,63.765,17.86,0.0,75.62,19.35,0.0,73.06,0.186,0.222
S04243,63.096,26.27,0.0,77.35,63.363,23.07,2.79,65.16,25.26,2.03,66.25,0.267,0.227
S02313,58.899,15.98,0.0,65.11,59.118,26.46,0.0,81.56,22.88,1.8,56.85,0.219,0.215
S01980,70.119,15.95,1.28,61.31,70.283,20.16,0.0,67.98,22.66,2.06,75.04,0.164,0.141
S00062,71.006,26.29,0.0,75.29,71.216,18.81,0.0,64.42,20.6,0.0,72.87,0.21,0.127
S06708,47.136,19.86,0.0,59.79,47.377,25.36,0.0,62.16,22.96,0.0,67.45,0.241,0.339
S06636,63.389,25.38,0.0,79.56,63.806,24.1,12.06,64.93,24.6,8.76,86.68,0.417,0.426
S08933,76.273,22.54,0.0,66.67,76.408,27.46,2.4,69.15,23.26,2.49,69.16,0.135,0.117
S06174,66.819,18.58,0.0,56.3,66.913,21.03,0.0,62.57,19.16,0.18,66.24,0.094,0.089
S07995,54.865,23.63,0.0,71.12,55.236,25.91,7.54,58.58,20.51,2.71,71.42,0.371,0.25
S07269,82.399,26.36,1.28,70.65,82.502,22.73,0.0,80.58,18.18,0.0,72.88,0.103,0.022
S09461,72.571,17.91,27.98,68.62,72.952,22.08,0.0,51.6,24.78,0.37,77.19,0.381,0.258
S07030,54.864,28.94,10.58,68.51,55.446,16.83,0.0,60.92,24.57,0.79,71.31,0.582,0.331
S07968,53.849,18.57,0.0,79.24,54.155,18.54,0.0,67.23,24.15,8.82,72.38,0.306,0.439
S03184,60.355,30.94,0.0,79.36,60.727,20.3,0.0,89.25,20.02,3.76,69.82,0.372,0.126
S09121,67.046,25.9,4.29,80.2,67.229,18.06,0.24,70.2,22.27,0.0,71.59,0.183,0.123
S03272,57.706,23.9,0.0,74.71,57.952,23.41,2.36,65.07,23.57,1.56,79.36,0.246,0.337
S04697,69.429,25.0,0.44,84.51,69.632,21.91,4.37,58.87,22.23,0.0,71.78,0.203,0.152
S07447,49.089,25.05,0.0,85.17,49.726,16.0,0.0,57.0,23.32,0.0,76.85,0.637,0.338
S08782,68.628,22.65,0.0,59.19,68.817,27.08,0.0,83.16,23.36,28.44,73.75,0.189,0.458
S05359,77.108,27.11,0.0,80.92,77.301,22.16,0.0,63.86,20.45,0.0,78.69,0.193,0.109
S09609,70.981,27.67,0.0,88.9,71.307,28.97,0.0,49.25,26.02,23.88,65.12,0.326,0.421
S00028,58.012,28.0,0.0,61.09,58.338,21.46,0.0,59.26,23.55,0.0,66.39,0.326,0.225
S03658,66.57,19.62,0.0,69.84,66.739,23.86,0.0,71.2,25.89,17.16,67.04,0.169,0.444
S00838,61.185,21.49,0.6,68.6,61.559,18.0,0.0,62.67,19.43,0.0,59.94,0.374,0.178
S02945,71.47,22.14,0.0,72.6,71.622,21.88,2.06,74.78,23.8,2.22,69.1,0.152,0.217
S03294,55.109,15.67,0.0,62.06,55.386,17.74,0.0,75.0,19.73,6.78,83.62,0.277,0.27
S00302,60.538,18.31,0.0,71.57,60.744,19.49,0.0,62.45,24.43,0.0,74.01,0.206,0.357
S05791,62.87,23.77,0.0,64.77,63.058,27.68,0.0,73.48,23.1,6.9,61.64,0.188,0.241
S05316,64.561,22.84,0.0,65.26,64.788,22.6,16.36,77.71,23.17,3.99,59.32,0.227,0.157
S07658,72.035,22.05,0.0,75.83,72.141,23.96,0.0,59.39,22.57,0.0,63.34,0.106,0.099
S01312,63.111,21.38,0.0,77.32,63.394,19.17,0.0,59.73,18.25,7.4,56.32,0.283,0.106
S07949,62.744,27.93,0.0,69.24,63.039,17.31,7.0,72.63,20.83,0.17,70.18,0.295,0.274
S06559,64.446,28.89,0.0,83.36,65.044,22.74,17.98,72.73,25.96,0.18,79.49,0.598,0.286
S01901,46.615,21.44,0.0,78.0,46.881,20.59,0.0,61.15,23.7,18.85,66.45,0.266,0.507
S00610,53.535,26.56,0.0,80.39,53.875,18.52,0.0,75.96,22.85,1.31,85.54,0.34,0.355
S07875,63.986,21.14,0.0,73.25,64.189,22.94,0.0,67.89,19.07,0.7,66.44,0.203,0.138
S03709,62.237,20.28,5.59,61.21,62.507,24.86,0.0,82.28,22.16,19.48,72.61,0.27,0.414
S01025,60.59,19.33,0.0,81.43,60.739,26.46,0.0,67.07,28.78,7.05,87.03,0.149,0.485
S05543,63.794,25.62,1.55,71.54,64.062,23.49,0.0,80.21,26.31,2.74,88.55,0.268,0.449
S01052,67.434,20.28,3.04,59.73,67.72,20.44,13.59,82.56,24.2,0.0,67.25,0.286,0.166
S06647,50.364,17.03,0.0,64.95,50.618,17.51,0.0,61.4,21.19,0.85,74.63,0.254,0.298
S07370,55.185,23.92,25.03,63.9,55.656,24.42,0.0,81.56,21.27,5.28,67.6,0.471,0.244
S09077,49.228,26.33,6.46,80.78,49.739,27.55,0.0,74.44,22.84,0.0,80.69,0.511,0.363
S05617,69.573,28.35,19.33,70.48,70.021,27.8,0.0,72.09,26.66,1.23,81.25,0.448,0.344
S09457,68.776,24.96,0.0,71.74,69.147,21.98,0.0,59.67,24.22,11.62,65.55,0.371,0.346
S08313,68.921,15.39,0.0,58.46,69.03,20.3,0.0,65.67,24.94,0.21,65.29,0.109,0.231
S03100,49.39,29.81,0.0,68.72,49.705,13.97,0.0,58.38,20.29,10.4,62.17,0.315,0.267
S06905,55.663,18.07,14.65,57.89,55.94,20.56,0.0,74.92,18.08,24.5,63.35,0.277,0.384
S08714,53.895,21.88,0.0,62.24,54.091,22.38,0.0,78.64,24.05,1.78,72.62,0.196,0.336
S04088,79.062,26.61,0.23,64.85,79.132,21.76,0.0,59.91,20.34,6.31,71.95,0.07,0.148
S09396,60.26,25.32,3.1,72.74,60.454,19.12,0.0,71.39,21.9,2.5,63.08,0.194,0.173
S00608,75.535,25.11,0.0,69.59,75.596,24.86,0.0,76.24,23.5,0.0,59.94,0.061,0.098
S05631,58.589,14.33,0.0,71.26,58.925,26.37,0.0,82.54,22.63,1.28,71.76,0.336,0.267
S02377,63.725,24.91,0.0,75.34,63.93,27.77,2.17,67.67,26.9,1.54,70.84,0.205,0.278
S02883,56.779,23.66,0.0,60.16,56.961,18.47,0.0,62.22,19.72,0.0,63.8,0.182,0.206
S04807,50.83,20.93,0.0,71.64,51.121,27.8,9.38,85.54,25.58,0.0,77.01,0.291,0.396
S06228,61.521,26.52,0.0,80.42,61.802,27.07,0.0,73.88,27.24,1.43,75.29,0.281,0.265
S01324,42.207,19.02,0.0,70.45,42.46,20.83,0.53,66.69,18.86,5.71,79.97,0.253,0.317
S02363,53.314,27.7,0.0,86.41,53.65,20.82,0.0,68.45,20.74,0.74,71.71,0.336,0.271
S05866,65.149,23.84,0.0,79.35,65.347,21.31,0.0,64.91,22.02,3.74,64.46,0.198,0.181
S02207,49.668,17.75,0.0,61.78,49.876,21.1,0.26,65.33,22.72,7.65,65.27,0.208,0.39
S09215,44.263,22.46,0.0,75.47,44.625,19.44,0.0,71.43,22.42,0.06,73.11,0.362,0.38
S01067,67.703,19.21,19.97,77.14,68.203,18.07,0.0,47.9,23.71,25.03,71.38,0.5,0.365
S04606,71.557,26.9,5.8,79.3,71.744,19.09,0.0,63.42,26.27,1.41,63.2,0.187,0.147
S06062,61.78,19.16,0.0,71.21,62.012,18.66,0.0,70.56,21.92,0.0,74.91,0.232,0.2
S03812,64.708,24.23,0.0,70.47,64.944,21.12,0.0,56.66,25.93,2.58,66.6,0.236,0.224
S01637,64.847,19.15,0.0,57.07,64.873,22.87,1.98,73.8,24.98,9.87,78.11,0.026,0.432
S06786,66.364,24.69,0.0,74.89,66.644,17.88,0.0,60.03,26.03,0.0,60.8,0.28,0.292
S02575,66.475,19.51,0.0,72.02,66.663,27.1,9.67,58.05,26.99,3.65,56.76,0.188,0.195
S09719,41.783,24.45,0.0,67.13,42.37,21.81,0.0,66.36,20.85,0.0,70.33,0.587,0.273
S06243,61.645,22.1,18.32,75.69,62.039,16.97,0.0,63.33,19.98,2.35,63.86,0.394,0.08
S04825,73.186,22.24,4.9,83.38,73.411,25.97,0.0,66.93,23.45,5.17,68.63,0.225,0.197
S01007,50.447,24.83,33.65,70.51,51.105,23.85,19.53,72.92,25.68,4.43,72.31,0.658,0.383
S01398,56.813,29.79,0.0,77.6,57.248,26.14,0.0,62.48,23.93,29.95,76.11,0.435,0.65
S00687,64.2,18.54,0.0,74.21,64.504,20.42,0.0,58.17,23.27,7.3,67.37,0.304,0.338
S09514,69.796,26.63,0.0,69.49,69.911,25.45,3.03,73.07,20.44,0.0,73.08,0.115,0.133
S08898,62.082,22.39,6.31,76.15,62.352,20.17,0.0,65.85,22.47,0.0,61.51,0.27,0.197
S01445,70.296,25.98,15.8,55.25,70.555,28.52,0.0,66.7,21.34,1.36,90.81,0.259,0.212
S01201,70.857,20.45,3.15,62.99,71.045,25.37,10.9,57.64,22.98,3.16,72.58,0.188,0.144
S08318,64.652,25.63,0.0,76.2,64.988,22.42,0.0,81.06,18.21,5.28,70.19,0.336,0.159
S07736,72.468,19.04,0.0,64.38,72.637,22.58,0.0,66.18,20.36,0.0,71.27,0.169,0.125
S08057,52.515,18.49,0.2,68.82,52.704,29.37,0.0,88.13,26.3,26.58,75.38,0.189,0.563
S02294,56.562,22.14,0.0,60.24,56.846,25.6,0.0,69.54,25.5,1.3,70.17,0.284,0.301
S00820,68.259,21.12,0.0,65.7,68.335,26.46,0.0,69.0,20.58,0.02,66.97,0.076,0.14
S03462,62.971,23.72,0.0,49.74,63.159,24.62,0.0,69.64,16.76,2.81,57.97,0.188,0.066
S04508,59.411,12.58,0.0,69.74,59.544,20.15,0.0,61.09,21.87,4.54,61.48,0.133,0.196
S05140,56.641,23.38,0.0,72.95,56.92,24.49,18.12,62.44,22.98,0.49,83.37,0.279,0.315
S06468,73.028,21.03,0.0,52.3,73.14,15.58,0.0,71.5,24.03,5.96,67.97,0.112,0.21
S05989,58.78,26.77,0.04,69.45,59.076,20.76,0.0,68.39,19.51,0.0,68.84,0.296,0.146
S06822,59.111,21.0,35.0,69.87,59.693,24.29,0.0,74.92,25.5,2.99,78.07,0.582,0.382
S00679,53.593,28.8,5.71,86.25,54.0,22.24,0.0,56.22,24.03,8.57,48.31,0.407,0.298
S03103,65.715,21.57,0.0,60.13,66.018,12.53,1.03,80.55,16.46,7.18,66.4,0.303,0.088
S04917,55.94,23.46,1.86,71.31,56.189,17.54,0.0,64.54,23.12,0.0,57.56,0.249,0.128
S04512,57.975,22.7,0.0,56.84,58.166,17.21,0.0,59.61,18.17,1.15,64.07,0.191,0.158
S02973,62.496,22.87,0.0,72.11,62.774,25.01,2.77,59.63,23.42,0.75,74.76,0.278,0.247
S02319,67.925,20.11,0.0,56.65,68.075,24.12,0.0,84.08,17.65,8.22,62.27,0.15,0.199
S07294,62.204,25.18,0.0,69.22,62.437,24.34,0.0,97.33,24.91,2.67,66.44,0.233,0.273
S02285,53.602,21.74,0.0,62.79,53.743,28.47,0.0,71.59,23.31,0.0,79.57,0.141,0.372
S03662,63.23,25.47,13.96,73.38,63.492,17.42,0.0,66.37,25.24,34.07,72.85,0.262,0.618
S06527,68.082,29.43,0.0,73.28,68.339,25.02,0.0,78.98,22.11,0.0,54.45,0.257,0.015
S04616,52.643,17.63,5.45,53.78,52.82,17.82,4.1,64.65,22.9,0.0,74.69,0.177,0.305
S06665,69.853,25.42,0.0,69.71,70.284,22.83,0.0,76.01,23.72,1.56,74.04,0.431,0.153
S02995,52.194,24.59,0.0,84.58,52.697,16.27,8.45,72.46,17.68,0.0,64.34,0.503,0.161
S04361,67.285,20.99,0.0,83.12,67.522,18.69,0.0,67.04,24.36,4.19,67.22,0.237,0.152
S04894,50.01,25.04,11.44,71.85,50.484,31.58,0.0,73.71,21.74,0.0,55.4,0.474,0.195
S05684,65.035,23.63,0.0,78.86,65.289,18.67,0.0,68.6,19.25,0.0,67.71,0.254,0.111
S00461,59.081,18.21,0.0,51.31,59.122,25.31,0.0,83.08,26.94,14.89,63.74,0.041,0.494
S07774,68.885,19.3,0.0,67.66,69.058,19.56,0.0,56.25,24.89,2.18,64.78,0.173,0.159
S07731,64.778,20.03,0.0,70.74,65.023,24.03,0.0,56.13,22.57,10.29,64.29,0.245,0.261
S01081,67.545,19.56,0.0,67.23,67.668,22.81,0.0,79.94,14.39,0.47,69.44,0.123,0.09
S00996,69.898,28.0,2.72,72.92,70.126,18.8,0.0,63.59,28.66,0.0,63.1,0.228,0.246
S00890,50.194,17.18,0.0,54.37,50.392,22.79,0.0,82.56,22.87,15.46,71.86,0.198,0.409
S04507,64.802,21.49,0.0,67.98,64.998,16.27,0.0,72.34,23.36,20.53,61.98,0.196,0.456
S00320,69.271,21.86,0.0,68.44,69.465,26.97,6.09,74.48,21.82,0.0,77.52,0.194,0.228
S00869,63.15,24.18,0.0,74.07,63.429,23.56,2.29,68.52,26.83,18.39,65.54,0.279,0.406
S05667,55.428,25.38,0.0,69.61,55.757,17.96,0.0,60.49,19.05,0.0,72.65,0.329,0.231
S05431,54.638,20.78,4.67,58.15,54.861,19.45,0.0,66.87,22.88,6.72,67.46,0.223,0.374
S03833,64.672,27.73,0.0,77.97,64.963,23.2,3.07,80.59,24.36,0.0,62.52,0.291,0.204
S08282,76.892,26.85,0.0,73.43,77.034,29.53,0.0,83.5,19.09,1.9,65.34,0.142,0.012
S06185,74.864,17.27,0.0,82.75,74.982,25.16,2.59,84.52,26.09,12.9,80.56,0.118,0.324
S04393,61.151,19.82,0.0,67.96,61.382,31.55,0.0,61.52,22.48,0.0,76.21,0.231,0.196
S04066,67.662,23.41,0.0,70.97,67.843,27.52,0.0,78.54,22.16,5.01,65.69,0.181,0.152
S07372,43.61,23.86,0.0,67.98,44.05,21.1,0.0,55.05,25.96,13.53,84.67,0.44,0.577
S03643,63.528,24.5,0.0,73.57,63.809,26.42,6.23,66.0,24.99,2.58,78.56,0.281,0.233
S08527,68.702,24.67,0.0,72.73,68.877,25.64,19.67,84.28,25.49,1.95,70.65,0.175,0.213
S01628,40.0,24.06,9.7,75.36,40.543,23.09,0.0,65.01,24.77,0.0,72.96,0.543,0.43
S01775,55.658,25.76,8.67,69.75,56.05,22.79,0.0,65.12,26.71,21.1,66.11,0.392,0.511
S03639,52.46,25.4,32.29,68.11,53.092,24.52,0.0,66.11,24.4,4.87,81.46,0.632,0.394
S02515,53.203,22.78,0.0,78.34,53.495,19.14,0.0,74.45,25.71,0.45,58.01,0.292,0.297
S01612,57.984,25.29,16.19,66.79,58.311,16.37,0.0,69.36,21.62,0.0,62.7,0.327,0.187
S01631,68.26,21.11,0.0,73.49,68.587,20.38,0.0,88.13,23.85,0.0,75.28,0.327,0.233
S07157,67.438,12.09,0.0,69.42,67.484,21.64,0.0,72.05,20.03,11.83,62.29,0.046,0.192
S07415,51.183,24.17,0.0,66.51,51.403,26.82,5.54,81.44,23.33,0.0,62.56,0.22,0.236
S09079,54.435,17.11,0.0,55.09,54.71,19.85,2.54,67.56,21.76,0.18,59.18,0.275,0.236
S03645,57.143,20.48,8.85,72.0,57.484,22.16,0.0,74.3,21.02,0.0,58.6,0.341,0.195
S06343,67.932,15.61,6.3,60.36,68.134,13.25,0.0,53.71,21.83,2.71,67.45,0.202,0.186
S09843,50.398,21.68,13.47,58.67,50.713,24.57,3.81,67.63,22.64,0.0,57.94,0.315,0.19
S05936,60.707,19.72,0.0,67.13,60.874,17.95,0.0,72.36,20.81,0.0,63.64,0.167,0.201
S02653,68.714,23.61,0.0,77.39,68.887,23.01,0.0,66.22,23.35,3.69,70.39,0.173,0.278
S07470,66.181,18.3,15.02,71.68,66.503,16.25,0.0,63.72,25.31,2.11,74.69,0.322,0.265
S04874,50.529,20.34,0.0,98.0,50.921,26.51,0.0,84.46,25.67,5.25,82.13,0.392,0.488
S05306,61.028,16.02,0.0,67.87,61.218,23.97,0.0,58.75,24.72,5.55,62.18,0.19,0.201
S04019,75.858,17.35,0.0,56.45,75.868,25.36,0.0,64.16,22.56,13.16,65.79,0.01,0.233
S03839,58.835,23.78,0.73,74.09,59.164,21.3,0.0,54.24,21.75,2.33,74.33,0.329,0.193
S09478,64.522,18.82,0.0,60.51,64.679,16.5,0.27,78.32,24.41,0.0,70.0,0.157,0.223
S06889,61.629,24.54,6.69,58.65,61.932,20.73,7.3,70.63,18.73,36.43,65.73,0.303,0.475
S07591,65.971,24.6,1.35,80.89,66.175,20.05,0.0,71.62,20.8,2.61,61.72,0.204,0.078
S09631,67.397,18.56,0.0,60.39,67.531,26.92,0.0,56.41,26.77,2.11,73.82,0.134,0.257
S04360,61.603,28.02,11.55,76.7,61.994,24.48,0.0,70.92,21.63,1.98,64.3,0.391,0.171
S00167,59.111,14.77,0.0,57.27,59.13,24.5,5.73,70.8,17.47,0.0,67.68,0.019,0.082
S04579,66.792,25.93,0.0,70.09,67.052,24.05,0.0,85.47,17.97,0.0,69.42,0.26,0.074
S06837,68.146,22.84,0.0,80.2,68.285,20.34,0.0,80.91,22.91,7.31,61.73,0.139,0.21
S05254,50.991,20.94,0.0,60.54,51.3,22.11,2.85,84.91,20.46,1.91,71.4,0.309,0.295
S01422,57.184,16.61,0.0,68.68,57.336,20.15,0.0,60.55,22.67,0.0,70.61,0.152,0.252
S09539,57.298,19.85,0.0,77.13,57.402,19.89,0.0,74.5,20.35,22.81,74.88,0.104,0.372
S03774,62.142,20.79,0.0,78.3,62.346,17.94,0.0,49.07,25.21,0.0,72.33,0.204,0.231
S08373,70.66,24.62,0.0,89.72,70.856,24.97,0.0,90.62,24.97,19.57,71.65,0.196,0.367
S01381,65.8,26.26,0.0,68.64,66.143,15.89,0.0,67.17,25.21,3.15,71.28,0.343,0.206
S08832,62.185,23.46,0.0,56.08,62.361,20.15,0.0,69.82,26.74,0.0,76.99,0.176,0.37
S01850,67.045,25.41,0.0,62.07,67.12,21.37,0.0,66.59,25.45,0.0,62.94,0.075,0.238
S07279,75.034,22.77,0.0,63.58,75.154,22.31,5.88,61.54,21.4,0.0,71.13,0.12,0.075
S06168,57.579,27.32,0.0,53.37,57.775,27.77,0.0,88.39,21.29,0.0,65.46,0.196,0.218
S08993,55.877,20.96,0.0,61.04,56.115,21.82,0.0,72.86,24.95,17.39,67.23,0.238,0.418
S04264,54.819,29.56,0.0,68.98,55.204,13.39,0.0,85.37,24.65,5.9,68.82,0.385,0.479
S04619,75.487,26.99,0.0,89.03,75.779,26.69,2.95,76.32,29.7,2.16,74.58,0.292,0.333
S06044,65.473,18.52,0.0,74.06,65.671,14.6,0.0,53.24,23.9,0.0,72.21,0.198,0.248
S09653,59.442,27.92,0.0,84.21,59.687,25.05,0.0,72.3,24.21,0.0,79.55,0.245,0.238
S01918,78.71,19.95,0.0,74.71,78.845,17.13,0.0,62.05,22.15,6.08,76.45,0.135,0.179
S00014,54.433,21.32,0.0,75.71,54.758,20.78,0.0,47.48,20.39,3.81,60.09,0.325,0.278
S04104,56.766,19.79,0.0,45.94,57.031,27.57,0.0,67.35,21.88,8.34,59.07,0.265,0.298
S06700,49.214,19.73,0.0,64.18,49.759,21.44,14.37,67.76,25.99,0.0,69.98,0.545,0.355
S03178,54.592,24.3,0.0,67.14,54.913,22.35,0.0,75.69,21.16,0.0,57.42,0.321,0.193
S06908,61.352,28.62,3.12,78.17,61.672,12.13,0.47,61.45,22.31,2.15,68.11,0.32,0.237
S02033,76.738,23.01,0.0,75.0,76.899,24.11,0.0,58.06,19.86,0.0,79.79,0.161,0.158
S04603,65.606,23.6,0.0,74.08,65.859,18.28,0.0,82.33,18.22,0.0,60.85,0.253,0.073
S01782,58.336,24.3,0.0,92.4,59.026,21.21,0.0,73.53,20.7,0.0,70.39,0.69,0.184
S02150,58.45,19.31,0.0,71.65,58.607,26.11,0.0,79.36,20.6,3.2,64.25,0.157,0.279
S08041,54.65,29.4,12.29,65.3,55.172,22.35,2.48,69.2,22.96,2.01,67.35,0.522,0.187
S06524,61.685,25.4,0.0,70.46,61.948,24.79,0.0,75.04,25.05,1.99,75.59,0.263,0.209
S04849,53.065,23.97,6.76,74.14,53.446,26.78,0.0,74.37,20.54,14.0,58.37,0.381,0.431
S05689,47.847,25.67,0.0,76.78,48.271,23.89,6.69,70.06,28.78,0.0,60.27,0.424,0.396
S05686,83.06,18.61,4.66,69.98,83.108,23.57,0.0,75.61,27.05,0.0,62.46,0.048,0.138
S09769,71.271,17.67,0.0,73.36,71.486,24.47,0.0,64.27,28.78,7.03,66.88,0.215,0.308
S04145,78.192,25.74,0.0,68.57,78.344,22.32,0.0,74.48,22.86,1.8,53.84,0.152,0.074
S08885,67.548,21.55,0.0,71.02,67.73,22.94,6.77,64.87,23.85,7.53,70.94,0.182,0.25
S09625,66.216,24.67,0.9,74.89,66.471,24.51,0.0,76.4,24.56,40.57,68.34,0.255,0.636
S07275,69.595,24.05,0.0,65.2,69.791,18.75,0.0,73.0,21.8,0.84,68.75,0.196,0.196
S01957,68.524,15.01,0.0,58.04,68.631,26.83,4.47,85.22,23.07,4.96,66.82,0.107,0.192
S07119,58.215,22.09,0.99,73.53,58.499,27.94,0.0,69.24,25.27,0.0,69.2,0.284,0.307
S02344,64.394,27.89,0.0,68.95,64.63,24.47,0.0,58.71,19.9,15.73,72.61,0.236,0.334
S03207,55.867,23.99,1.0,70.74,56.15,24.45,0.0,67.05,20.47,1.28,60.31,0.283,0.149
S09632,56.426,22.15,0.0,70.4,56.669,19.24,6.67,65.03,23.55,15.22,81.11,0.243,0.553
S02301,85.223,20.78,0.0,70.66,85.233,28.46,13.43,77.87,21.3,0.0,62.27,0.01,0.02
S02897,52.901,28.53,0.0,67.94,53.282,19.02,2.84,62.43,26.29,8.93,70.02,0.381,0.443
S08617,75.203,26.87,0.0,78.43,75.489,20.59,0.0,67.08,19.68,0.95,62.85,0.286,0.014
S08685,69.393,24.44,1.37,69.04,69.665,24.39,2.7,69.35,24.35,19.89,52.27,0.272,0.312
S01500,70.48,21.89,0.0,63.67,70.643,22.53,7.09,82.26,23.47,0.41,82.05,0.163,0.249
S02601,60.717,26.26,0.0,63.51,60.933,24.15,4.98,73.87,20.6,10.25,82.71,0.216,0.354
S05670,72.692,24.5,0.0,68.5,72.845,22.46,7.59,78.7,27.23,0.18,68.37,0.153,0.233
S09881,65.915,25.94,6.83,73.49,66.479,16.94,0.0,69.21,18.96,7.91,64.49,0.564,0.24
S08752,70.447,21.59,0.0,72.77,70.64,19.18,0.0,66.3,26.17,0.89,76.52,0.193,0.215
S08399,64.803,25.43,0.0,75.76,65.051,26.46,0.0,82.4,21.53,1.79,75.97,0.248,0.265
S07169,61.683,20.5,0.0,60.06,61.935,18.47,0.0,68.97,26.6,15.48,74.16,0.252,0.358
S06176,62.196,25.82,0.0,64.79,62.38,22.19,0.0,76.47,24.51,0.0,66.16,0.184,0.305
S07940,69.383,21.07,0.0,70.22,69.56,21.52,18.33,76.25,25.19,0.48,73.69,0.177,0.195
S03424,61.953,21.47,0.0,81.63,62.217,21.62,0.95,73.63,21.92,3.34,62.56,0.264,0.158
S07955,55.916,17.92,0.0,70.52,56.139,15.5,0.0,63.7,21.83,7.45,70.38,0.223,0.386
S01386,45.36,17.4,0.0,57.84,45.618,22.38,5.02,73.55,21.2,1.37,66.03,0.258,0.393
S05243,53.492,20.5,0.0,72.32,53.949,15.64,2.8,73.66,23.68,0.57,77.48,0.457,0.348
S01738,64.792,26.71,0.0,69.22,65.056,20.96,0.0,68.02,19.91,2.92,72.06,0.264,0.119
S06872,70.105,24.57,15.65,65.92,70.482,21.32,0.0,69.54,30.17,0.0,63.63,0.377,0.245
S04787,62.565,26.59,0.0,66.55,62.833,25.06,4.48,90.18,19.54,3.44,67.69,0.268,0.15
S02402,54.468,25.55,0.0,79.31,54.694,21.67,0.0,65.41,19.41,0.13,68.36,0.226,0.233
S01076,56.163,21.05,0.0,75.16,56.318,13.78,0.0,58.13,27.77,4.53,70.12,0.155,0.346
S01069,61.027,23.98,0.0,87.28,61.222,21.56,4.53,64.24,23.2,4.9,62.65,0.195,0.245
S04810,75.672,16.05,0.0,65.45,75.773,23.22,0.0,72.24,22.74,20.74,68.37,0.101,0.423
S01231,55.046,21.87,0.28,81.91,55.472,24.7,0.0,79.95,24.67,0.0,79.16,0.426,0.363
S01964,63.165,19.16,0.0,78.95,63.317,28.42,0.0,70.45,25.39,9.36,67.37,0.152,0.219
S00757,52.122,25.86,0.0,70.28,52.552,24.46,0.74,62.68,23.92,3.73,64.57,0.43,0.333
S01056,57.471,20.3,9.85,65.7,57.823,19.66,0.0,66.52,20.15,0.0,72.87,0.352,0.231
S05901,75.896,26.24,0.0,75.67,76.243,25.88,0.0,78.67,18.93,5.96,64.11,0.347,0.058
S05210,60.264,31.05,6.45,75.46,60.712,26.19,0.0,72.97,19.33,0.0,60.01,0.448,0.057
S07013,63.84,12.0,0.0,67.78,63.916,17.47,0.0,70.88,26.37,0.0,69.53,0.076,0.186
S04799,78.004,21.54,0.0,74.52,78.128,20.24,0.0,58.62,25.32,1.95,67.72,0.124,0.184
S09534,40.0,23.85,0.0,81.11,40.435,16.68,0.0,63.23,20.36,14.27,60.86,0.435,0.452
S01648,61.627,20.74,0.0,74.68,61.917,18.88,3.38,54.39,26.34,9.74,88.24,0.29,0.451
S03931,57.345,24.79,0.0,76.46,57.664,25.95,2.4,66.14,25.75,2.29,62.03,0.319,0.228
S04865,63.064,25.87,0.0,61.32,63.569,22.05,0.0,58.28,25.58,1.17,66.07,0.505,0.258
S03361,60.01,25.13,22.9,75.8,60.537,27.94,18.41,79.83,19.42,0.0,59.48,0.527,0.092
S05203,72.824,25.28,0.0,85.69,73.096,20.0,0.0,60.53,25.99,28.18,76.96,0.272,0.457
S07166,58.754,15.58,0.0,70.49,58.852,17.02,0.0,72.85,18.05,0.0,61.49,0.098,0.125
S01916,68.179,24.85,0.0,59.34,68.328,29.52,0.0,80.48,25.27,0.0,56.74,0.149,0.173
S03994,73.955,17.18,0.0,70.3,73.966,16.71,4.79,68.33,27.57,0.0,70.22,0.011,0.129
S07071,63.165,15.49,0.0,70.13,63.326,24.41,0.0,64.16,27.19,5.95,77.4,0.161,0.385
S03891,67.283,26.78,0.0,73.18,67.583,19.51,0.0,61.93,22.16,3.62,67.41,0.3,0.127
S01514,72.045,23.6,14.41,63.22,72.446,24.89,5.25,72.48,20.92,7.17,74.69,0.401,0.208
S06781,66.967,28.41,0.0,75.0,67.297,19.32,13.91,79.46,22.23,6.0,77.31,0.33,0.27
S06139,69.674,27.44,0.0,70.37,69.881,21.81,0.0,71.13,23.23,0.0,72.0,0.207,0.152
S06427,75.085,25.06,0.0,71.89,75.215,22.8,0.0,57.57,25.52,4.3,70.56,0.13,0.2
S04663,57.487,26.96,0.0,69.69,57.693,25.49,0.0,82.61,22.5,1.13,84.91,0.206,0.296
S07423,55.316,22.71,0.0,52.01,55.899,21.64,0.0,71.79,20.89,0.32,62.49,0.583,0.206
S03269,42.286,20.94,0.0,69.0,42.481,20.99,0.0,66.5,25.93,7.48,68.07,0.195,0.476
S03104,51.874,22.22,0.0,77.0,52.193,25.1,9.47,85.91,25.19,0.0,77.85,0.319,0.362
S03369,54.212,22.74,0.77,61.83,54.526,27.24,0.0,68.65,18.22,20.86,53.38,0.314,0.339
S08500,65.884,23.73,8.09,64.84,66.044,24.27,0.94,64.51,25.05,6.17,70.36,0.16,0.221
S01994,65.521,21.78,0.0,72.07,65.701,19.8,0.0,54.9,21.76,8.65,67.5,0.18,0.262
S09885,40.0,26.31,2.43,75.41,40.456,21.62,0.0,76.1,27.06,21.33,67.79,0.456,0.653
S07017,66.493,22.16,2.04,61.56,66.686,27.1,0.0,77.43,24.85,16.85,73.93,0.193,0.37
S01356,69.044,23.93,0.0,82.27,69.359,25.99,0.0,81.61,22.96,2.96,65.57,0.315,0.087
S04390,63.9,28.29,0.0,60.84,64.086,24.55,2.25,71.67,24.92,8.43,60.97,0.186,0.331
S03934,61.509,24.6,0.0,74.85,61.761,19.0,0.0,66.43,23.17,0.0,69.74,0.252,0.287
S08582,56.283,15.84,0.0,63.76,56.543,18.87,0.0,77.12,24.31,0.19,79.16,0.26,0.264
S05138,51.409,23.91,0.0,68.49,51.74,24.73,16.89,62.88,27.31,10.97,75.43,0.331,0.476
S04826,58.435,25.7,0.0,80.57,58.723,26.13,0.0,69.13,27.4,0.0,58.56,0.288,0.228
S03354,57.327,21.7,0.0,63.39,57.579,24.04,0.0,64.77,19.85,2.19,82.17,0.252,0.091
S06999,45.727,29.65,28.3,70.23,46.371,25.66,0.0,57.63,21.29,0.0,70.97,0.644,0.306
S06974,60.01,23.86,5.78,82.34,60.4,28.56,14.64,74.59,20.5,5.3,66.15,0.39,0.173
S09368,68.38,23.43,0.0,86.11,68.58,18.91,0.0,58.59,19.55,2.39,70.92,0.2,0.176
S05992,64.332,21.13,8.15,70.03,64.823,21.7,0.0,52.75,21.46,0.0,67.57,0.491,0.116
S01934,54.938,19.83,0.0,71.02,55.211,28.09,0.0,63.81,26.15,0.84,81.47,0.273,0.361
S05713,65.607,25.07,0.0,48.3,65.801,28.25,0.0,73.32,22.62,0.0,73.37,0.194,0.238
S05921,58.644,22.55,0.0,66.74,59.278,22.12,0.0,66.18,22.16,0.16,75.84,0.634,0.29
S01145,69.62,18.9,0.0,65.21,69.767,24.79,8.56,56.59,20.22,9.0,63.83,0.147,0.198
S09842,73.613,19.88,0.0,73.84,73.849,23.57,0.0,59.51,19.85,0.0,78.56,0.236,0.1
S07738,51.581,17.65,0.0,62.6,51.75,20.83,0.7,69.46,24.98,21.36,73.22,0.169,0.518
S00802,55.871,26.5,0.0,93.65,56.289,27.97,0.0,73.66,24.51,5.18,76.71,0.418,0.335
S06283,70.364,17.79,0.0,64.08,70.471,23.84,0.0,65.99,18.77,0.0,57.83,0.107,0.01
S09775,64.59,27.72,0.0,87.91,64.866,17.36,4.82,70.0,27.93,0.0,74.48,0.276,0.312
S06581,70.748,17.25,5.2,54.59,70.849,23.13,0.0,70.12,23.22,11.92,57.14,0.101,0.157
S08465,65.8,14.76,4.97,64.64,66.096,23.09,0.0,63.8,20.29,0.0,63.85,0.296,0.047
S07176,65.665,24.66,0.0,61.26,65.867,21.65,0.67,75.69,22.89,3.36,64.01,0.202,0.231
S01428,59.323,18.01,0.0,54.02,59.424,20.39,0.0,68.49,19.78,28.49,58.44,0.101,0.461
S05629,73.854,21.5,4.66,74.07,74.15,22.63,0.0,63.69,26.78,0.0,61.73,0.296,0.137
S01493,63.825,21.84,0.0,65.12,63.952,23.37,0.0,70.37,23.74,2.17,64.1,0.127,0.271
S01753,40.0,23.3,0.0,66.98,40.575,22.21,0.0,71.1,26.48,4.61,66.44,0.575,0.442
S09196,74.656,27.47,0.0,79.17,74.843,25.02,0.0,74.44,24.21,3.57,71.04,0.187,0.288
S05264,55.335,17.77,0.0,58.37,55.419,15.37,0.0,54.55,21.63,0.0,62.2,0.084,0.226
S04289,53.793,16.83,0.0,62.31,54.005,22.79,0.0,63.53,20.56,2.05,64.21,0.212,0.305
S08368,54.433,18.68,0.0,69.36,54.713,24.51,0.0,73.16,29.1,15.48,65.57,0.28,0.465
S05918,61.373,19.77,0.0,53.63,61.58,22.27,0.0,79.25,21.56,36.02,64.04,0.207,0.528
S01096,61.502,22.25,0.0,57.16,61.673,27.31,0.0,69.99,24.57,0.0,85.56,0.171,0.332
S00032,49.896,17.19,0.0,68.57,50.17,22.77,2.35,55.21,20.9,6.0,59.03,0.274,0.352
S03485,50.259,20.59,0.0,56.4,50.536,27.4,0.89,78.09,19.73,8.15,70.84,0.277,0.36
S00217,59.129,12.63,0.0,53.78,59.277,19.56,0.0,67.87,21.35,1.46,77.88,0.148,0.263
S09324,60.875,24.2,0.0,77.05,61.418,22.41,0.0,65.48,21.58,18.07,79.05,0.543,0.334
S04520,72.703,18.5,0.0,74.3,72.844,24.75,0.0,76.39,24.97,0.51,75.53,0.141,0.107
S03285,52.227,26.55,4.85,74.41,52.701,21.07,11.26,84.15,25.64,1.46,65.37,0.474,0.309
S00112,66.238,27.3,0.0,82.11,66.457,21.71,0.0,60.72,22.11,0.0,71.65,0.219,0.191
S09681,58.601,26.49,1.02,71.96,58.916,26.04,28.99,69.93,26.09,0.0,83.81,0.315,0.316
S09048,76.444,26.55,1.18,57.56,76.596,16.11,0.0,67.9,21.39,11.37,69.91,0.152,0.233
S03413,59.263,21.06,0.0,79.28,59.525,20.61,0.0,77.4,21.24,0.0,66.26,0.262,0.162
S09410,67.221,25.14,0.0,58.5,67.386,24.89,0.0,67.88,23.61,2.99,59.87,0.165,0.154
S00309,68.355,23.6,0.0,77.37,68.568,30.02,2.22,63.17,23.3,0.0,78.91,0.213,0.301
S01072,56.264,27.77,0.0,63.09,56.488,23.85,0.0,77.11,16.42,0.93,71.78,0.224,0.16
S05074,80.809,19.22,0.0,79.64,80.909,26.01,2.65,66.0,23.41,0.0,70.04,0.1,0.131
S08207,72.217,22.73,0.0,76.62,72.39,25.7,9.06,69.55,26.25,0.0,77.48,0.173,0.244
S03888,64.735,16.78,0.0,75.13,64.87,24.43,0.0,74.45,28.29,0.0,71.17,0.135,0.283
S06326,40.79,23.16,0.0,73.94,41.161,23.5,19.91,69.71,18.51,2.23,78.65,0.371,0.33
S01384,69.131,20.28,4.47,61.25,69.364,22.51,0.76,71.32,25.25,0.24,80.52,0.233,0.267
S09669,57.59,24.15,0.0,69.67,57.884,17.9,0.0,68.33,23.78,0.0,75.96,0.294,0.285
S03370,67.211,22.8,0.0,83.75,67.381,21.64,0.0,80.53,21.91,0.0,70.56,0.17,0.169
S05552,65.989,26.11,0.0,72.5,66.196,28.88,0.0,70.44,22.43,0.53,63.95,0.207,0.193
S08176,65.529,29.63,0.0,66.56,65.723,22.35,8.13,70.33,20.61,6.37,53.12,0.194,0.227
S00769,62.271,12.0,0.0,59.53,62.471,27.03,16.06,82.15,19.39,0.49,60.9,0.2,0.138
S01414,65.509,22.12,0.0,77.29,65.626,25.39,14.1,80.68,24.91,1.11,65.42,0.117,0.178
S06504,70.445,24.39,0.0,75.42,70.663,26.69,0.0,61.85,20.87,1.6,68.36,0.218,0.134
S00623,53.178,17.24,0.0,87.98,53.35,24.44,2.35,79.27,21.26,1.83,73.02,0.172,0.249
S00909,69.508,24.22,0.0,63.93,69.68,25.48,0.0,60.53,20.22,8.9,63.73,0.172,0.268
S06817,59.585,19.74,0.0,87.92,59.782,25.33,3.06,75.17,19.59,0.0,64.54,0.197,0.166
S02816,59.055,24.64,10.81,70.85,59.406,22.02,0.0,65.13,17.72,2.12,73.51,0.351,0.164
S00962,62.672,20.51,0.0,65.47,62.915,16.21,0.0,67.76,19.85,0.0,64.33,0.243,0.167
S04182,73.011,16.85,0.0,63.51,73.235,18.06,0.0,66.47,21.96,0.04,66.51,0.224,0.061
S06335,52.913,26.47,0.0,76.92,53.176,22.54,0.0,76.17,24.98,0.43,64.85,0.263,0.271
S06058,70.437,24.27,0.0,67.83,70.798,24.49,24.96,62.03,22.85,20.74,63.71,0.361,0.335
S04754,67.61,18.81,0.0,62.04,67.75,25.02,0.0,80.89,24.1,0.0,74.41,0.14,0.272
S01173,65.286,21.41,0.0,70.27,65.472,20.46,0.0,63.01,18.36,1.25,68.24,0.186,0.063
S00231,46.698,23.9,0.19,78.84,47.066,28.46,0.97,76.32,21.8,2.06,65.32,0.368,0.392
S09874,65.842,25.83,0.0,68.21,66.021,22.43,13.24,71.96,24.87,0.56,63.89,0.179,0.195
S02280,67.223,21.45,0.0,87.66,67.514,22.78,0.0,74.86,23.65,0.0,74.44,0.291,0.179
S00352,69.119,25.74,3.21,81.41,69.319,26.73,15.67,80.32,17.9,1.21,66.35,0.2,0.091
S04055,71.189,26.06,0.43,70.52,71.466,23.73,1.76,66.46,22.48,36.24,74.12,0.277,0.507
S05886,63.062,20.28,0.0,66.5,63.245,19.99,0.0,62.82,19.96,4.8,73.9,0.183,0.165
S07556,68.434,20.88,8.74,70.35,68.604,18.93,0.0,59.28,24.0,0.0,61.48,0.17,0.246
S01692,64.017,25.74,12.27,80.55,64.403,25.57,0.0,65.31,28.61,2.36,69.61,0.386,0.227
S09067,68.646,24.01,0.0,68.44,68.826,15.96,5.44,75.2,21.82,0.54,76.94,0.18,0.224
S04876,57.716,19.65,0.0,59.21,58.011,19.85,0.0,58.63,22.67,0.0,79.51,0.295,0.287
S04339,49.637,16.14,0.0,64.62,49.948,22.14,0.0,66.59,23.61,2.49,61.21,0.311,0.302
S07461,71.243,17.47,0.0,69.3,71.253,20.76,0.0,65.73,20.61,2.49,72.32,0.01,0.136
S05144,65.547,15.59,0.0,56.85,65.632,22.78,0.0,74.06,19.7,0.0,75.08,0.085,0.235
S06142,63.36,17.49,0.0,64.45,63.457,24.61,0.0,70.08,22.53,5.95,77.58,0.097,0.323
S04277,65.203,23.1,4.92,63.07,65.388,26.96,0.0,70.64,18.41,8.03,64.67,0.185,0.231
S02145,54.303,22.46,0.0,66.06,54.517,17.89,0.0,70.41,23.04,15.08,79.99,0.214,0.492
S01237,66.287,18.74,0.0,57.59,66.387,13.22,0.0,64.78,22.36,0.0,67.49,0.1,0.14
S03039,67.253,20.63,2.03,65.84,67.385,23.85,0.0,76.5,24.13,0.0,79.42,0.132,0.207
S02491,72.525,23.5,2.03,63.87,72.609,21.02,0.0,62.7,24.18,3.19,88.97,0.084,0.237
S05778,56.005,16.22,0.0,73.67,56.323,20.87,12.84,82.98,23.78,0.0,55.83,0.318,0.177
S03624,56.012,23.51,0.0,73.78,56.311,21.0,0.0,76.11,17.49,10.74,77.2,0.299,0.269
S01817,68.161,18.83,0.0,57.23,68.368,25.78,0.0,67.67,20.91,3.47,70.03,0.207,0.153
S04668,64.707,28.06,0.0,75.34,64.984,22.18,0.0,53.7,17.98,0.0,62.37,0.277,0.054
S00177,52.695,18.12,0.0,63.71,52.971,17.78,9.1,58.48,22.07,0.0,73.66,0.276,0.236
S04934,59.928,19.94,0.0,69.22,60.09,26.77,2.93,62.53,18.53,2.55,69.91,0.162,0.102
S08713,65.113,25.0,0.0,71.12,65.441,32.43,0.0,86.4,16.01,1.95,60.89,0.328,0.057
S02599,61.321,26.13,0.0,70.93,61.476,27.22,4.03,71.56,23.04,1.18,70.28,0.155,0.272
S07023,67.163,24.97,7.5,82.15,67.547,17.93,7.89,75.12,20.72,0.0,67.03,0.384,0.094
S04511,57.483,28.25,0.0,58.16,57.8,25.74,33.16,75.33,24.44,3.7,55.16,0.317,0.234
S07505,59.247,21.45,0.0,79.94,59.498,22.21,0.0,81.94,19.9,0.0,59.43,0.251,0.099
S05174,57.814,22.59,0.0,64.42,57.949,27.05,0.0,63.74,24.76,0.0,61.76,0.135,0.316
S08743,51.577,25.99,0.0,69.4,51.962,26.06,0.0,81.2,25.85,1.18,60.29,0.385,0.31
S07724,64.778,23.85,0.0,68.64,64.936,25.39,14.93,67.87,25.95,1.98,70.76,0.158,0.204
S07716,43.299,19.79,0.0,61.44,43.536,16.55,0.0,83.9,21.52,0.21,68.92,0.237,0.302
S03314,55.421,17.28,0.0,77.63,55.636,22.26,0.0,76.91,25.6,1.24,66.25,0.215,0.295
S08254,75.14,26.01,0.0,82.34,75.402,18.25,0.0,71.78,21.91,0.0,73.83,0.262,0.106
S05883,60.905,18.23,0.0,80.64,61.163,22.45,0.0,63.19,20.07,0.0,69.17,0.258,0.194
S01751,81.12,28.85,2.06,71.77,81.336,23.99,0.0,78.2,19.08,3.08,77.72,0.216,0.038
S02279,59.172,16.14,0.0,66.08,59.242,21.67,3.66,78.25,27.18,3.35,76.35,0.07,0.334
S06281,64.571,17.56,0.0,80.2,65.055,21.62,0.0,72.22,24.9,2.67,66.05,0.484,0.239
S06020,87.079,28.16,0.0,77.59,87.204,19.29,0.0,71.31,23.91,2.2,78.93,0.125,0.11
S03095,64.615,25.25,0.0,60.69,64.884,17.02,0.0,62.97,21.23,0.0,70.28,0.269,0.166
S01345,58.672,20.45,0.0,59.33,58.828,25.58,0.0,73.54,19.33,14.92,52.2,0.156,0.279
S01932,44.411,21.4,0.0,60.64,44.813,17.59,0.0,60.93,20.99,0.98,78.35,0.402,0.36
S04152,55.596,15.1,0.0,64.15,55.673,25.55,0.0,71.67,20.63,5.26,78.54,0.077,0.269
S05590,47.481,17.11,0.0,53.74,47.876,16.04,0.0,69.19,20.86,2.93,69.08,0.395,0.293
S07538,49.944,27.06,0.0,70.56,50.497,25.91,7.47,65.28,24.41,0.0,61.65,0.553,0.354
S02971,61.441,22.42,0.0,73.29,61.654,25.77,0.0,82.19,26.29,1.71,66.58,0.213,0.202
S06557,59.716,24.68,0.0,70.32,59.942,18.48,1.1,55.2,26.4,0.0,76.37,0.226,0.31
S09088,55.476,20.32,2.37,54.15,55.685,26.81,2.48,67.82,21.28,0.0,69.48,0.209,0.225
S00579,79.449,26.54,0.0,62.68,79.628,19.26,0.0,72.29,24.67,22.56,76.51,0.179,0.374
S00770,56.915,21.42,0.0,67.83,57.285,26.2,7.09,70.06,23.54,1.01,67.95,0.37,0.198
S02763,73.181,24.26,6.77,42.31,73.405,23.56,0.0,72.47,21.58,5.74,71.05,0.224,0.14
S07939,62.396,23.21,0.0,64.51,62.531,17.52,0.0,58.78,20.46,0.0,81.01,0.135,0.173
S00977,52.788,26.63,2.74,71.96,53.219,20.64,4.86,54.95,20.31,1.84,65.5,0.431,0.229
S02288,68.517,21.95,0.0,85.64,68.719,26.38,0.0,65.33,24.32,1.09,63.9,0.202,0.17
S09561,59.017,21.61,0.0,68.01,59.309,19.03,0.0,80.32,23.66,1.79,73.55,0.292,0.269
S09838,58.077,21.34,0.0,76.96,58.328,25.85,0.0,63.92,20.65,0.77,65.28,0.251,0.187
S05423,58.75,26.4,13.58,71.69,59.235,16.13,0.0,71.5,20.38,0.0,62.32,0.485,0.157
S06894,71.148,25.02,0.0,64.51,71.332,26.42,0.0,61.58,23.63,7.47,56.76,0.184,0.225
S00906,60.007,23.16,0.0,62.03,60.165,17.82,0.0,55.97,18.22,0.0,67.39,0.158,0.159
S08507,82.771,17.01,12.14,70.82,82.893,22.79,0.0,80.91,27.56,0.0,65.97,0.122,0.113
S03174,70.299,19.36,0.0,68.99,70.484,26.05,0.0,63.07,21.04,1.89,66.4,0.185,0.143
S07214,57.685,26.31,0.0,64.55,57.94,21.56,0.0,71.34,24.01,31.76,75.48,0.255,0.68
S03398,58.865,26.81,13.39,69.77,59.29,22.72,12.3,61.49,16.48,1.53,64.73,0.425,0.129
S00685,63.787,21.04,0.0,83.03,63.938,25.71,0.0,67.32,22.55,0.74,63.3,0.151,0.206
S04965,71.54,22.15,0.0,74.43,71.697,20.99,0.0,56.7,23.97,0.0,85.57,0.157,0.203
S05439,67.012,16.68,0.0,65.5,67.126,19.43,0.0,86.63,25.47,0.0,62.51,0.114,0.106
S06350,73.611,16.1,0.0,59.32,73.77,25.0,0.0,57.43,19.68,2.14,62.26,0.159,0.057
S04026,67.627,21.11,0.0,56.51,67.777,17.33,0.0,56.45,20.39,0.77,64.18,0.15,0.087
S03283,57.514,22.11,8.62,52.87,57.86,27.65,0.0,75.06,23.49,0.0,72.22,0.346,0.31
S06747,60.555,21.61,0.0,62.48,60.769,22.51,0.0,77.08,24.54,1.88,75.83,0.214,0.243
S02222,67.919,26.04,0.0,74.48,68.157,20.92,0.0,68.02,25.28,24.26,69.11,0.238,0.463
S05087,60.751,22.57,0.0,66.35,61.01,25.66,7.96,89.98,22.15,0.0,76.37,0.259,0.229
S06094,64.611,20.38,16.01,59.56,64.921,19.39,0.0,62.61,21.15,1.48,68.17,0.31,0.12
S04418,66.256,25.63,0.0,55.27,66.701,24.34,0.0,69.21,18.34,10.24,69.79,0.445,0.23
S08550,61.942,22.12,0.0,77.9,62.054,23.53,0.0,76.18,20.51,24.69,62.67,0.112,0.401
S09786,73.66,17.36,0.0,50.87,73.762,24.65,11.45,64.25,22.98,7.38,76.3,0.102,0.324
S00244,55.913,23.57,2.95,61.41,56.247,24.3,1.16,94.29,22.45,9.95,69.05,0.334,0.405
S08506,65.845,28.71,0.0,68.21,66.074,25.09,0.0,68.17,21.81,0.0,70.14,0.229,0.069
S08795,67.231,23.8,0.0,73.9,67.45,23.17,0.0,58.34,22.2,4.89,69.65,0.219,0.189
S01569,67.005,17.79,0.0,56.07,67.071,28.55,35.0,65.3,24.41,0.0,86.97,0.066,0.301
S00468,65.522,22.75,0.0,70.89,65.672,32.31,8.68,70.18,22.05,0.0,81.88,0.15,0.242
S01071,64.706,28.74,14.56,55.36,65.111,22.25,1.55,67.02,22.28,15.58,68.76,0.405,0.354
S09001,54.577,30.55,0.0,67.23,54.931,27.22,0.0,66.41,25.01,1.26,62.42,0.354,0.311
S06115,45.421,21.11,0.0,62.36,45.661,25.08,15.66,72.19,25.46,17.85,84.55,0.24,0.614
S01844,69.814,29.75,11.54,86.23,70.095,28.09,0.0,68.76,21.34,0.96,80.34,0.281,0.23
S05282,68.86,14.62,0.0,73.81,68.952,29.49,6.17,74.22,23.07,0.42,75.86,0.092,0.287
S07680,64.015,26.0,0.0,83.2,64.329,17.06,0.0,65.3,19.49,2.3,45.63,0.314,0.046
S00377,63.644,24.66,0.0,85.74,63.886,24.54,0.0,67.95,26.05,0.0,66.49,0.242,0.264
S01226,63.883,27.46,5.67,64.85,64.116,23.45,6.8,69.8,19.58,0.0,72.78,0.233,0.158
S08553,72.194,25.73,0.0,73.52,72.736,25.41,0.0,70.68,20.35,0.0,64.24,0.542,0.082
S06985,61.145,20.8,0.0,66.31,61.316,25.98,0.0,57.27,21.24,0.0,65.91,0.171,0.224
S07941,74.012,26.43,0.07,63.1,74.299,18.25,0.0,68.76,24.51,1.42,78.69,0.287,0.15
S02263,68.558,21.91,1.29,65.69,68.744,13.4,0.0,60.11,27.24,0.0,69.15,0.186,0.248
S09763,57.871,27.39,7.85,62.14,58.129,26.37,0.0,71.49,23.52,2.77,67.8,0.258,0.329
S03704,58.468,19.79,0.0,64.04,58.688,19.21,0.0,81.31,26.06,27.5,72.98,0.22,0.544
S04314,63.602,27.84,2.76,71.57,63.851,20.69,6.65,63.18,20.02,5.33,74.12,0.249,0.211
S09321,64.517,26.09,0.0,89.98,64.778,20.46,0.0,78.62,23.23,38.35,76.94,0.261,0.552
S04050,56.708,24.09,0.0,73.94,56.862,24.5,0.0,72.79,28.63,3.86,69.23,0.154,0.392
S09862,43.295,25.02,0.0,57.11,43.671,27.14,0.0,59.4,22.25,6.84,70.44,0.376,0.483
S09338,50.9,18.79,0.0,68.36,51.293,26.06,0.0,83.41,27.33,0.0,79.11,0.393,0.413
S08021,45.627,22.76,0.0,63.9,45.967,18.9,5.77,67.44,23.56,11.16,70.28,0.34,0.495
S07438,54.887,23.79,10.56,67.65,55.268,25.08,2.25,55.29,23.76,1.1,69.09,0.381,0.308
S05676,52.075,18.39,0.0,54.24,52.306,28.89,0.93,75.63,20.43,0.0,67.5,0.231,0.269
S05548,51.619,24.9,0.0,64.81,51.916,25.65,0.0,64.87,17.95,8.32,59.71,0.297,0.25
S06530,67.524,18.51,0.19,50.58,67.622,27.71,0.0,77.76,20.05,1.11,73.32,0.098,0.088
S02614,50.753,27.41,3.34,65.36,51.214,26.64,14.14,73.98,27.09,7.86,83.18,0.461,0.538
S07384,66.265,19.25,12.17,71.15,66.523,17.49,0.0,69.34,24.58,2.58,71.55,0.258,0.218
S06362,59.327,19.28,0.0,79.64,59.887,26.47,0.0,55.76,16.73,5.51,54.5,0.56,0.161
S08560,70.043,26.25,13.77,59.59,70.299,22.8,0.0,65.11,25.45,5.98,74.77,0.256,0.266
S07584,68.464,20.78,0.0,76.01,68.716,18.05,0.0,60.7,26.43,0.0,50.35,0.252,0.175
S08721,65.07,23.25,0.0,83.31,65.189,21.5,0.0,66.91,20.15,1.6,62.87,0.119,0.083
S05168,69.982,21.85,0.0,77.13,70.15,27.88,0.0,70.57,22.62,0.0,60.71,0.168,0.176
S02606,75.219,20.87,0.0,72.59,75.254,19.43,0.0,59.71,26.24,3.21,69.85,0.035,0.119
S04471,63.218,17.28,0.0,61.29,63.439,23.88,0.0,62.73,26.88,1.8,76.84,0.221,0.404
S06423,62.808,18.94,0.0,71.98,63.04,25.62,0.0,66.4,25.22,0.0,72.73,0.232,0.294
S00104,49.762,21.21,15.32,67.45,50.142,21.22,0.0,44.03,18.4,0.0,69.72,0.38,0.271
S03629,45.981,27.74,0.0,66.21,46.324,22.82,0.0,58.3,22.08,2.92,75.6,0.343,0.418
S03626,50.459,22.08,0.0,75.7,50.822,23.55,0.0,66.49,18.93,2.76,78.58,0.363,0.226
S06008,63.7,21.53,0.0,69.63,63.869,18.55,0.0,81.7,20.85,0.11,69.29,0.169,0.188
S09140,68.355,23.6,0.0,69.36,68.621,24.37,2.2,85.17,21.32,0.43,59.53,0.266,0.142
S06346,53.2,19.65,0.0,66.3,53.384,29.6,0.0,68.68,24.47,5.96,88.74,0.184,0.403
S06657,47.087,16.23,0.0,71.19,47.35,22.53,0.0,59.89,29.04,11.22,84.22,0.263,0.505
S09851,67.36,26.17,0.0,60.91,67.562,20.26,0.0,68.01,22.13,2.23,67.83,0.202,0.156
S06167,56.996,23.25,11.39,66.02,57.342,24.09,0.0,65.94,24.82,0.0,78.78,0.346,0.329
S03060,66.292,18.95,0.0,60.84,66.496,21.26,0.0,62.95,22.59,14.41,72.01,0.204,0.384
S03496,75.598,22.75,0.0,71.6,75.814,24.28,4.12,83.86,24.71,0.48,78.52,0.216,0.207
S09583,51.832,26.05,0.0,64.92,52.133,25.45,5.66,63.61,24.77,0.0,74.87,0.301,0.329
S03838,70.137,28.29,0.0,62.51,70.281,20.46,0.0,68.36,19.71,0.0,66.14,0.144,0.059
S01480,62.857,24.69,0.0,74.01,63.158,16.72,8.44,75.82,22.28,0.0,63.19,0.301,0.096
S05927,67.882,24.03,0.0,68.98,68.166,26.41,0.0,68.73,22.03,0.0,68.34,0.284,0.189
S08112,59.252,28.68,1.21,85.03,59.605,20.46,0.0,90.16,26.15,12.09,66.13,0.353,0.402
S02824,65.223,24.69,0.0,74.76,65.459,30.74,1.7,76.46,25.05,4.09,63.03,0.236,0.212
S07268,43.636,19.46,0.79,76.1,44.067,22.64,2.61,57.04,22.6,1.95,66.97,0.431,0.286
S05166,77.44,25.25,5.39,67.65,77.657,25.69,0.45,69.91,26.22,26.25,81.56,0.217,0.454
S03906,59.868,23.77,0.0,53.82,60.086,29.31,0.0,74.51,20.86,3.84,72.23,0.218,0.242
S02724,56.523,19.19,2.47,70.51,56.716,22.48,0.0,81.02,21.2,4.02,69.79,0.193,0.231
S00075,69.327,15.99,0.0,70.72,69.434,26.02,17.4,80.23,20.03,3.08,65.52,0.107,0.096
S09948,76.244,21.63,0.0,65.77,76.407,17.44,14.47,72.84,24.35,6.85,80.64,0.163,0.283
S09234,69.168,22.18,0.0,82.58,69.335,22.05,0.0,61.78,20.68,0.54,67.77,0.167,0.133
S00226,75.761,21.18,0.0,52.97,75.89,26.81,2.73,63.13,24.74,33.05,58.55,0.129,0.488
S07341,66.666,17.94,0.0,72.34,66.878,28.05,0.0,67.81,22.27,3.48,86.71,0.212,0.272
S07921,72.399,26.23,0.0,74.59,72.642,24.1,9.25,77.15,18.48,0.0,72.46,0.243,0.102
S03214,49.716,26.44,4.06,61.77,50.08,20.44,0.0,63.25,21.52,0.0,71.53,0.364,0.259
S00774,52.612,19.58,0.0,68.87,52.906,19.94,2.07,57.38,20.4,13.58,70.39,0.294,0.467
S09111,50.68,19.94,0.0,70.12,50.984,15.73,6.9,70.3,27.63,0.82,69.23,0.304,0.28
S02776,50.118,20.29,0.0,79.85,50.4,27.06,0.0,71.31,23.98,10.26,73.25,0.282,0.458
S04326,64.352,22.87,0.8,79.48,64.559,19.24,0.0,63.26,17.67,0.0,73.6,0.207,0.141
S07380,64.8,27.37,0.0,82.44,65.102,23.22,0.0,64.29,25.95,2.61,66.84,0.302,0.303
S07065,73.624,21.16,0.0,72.18,73.718,24.22,0.0,73.34,18.52,2.09,64.6,0.094,0.01
S03434,61.751,17.83,0.0,66.89,61.971,23.41,0.0,70.96,24.52,38.65,75.26,0.22,0.69
S05643,58.92,18.92,0.0,68.63,59.082,27.22,0.0,62.55,23.27,0.0,70.9,0.162,0.223
S07575,58.816,19.39,0.0,68.42,58.999,18.66,0.0,95.92,21.71,8.26,79.29,0.183,0.254
S05485,62.744,22.82,1.62,73.61,63.057,20.48,0.0,54.1,19.24,0.0,70.07,0.313,0.195
S04879,61.851,17.02,0.0,58.68,61.91,23.65,0.0,61.37,18.65,8.96,71.16,0.059,0.31
S06338,79.672,24.03,2.74,71.67,79.777,19.15,0.0,75.82,20.35,3.27,72.0,0.105,0.048
S05318,60.734,16.63,0.0,52.17,60.854,23.82,0.0,76.8,22.56,1.09,80.4,0.12,0.271
S08172,66.655,21.63,0.0,71.84,66.817,23.53,0.0,68.6,28.01,0.0,58.66,0.162,0.219
S00801,68.556,22.47,0.0,71.78,68.771,25.19,0.0,79.71,20.26,2.28,72.45,0.215,0.111
S09379,64.274,26.62,0.0,67.21,64.578,23.33,3.92,81.86,19.11,12.25,78.86,0.304,0.319
S00131,64.594,23.25,0.0,62.99,64.753,18.15,5.73,55.44,21.64,0.86,69.7,0.159,0.197
S01313,53.474,22.11,1.04,65.51,53.713,21.08,0.0,65.26,22.11,1.91,82.9,0.239,0.313
S06903,76.789,26.02,6.57,70.58,77.007,18.43,0.0,73.01,24.91,22.21,60.35,0.218,0.257
S08048,54.383,25.42,15.68,76.43,54.849,28.39,0.0,61.42,22.38,6.6,59.27,0.466,0.216
S00083,65.045,18.05,0.39,67.98,65.262,21.54,4.8,69.11,20.89,1.66,67.62,0.217,0.127
S04824,51.533,23.61,0.0,64.64,51.874,18.71,0.0,61.98,23.09,0.0,60.21,0.341,0.248
S07407,70.234,21.38,0.0,77.73,70.473,20.46,8.97,77.55,27.04,3.44,59.78,0.239,0.201
S00277,67.55,27.64,4.81,67.68,67.712,22.39,0.0,74.57,19.73,5.46,70.91,0.162,0.287
S07207,71.768,26.9,0.0,62.61,72.011,21.18,0.0,76.92,18.23,0.87,70.4,0.243,0.104
S03114,40.757,19.85,0.0,55.73,41.044,22.96,0.0,72.9,22.25,2.29,71.82,0.287,0.35
S03259,57.581,28.29,0.0,65.22,57.83,25.22,5.65,67.83,21.5,8.37,87.81,0.249,0.34
S07116,70.228,24.05,21.83,82.77,70.564,17.82,0.0,59.04,21.19,2.22,68.0,0.336,0.147
S05967,69.967,17.46,0.0,75.43,70.089,14.69,0.0,60.54,20.88,0.0,71.8,0.122,0.168
S04012,46.431,18.1,0.0,64.85,46.8,16.14,1.33,61.7,23.84,7.36,62.02,0.369,0.412
S02598,63.811,23.34,3.1,80.19,64.212,21.32,0.0,55.09,25.85,0.0,71.43,0.401,0.233
S02990,71.412,26.32,0.0,52.79,71.496,24.74,0.0,53.49,24.1,1.75,68.52,0.084,0.091
S03053,78.725,24.67,0.0,77.29,78.926,25.89,0.0,70.68,21.0,1.64,78.24,0.201,0.149
S08843,73.78,23.25,3.88,78.59,74.033,22.17,0.0,60.04,17.85,0.77,49.5,0.253,0.042
S06714,54.928,26.05,0.0,75.93,55.199,24.99,0.0,75.24,22.11,39.98,68.45,0.271,0.499
S03360,52.161,26.49,0.0,84.04,52.761,26.16,35.0,75.77,21.73,32.16,62.34,0.6,0.522
S08886,52.793,30.03,0.0,55.07,53.056,23.57,0.0,61.67,22.99,3.9,78.52,0.263,0.359
S00447,57.751,20.81,0.0,65.65,58.036,20.34,4.33,80.18,22.51,9.81,69.9,0.285,0.299
S04642,74.853,22.56,0.0,74.05,75.0,22.06,0.0,72.13,27.54,40.02,76.24,0.147,0.625
S03701,67.76,25.93,8.79,80.05,68.015,24.59,0.0,83.31,25.68,0.4,70.46,0.255,0.181
S00715,65.576,25.8,0.0,66.77,65.682,14.27,5.28,51.55,27.04,0.0,80.54,0.106,0.339
S00420,64.416,28.17,21.24,68.39,64.883,24.75,0.0,76.36,20.58,0.68,74.26,0.467,0.18
S06095,62.278,18.49,0.0,70.05,62.444,21.23,0.0,57.83,24.4,2.65,68.62,0.166,0.214
S09157,62.818,20.26,0.0,71.36,63.096,20.0,0.0,67.77,25.47,0.0,71.89,0.278,0.315
S08322,61.268,20.11,0.0,63.6,61.454,21.51,0.0,72.95,23.28,2.67,66.04,0.186,0.136
S05396,57.049,22.22,4.93,78.84,57.42,27.45,2.56,75.45,23.11,0.02,63.67,0.371,0.238
S05132,73.879,20.42,0.0,61.37,73.987,26.48,0.0,76.24,22.75,0.0,63.98,0.108,0.018
S02205,54.972,19.55,0.0,70.78,55.175,27.27,0.0,84.56,25.95,4.27,71.62,0.203,0.382
S03538,65.735,21.96,1.64,63.02,65.878,21.14,0.0,63.74,29.09,0.0,79.38,0.143,0.311
S07559,58.507,25.92,0.0,69.37,58.812,24.36,0.0,73.31,17.81,0.0,58.04,0.305,0.15
S03519,57.391,23.33,0.0,62.66,57.758,23.88,16.56,62.66,22.52,0.0,70.69,0.367,0.286
S04774,52.537,21.82,24.35,72.84,53.046,23.66,0.0,94.15,23.09,0.0,68.74,0.509,0.239
S07930,70.466,26.25,0.0,73.77,70.753,23.18,3.28,67.77,19.09,0.0,62.06,0.287,0.075
S04561,58.113,21.65,0.0,51.8,58.384,28.41,0.0,80.62,21.53,1.62,69.63,0.271,0.163
S06208,72.501,17.02,1.43,82.86,72.626,20.67,0.0,69.73,20.75,6.32,70.89,0.125,0.15
S08684,50.062,22.71,0.0,74.94,50.335,21.75,0.0,66.7,18.54,0.0,64.59,0.273,0.154
S04696,54.418,22.1,18.42,66.89,54.892,21.68,0.0,64.44,27.26,0.0,66.37,0.474,0.385
S01577,56.172,18.33,0.0,48.06,56.485,14.46,4.83,59.43,19.13,3.46,62.76,0.313,0.305
S05066,58.624,20.65,0.0,72.31,58.805,15.82,0.0,63.08,19.33,0.0,72.98,0.181,0.271
S02735,63.446,19.89,0.0,66.71,63.601,20.77,0.0,52.18,16.87,0.0,71.98,0.155,0.123
S05249,71.636,27.27,0.0,78.74,71.881,18.73,0.66,53.92,20.08,1.52,73.95,0.245,0.111
S06644,61.48,24.04,10.12,77.65,61.771,24.68,31.75,76.5,25.98,5.0,71.24,0.291,0.233
S05788,78.975,25.18,0.0,78.69,79.113,16.6,4.56,50.74,22.3,0.0,75.25,0.138,0.115
S07783,55.098,16.41,4.17,66.72,55.232,17.45,0.0,61.3,20.07,0.0,60.59,0.134,0.214
S02714,51.484,21.11,0.0,56.16,51.776,20.5,0.0,53.33,18.29,10.71,57.06,0.292,0.252
S08337,66.483,18.77,6.52,69.43,66.82,23.08,0.0,67.88,18.74,0.0,61.12,0.337,0.044
S09149,60.305,23.65,7.7,79.92,60.648,28.72,0.0,78.8,20.71,2.11,70.44,0.343,0.239
S03957,51.062,26.04,0.0,81.19,51.48,14.51,1.99,63.85,23.26,5.37,74.66,0.418,0.344
S07933,56.821,24.45,0.0,68.09,57.163,18.48,0.0,60.19,20.28,0.0,65.84,0.342,0.152
S05756,52.001,26.35,0.0,82.21,52.287,27.22,0.0,66.06,22.5,0.0,82.49,0.286,0.301
S02451,68.543,27.75,0.0,65.28,68.825,16.58,0.0,79.63,24.24,0.0,79.99,0.282,0.172
S00798,66.993,20.61,0.0,70.58,67.078,22.97,0.0,65.56,22.96,0.0,59.96,0.085,0.039
S00914,57.335,26.4,0.0,88.82,57.584,19.33,0.0,72.37,22.19,2.52,76.12,0.249,0.292
S04665,64.358,22.5,1.21,56.68,64.489,20.04,0.0,66.54,23.68,0.51,68.52,0.131,0.211
S08487,67.749,21.43,0.72,82.02,67.884,20.81,0.0,72.98,24.06,0.0,78.07,0.135,0.277
S06061,73.25,17.79,5.06,63.94,73.345,27.96,0.0,75.67,21.87,0.43,62.26,0.095,0.131
S02197,80.243,19.51,0.0,65.97,80.348,22.82,4.96,68.81,18.51,2.78,63.58,0.105,0.03
S00071,55.049,26.94,0.0,77.48,55.333,23.36,3.4,69.75,24.92,27.48,76.78,0.284,0.545
S04535,61.277,26.78,0.0,73.66,61.619,19.15,0.0,66.02,26.84,0.0,78.51,0.342,0.282
S03125,79.831,15.39,0.0,57.22,79.843,25.18,3.97,70.46,24.76,5.66,67.79,0.012,0.231
S09749,75.689,24.84,0.0,76.52,75.903,17.3,3.75,74.81,19.69,0.0,64.38,0.214,0.017
S05973,63.849,28.9,0.0,74.06,64.088,20.48,0.0,69.58,19.76,4.43,62.82,0.239,0.116
S06836,72.51,20.52,4.19,72.32,72.747,25.0,0.0,64.08,26.93,0.0,68.26,0.237,0.254
S03765,61.774,26.29,4.36,66.04,62.376,22.46,0.0,65.96,17.86,0.44,58.01,0.602,0.057
S03980,59.887,22.74,0.0,66.97,60.107,17.74,0.0,68.28,22.84,11.57,61.42,0.22,0.313
S09039,58.769,22.69,0.0,76.45,58.985,16.32,0.0,60.04,18.16,13.9,77.06,0.216,0.323
S06546,52.533,25.42,0.0,64.01,52.896,25.34,0.0,61.33,20.21,0.0,64.01,0.363,0.19
S09228,67.285,22.93,0.0,65.65,67.406,19.03,0.0,61.99,18.72,0.29,73.86,0.121,0.135
S08414,73.176,22.99,0.0,64.97,73.236,20.91,14.98,68.43,24.82,15.2,74.45,0.06,0.357
S02006,58.575,24.85,0.0,55.22,58.85,27.77,22.03,57.79,23.62,0.0,74.46,0.275,0.189
S04044,63.535,27.33,35.0,81.56,64.167,28.7,3.15,60.93,22.39,38.72,73.31,0.632,0.591
S05515,59.071,26.35,0.0,75.42,59.439,24.34,0.0,71.7,24.3,0.16,68.48,0.368,0.258
S08088,51.916,23.52,0.68,65.63,52.172,24.44,6.1,57.18,23.22,3.09,63.09,0.256,0.199
S05364,63.061,23.48,0.0,74.82,63.284,21.02,0.0,70.99,19.66,4.78,77.59,0.223,0.233
S02181,55.61,26.48,1.55,65.82,56.064,25.57,0.0,76.09,21.52,4.89,75.52,0.454,0.382
S07305,55.137,24.45,0.0,68.27,55.431,26.0,11.36,85.48,23.52,4.33,75.02,0.294,0.335
S07409,47.303,23.42,0.0,59.62,47.691,17.57,0.0,53.78,15.18,0.64,53.58,0.388,0.101
S06315,52.409,20.52,0.0,58.52,52.603,14.86,0.0,74.4,22.96,0.96,58.03,0.194,0.328
S01486,56.052,21.18,2.92,78.87,56.288,25.22,0.0,70.15,25.1,13.97,68.52,0.236,0.444
S03528,70.614,19.89,0.0,56.32,70.729,24.81,0.0,65.86,22.13,0.47,71.01,0.115,0.114
S01976,61.166,25.73,0.0,71.54,61.376,28.52,0.0,78.22,25.32,8.46,67.31,0.21,0.329
S01013,56.007,24.28,0.0,65.89,56.239,27.11,0.0,71.04,22.58,14.53,73.86,0.232,0.403
S09455,64.726,22.99,0.0,66.86,65.14,23.61,7.29,71.02,25.2,20.15,64.42,0.414,0.459
S06826,63.067,26.2,0.0,71.05,63.592,22.71,3.66,76.16,21.55,0.79,74.69,0.525,0.201
S02057,53.851,23.83,8.24,70.42,54.255,20.74,0.0,63.91,22.65,3.49,71.64,0.404,0.292
S09024,46.307,23.78,0.0,76.02,46.691,20.32,0.0,72.64,24.54,1.42,69.6,0.384,0.266
S01796,40.0,24.47,8.94,73.82,40.579,17.54,0.03,68.32,17.87,2.94,71.0,0.579,0.244
S07315,72.672,26.95,24.61,64.07,73.06,24.75,0.0,82.8,21.61,5.0,66.16,0.388,0.201
S05489,54.812,18.08,0.0,63.91,55.075,26.14,0.0,58.67,19.6,6.4,69.83,0.263,0.228
S03655,50.762,26.53,0.0,82.04,51.179,24.6,0.0,74.16,26.3,0.0,74.68,0.417,0.435
S00599,82.063,26.15,1.76,74.73,82.188,23.4,0.0,74.65,23.36,8.0,70.07,0.125,0.118
S01891,64.879,26.6,0.0,92.88,65.199,24.19,0.86,75.57,26.2,7.27,70.26,0.32,0.301
S01728,69.111,24.79,0.0,47.25,69.193,18.55,0.0,69.6,26.96,15.29,76.5,0.082,0.383
S04408,53.224,22.44,32.08,77.12,53.853,20.84,1.31,61.69,24.94,0.0,79.12,0.629,0.342
S01177,69.152,18.41,0.0,60.79,69.257,22.14,0.0,72.09,28.41,0.04,70.72,0.105,0.265
S08992,72.26,25.23,0.0,83.19,72.416,18.54,0.0,71.09,17.73,0.0,72.34,0.156,0.097
S09433,52.637,24.26,0.0,79.41,53.012,17.48,0.0,55.65,22.49,0.0,59.57,0.375,0.238
S06065,66.729,20.02,0.0,63.31,66.951,26.49,0.0,61.16,23.12,2.81,67.42,0.222,0.198
S08504,52.936,18.6,0.11,64.09,53.235,22.19,0.0,66.61,22.89,16.37,80.31,0.299,0.557
S08261,64.338,23.35,0.0,68.5,64.63,22.64,0.0,54.11,23.63,1.92,59.35,0.292,0.217
S09012,55.822,23.21,0.0,65.29,56.321,20.44,10.79,73.35,21.52,2.68,73.79,0.499,0.336
S01047,64.202,20.36,0.0,55.36,64.373,21.44,0.0,75.96,19.81,5.96,64.15,0.171,0.192
S08520,58.858,29.55,0.0,56.57,59.128,14.26,0.0,64.25,18.38,0.0,57.12,0.27,0.152
S01475,59.512,25.18,0.0,64.77,59.766,21.0,0.0,67.94,17.26,0.0,54.96,0.254,0.042
S05645,64.699,25.2,0.7,83.03,65.018,25.06,4.86,63.75,17.88,4.44,66.78,0.319,0.167
S02260,60.899,25.42,0.0,67.43,61.264,24.89,12.98,80.37,21.23,7.76,78.81,0.365,0.303
S06055,67.511,18.54,0.0,62.08,67.633,27.04,0.0,50.19,22.32,0.0,70.71,0.122,0.179
S08628,65.163,19.32,0.0,67.94,65.512,30.69,18.51,71.57,22.12,0.0,76.23,0.349,0.182
S09134,51.276,14.76,0.0,71.08,51.483,24.83,0.0,73.92,22.94,5.47,79.7,0.207,0.293
S09329,52.243,25.65,0.0,67.27,52.437,25.35,0.0,83.1,20.54,0.0,74.51,0.194,0.264
S03023,57.994,23.16,0.0,62.96,58.224,20.02,0.0,67.87,23.58,5.24,67.29,0.23,0.343
S07557,65.397,30.56,3.48,78.24,65.598,24.59,0.0,66.81,24.14,9.78,69.65,0.201,0.289
S09261,58.408,22.02,5.89,73.1,58.653,26.99,0.0,68.29,24.11,2.13,71.3,0.245,0.254
S03138,65.291,16.54,0.0,70.55,65.655,17.43,0.0,60.72,20.54,1.91,60.65,0.364,0.11
S05715,63.254,22.73,0.0,70.61,63.522,26.99,4.81,64.41,26.04,1.12,67.81,0.268,0.216
S09125,50.666,26.23,0.0,67.78,51.021,24.38,5.0,75.8,21.62,0.0,72.82,0.355,0.295
S07733,64.522,20.91,0.0,69.31,64.653,26.46,0.0,63.95,21.04,0.55,72.32,0.131,0.205
S00422,77.142,13.87,0.0,60.81,77.165,20.84,0.0,65.94,21.88,0.0,62.29,0.023,0.086
S03097,69.445,21.4,0.78,69.53,69.924,12.3,0.0,69.02,26.01,32.87,63.57,0.479,0.446
S00594,67.582,25.37,0.0,60.59,67.773,26.01,0.0,63.44,20.49,0.34,78.68,0.191,0.238
S09340,68.659,22.65,12.91,79.6,69.024,24.12,0.0,75.94,24.51,11.95,65.72,0.365,0.305
S09564,77.019,18.87,0.0,66.59,77.214,20.98,0.0,71.49,18.65,0.0,70.98,0.195,0.069
S03556,67.07,21.97,0.0,58.32,67.246,25.45,0.0,62.89,25.45,0.0,65.8,0.176,0.184
S05169,68.306,21.53,0.0,78.41,68.497,23.48,26.18,60.94,25.22,0.0,79.97,0.191,0.252
S07508,64.172,26.95,0.0,57.31,64.39,24.74,0.0,62.16,26.51,0.88,80.39,0.218,0.37
S07864,68.668,20.97,0.0,64.0,68.873,24.35,13.27,71.47,20.32,0.0,72.93,0.205,0.132
S03135,72.029,20.64,0.0,47.63,72.077,23.02,0.0,70.82,20.68,37.12,64.04,0.048,0.452
S03076,58.488,22.66,0.0,73.08,58.655,28.03,0.0,62.65,24.01,0.0,78.45,0.167,0.291
S09555,61.969,21.83,0.0,78.23,62.212,24.78,0.0,71.23,23.86,10.19,76.37,0.243,0.374
S03202,52.549,23.63,0.0,67.64,52.87,19.78,0.0,64.56,22.01,4.39,60.51,0.321,0.277
S06813,82.633,25.81,0.0,74.18,82.696,18.89,9.16,66.1,23.74,14.49,85.32,0.063,0.315
S06206,65.858,24.39,0.92,61.99,65.993,23.84,1.2,91.6,24.85,2.73,79.99,0.135,0.28
S02888,62.009,19.85,0.0,71.26,62.157,25.05,0.0,72.43,24.62,8.56,79.22,0.148,0.41
S02593,68.735,23.2,0.0,62.48,68.867,17.43,0.0,47.1,17.37,4.22,78.75,0.132,0.221
S06597,76.076,23.19,23.25,64.42,76.444,26.88,0.0,76.46,27.0,0.37,82.27,0.368,0.217
S03901,60.32,20.56,10.13,71.56,60.71,22.53,0.0,68.17,18.85,2.26,66.83,0.39,0.147
S04789,56.713,22.75,0.0,64.85,57.055,23.94,4.74,75.17,23.01,13.28,69.95,0.342,0.398
S06144,56.68,20.94,0.0,77.06,56.966,26.39,34.67,73.08,18.76,0.0,59.41,0.286,0.119
S00281,74.182,14.22,4.87,85.2,74.343,24.35,35.0,85.21,21.66,6.8,72.51,0.161,0.236
S05939,63.061,23.44,11.98,57.52,63.392,26.82,16.25,74.66,20.91,0.28,73.6,0.331,0.175
S03454,45.788,17.72,0.0,80.96,46.416,24.27,0.0,81.76,14.8,0.0,65.66,0.628,0.249
S00573,63.402,18.73,0.95,75.09,63.763,19.21,0.0,56.7,20.74,4.11,77.66,0.361,0.182
S04303,68.619,26.43,13.4,73.73,68.99,17.27,0.0,72.15,22.26,0.0,66.99,0.371,0.224
S05488,77.254,23.33,0.0,61.31,77.313,21.07,0.43,76.63,16.3,0.0,67.51,0.059,0.079
S09594,53.651,20.69,4.37,75.45,54.27,20.48,0.0,66.53,24.82,1.81,60.81,0.619,0.328
S08458,50.385,15.89,0.0,84.04,50.706,21.77,0.0,70.42,17.88,0.0,69.64,0.321,0.229
S04586,49.661,27.04,0.11,59.76,50.022,23.66,0.0,59.92,23.97,7.53,72.87,0.361,0.39
S06353,62.71,17.17,0.0,68.35,62.797,23.18,0.48,62.49,19.95,5.06,64.22,0.087,0.268
S01051,61.099,27.18,3.94,81.44,61.452,24.15,0.0,78.14,24.95,0.0,78.44,0.353,0.266
S06519,65.766,18.91,11.04,61.94,66.006,20.88,0.0,63.61,23.53,13.96,62.36,0.24,0.248
S05246,83.855,17.98,0.1,58.38,83.865,20.43,0.0,69.68,25.28,2.73,78.53,0.01,0.19
S07008,58.274,23.58,18.49,78.9,58.781,22.81,0.0,73.83,22.35,5.86,71.61,0.507,0.334
S06965,64.429,23.19,0.0,63.11,64.826,18.99,0.0,74.53,17.27,0.54,66.85,0.397,0.058
S05720,60.121,27.74,2.63,69.1,60.342,18.2,0.0,76.44,24.42,0.0,80.02,0.221,0.283
S00169,67.18,15.87,0.0,55.9,67.301,22.33,1.85,74.33,18.29,0.76,69.87,0.121,0.016
S09397,58.872,27.17,0.0,80.23,59.18,19.15,0.0,67.03,25.22,2.66,72.79,0.308,0.305
S09629,60.414,17.31,0.0,63.84,60.636,16.48,0.0,78.14,18.59,2.44,76.75,0.222,0.154
S02137,76.137,24.56,0.0,67.41,76.301,24.64,0.0,68.51,22.21,7.04,74.72,0.164,0.138
S02741,54.854,25.86,0.0,97.58,55.223,23.58,7.56,67.72,17.86,8.89,67.25,0.369,0.199
S01202,61.879,24.14,2.16,76.82,62.207,23.04,11.99,70.79,20.78,0.0,58.69,0.328,0.106
S05998,68.345,21.64,0.0,68.77,68.452,27.27,0.0,70.72,23.95,34.23,65.53,0.107,0.449
S08144,75.515,23.36,12.05,68.26,75.939,23.49,3.99,68.28,20.27,0.64,65.07,0.424,0.081
S05341,60.656,26.35,1.88,70.56,60.956,23.62,0.0,72.31,22.59,19.29,71.36,0.3,0.44
S03729,67.369,25.55,13.95,58.66,67.797,24.57,0.0,68.48,20.59,4.2,65.97,0.428,0.095
S03530,54.328,20.24,2.98,54.09,54.714,20.66,10.14,68.47,21.92,3.63,66.02,0.386,0.25
S09798,46.2,27.18,2.09,76.69,46.528,25.7,0.64,75.24,25.74,16.1,60.97,0.328,0.457
S08584,61.377,20.06,0.0,62.09,61.536,27.67,0.0,63.18,24.2,0.0,73.4,0.159,0.248
S05204,48.87,13.42,0.0,71.44,49.136,27.39,0.0,87.98,27.43,1.55,78.58,0.266,0.411
S01944,65.361,15.68,0.0,65.67,65.49,20.29,0.0,59.29,25.48,2.08,68.12,0.129,0.261
S09354,62.234,25.4,0.0,68.86,62.504,21.27,0.0,68.06,20.62,3.26,73.02,0.27,0.202
S05710,58.797,22.49,0.0,60.38,59.011,27.35,3.36,63.58,25.1,16.86,68.11,0.214,0.446
S00773,75.983,18.99,0.0,75.26,76.036,23.3,0.0,65.66,23.33,0.0,69.9,0.053,0.061
S06799,68.436,24.86,0.0,73.63,68.688,24.35,1.93,65.35,21.93,0.0,63.62,0.252,0.107
S01940,59.876,16.65,0.0,50.19,59.996,26.06,0.0,73.22,25.48,1.16,72.91,0.12,0.328
S02818,67.826,21.76,0.0,73.57,68.007,28.59,0.0,68.73,22.82,0.0,69.15,0.181,0.125
S05678,67.268,19.25,0.0,69.6,67.438,19.35,0.0,63.48,22.67,4.73,65.82,0.17,0.264
S03898,63.76,17.98,0.0,63.0,63.837,13.94,0.0,72.59,24.74,18.32,61.8,0.077,0.467
S07149,73.4,23.57,1.27,76.6,73.578,17.49,0.0,71.24,19.44,5.46,69.93,0.178,0.108
S08594,53.361,23.63,0.0,72.23,53.701,15.95,1.98,73.99,21.85,4.09,74.47,0.34,0.265
S07281,49.786,27.33,0.0,66.3,50.076,21.95,0.0,61.1,22.26,1.54,67.23,0.29,0.234
S05824,60.757,24.77,4.28,68.14,60.905,18.38,0.0,87.36,20.86,0.63,83.15,0.148,0.249
S09057,48.16,19.79,0.0,60.0,48.442,22.98,0.0,81.15,24.26,25.46,77.76,0.282,0.612
S02562,62.785,18.96,0.0,69.15,62.947,21.03,0.0,72.12,21.52,1.8,63.96,0.162,0.162
S08098,59.692,18.05,0.0,71.63,59.926,22.93,0.0,72.11,22.6,0.0,61.37,0.234,0.236
S09887,75.031,20.12,0.0,65.43,75.041,22.89,0.0,75.92,29.23,15.01,71.12,0.01,0.486
S09686,53.58,21.77,0.0,70.97,53.826,28.15,2.06,64.48,20.08,1.25,72.66,0.246,0.235
S05558,59.488,21.01,0.0,78.23,59.839,19.65,0.0,64.19,26.13,0.0,73.39,0.351,0.326
S09416,58.473,22.28,0.0,55.61,58.67,17.76,0.0,54.96,25.91,2.36,76.07,0.197,0.368
S03955,62.65,23.58,0.0,76.11,62.918,28.28,15.18,89.74,22.15,2.58,72.61,0.268,0.251
S01083,74.616,21.53,20.19,62.53,74.818,18.47,0.0,67.76,20.3,35.76,66.46,0.202,0.371
S03118,54.907,22.17,0.04,76.35,55.302,27.56,18.43,65.75,25.34,0.34,75.61,0.395,0.3
S06945,67.778,17.92,0.0,87.03,67.939,23.8,0.0,73.61,18.27,8.68,65.4,0.161,0.271
S07688,51.135,17.01,0.0,51.36,51.287,25.79,0.0,70.44,23.22,16.94,73.2,0.152,0.459
S09724,53.453,23.8,5.47,64.1,53.797,30.33,0.0,84.72,25.18,21.22,76.61,0.344,0.588
S01791,62.087,27.46,0.0,64.06,62.267,23.34,2.63,71.06,21.85,13.76,65.15,0.18,0.307
S09241,45.022,19.9,0.0,74.86,45.333,25.11,0.0,81.6,23.33,0.0,68.19,0.311,0.344
S04969,73.574,17.39,0.0,75.98,73.623,24.22,2.59,68.95,22.37,0.69,63.68,0.049,0.121
S04941,54.728,21.4,0.0,76.88,55.046,24.02,0.0,78.57,19.59,6.83,73.08,0.318,0.378
S09743,48.858,30.54,0.0,67.82,49.403,24.83,0.0,87.24,21.41,17.73,64.82,0.545,0.376
S01876,74.174,21.57,0.0,75.99,74.347,27.05,0.0,74.86,18.96,0.74,72.18,0.173,0.094
S09544,65.633,23.38,0.0,72.26,65.85,25.21,7.89,75.74,20.27,2.33,72.93,0.217,0.192
S02362,74.832,22.2,0.0,78.39,74.923,23.73,9.61,89.52,22.26,0.0,75.1,0.091,0.161
S00674,68.048,26.04,3.52,73.69,68.255,20.35,0.0,67.63,25.1,8.51,82.14,0.207,0.309
S02977,58.613,26.95,0.0,67.24,58.876,27.31,6.07,78.56,17.16,1.26,70.4,0.263,0.157
S06520,71.305,25.02,6.24,68.57,71.583,24.32,0.0,74.36,22.47,11.77,76.04,0.278,0.25
S04272,60.433,22.86,0.0,80.89,60.694,22.41,0.0,59.76,21.13,3.99,71.38,0.261,0.167
S04128,54.351,21.91,0.0,63.07,54.529,22.54,0.0,77.16,24.84,1.62,71.72,0.178,0.265
S07661,71.253,26.43,1.45,70.43,71.533,23.93,0.0,62.8,19.24,1.48,65.41,0.28,0.01
S03388,58.96,21.16,0.0,80.43,59.134,16.79,0.0,69.71,20.61,0.0,72.29,0.174,0.231
S07811,76.751,26.61,18.53,59.62,77.056,26.12,5.16,78.33,27.27,3.3,89.93,0.305,0.182
S00591,62.709,25.69,9.93,65.25,63.059,22.74,0.0,69.67,21.49,18.99,71.62,0.35,0.305
S06076,70.772,16.89,0.0,65.01,70.838,24.76,12.43,78.45,26.05,15.42,74.65,0.066,0.336
S07342,65.604,18.46,0.0,61.15,65.892,23.06,0.0,82.25,26.61,0.0,68.14,0.288,0.174
S00340,59.628,19.88,1.09,71.94,59.977,18.31,0.0,91.34,19.46,14.03,68.67,0.349,0.302
S06861,73.842,22.49,0.0,55.57,74.013,19.22,0.0,67.86,24.35,1.61,69.94,0.171,0.183
S00239,75.373,26.91,0.0,65.76,75.564,23.27,0.0,63.02,23.19,0.0,72.93,0.191,0.228
S07552,60.511,24.12,0.0,67.25,60.726,23.24,0.0,66.91,22.49,1.52,81.36,0.215,0.215
S07757,64.882,18.13,0.0,77.95,65.069,19.0,0.0,69.55,26.61,6.63,68.47,0.187,0.313
S07962,69.615,31.14,0.0,56.32,69.9,24.94,6.61,79.89,24.19,8.13,65.11,0.285,0.22
S09788,42.387,15.23,0.0,57.91,42.69,14.88,0.0,56.95,19.54,2.84,57.47,0.303,0.226
S05993,66.135,27.83,0.0,86.88,66.386,24.26,0.0,75.33,24.5,0.72,74.33,0.251,0.214
S04821,44.81,23.74,6.74,70.22,45.5,15.83,0.0,74.49,20.62,16.76,65.78,0.69,0.466
S04664,56.387,21.76,0.0,70.6,56.726,23.37,0.0,58.53,19.62,0.0,58.59,0.339,0.181
S02088,64.811,26.69,0.0,74.71,65.065,20.86,0.0,62.89,24.21,33.03,84.54,0.254,0.687
S08239,63.081,13.66,0.0,77.1,63.121,24.09,6.29,84.31,22.45,3.12,63.49,0.04,0.2
S09871,58.566,18.43,0.0,60.89,58.692,26.92,8.12,79.09,25.11,2.31,71.67,0.126,0.38
S04101,51.451,28.01,26.44,89.67,52.119,22.38,0.0,69.5,20.9,4.8,70.32,0.668,0.264
S03727,62.43,24.59,0.0,68.29,62.629,22.61,0.0,54.81,25.79,2.79,68.71,0.199,0.217
S00814,77.999,21.54,0.0,69.77,78.186,13.32,0.0,53.48,24.1,20.42,86.63,0.187,0.355
S01360,68.631,13.11,0.0,51.34,68.985,24.19,16.86,57.41,24.38,18.44,78.46,0.354,0.416
S05160,52.801,14.24,0.0,60.49,53.001,24.24,0.0,71.67,21.36,0.0,72.66,0.2,0.203
S06269,61.124,20.45,0.0,68.73,61.377,21.37,0.0,66.38,22.47,11.5,73.96,0.253,0.291
S08803,43.757,25.39,0.0,65.38,44.179,25.21,1.22,80.45,24.57,0.0,69.5,0.422,0.296
S04757,58.657,23.8,0.0,57.59,59.084,23.37,0.0,71.39,24.68,5.7,70.09,0.427,0.41
S02524,61.898,25.72,0.0,68.07,62.284,24.83,0.0,73.07,23.64,4.75,68.8,0.386,0.342
S04160,55.546,25.92,0.0,74.33,55.921,16.99,0.0,70.72,25.01,2.23,76.83,0.375,0.323
S02173,53.587,19.09,0.0,66.53,53.746,23.19,0.0,77.65,22.31,12.15,77.01,0.159,0.441
S04569,44.18,25.91,0.0,64.1,44.53,19.45,0.0,58.52,22.05,0.0,73.79,0.35,0.362
S00794,72.609,22.15,0.0,82.81,72.704,23.64,1.69,68.11,22.77,4.09,63.51,0.095,0.171
S03368,65.751,15.8,0.0,74.65,65.904,24.24,0.0,67.58,24.99,9.75,76.17,0.153,0.389
S03912,65.819,15.74,2.3,63.21,66.007,24.78,0.0,58.69,25.47,2.63,58.02,0.188,0.22
S03033,74.932,24.09,0.09,72.93,75.018,24.58,0.0,83.12,17.04,3.72,68.15,0.086,0.047
S06389,74.6,25.16,0.0,82.59,74.756,20.51,0.0,67.11,19.58,3.04,69.54,0.156,0.056
S07249,65.012,21.83,0.0,62.29,65.269,16.61,0.0,58.96,20.38,1.19,62.46,0.257,0.085
S09066,58.171,19.87,0.0,82.75,58.41,21.49,0.0,78.3,22.38,0.0,68.52,0.239,0.241
S09403,62.327,28.27,0.0,74.09,62.723,16.88,0.0,53.4,23.13,3.12,78.09,0.396,0.237
S09132,73.447,24.04,1.28,74.37,73.665,26.04,0.0,56.24,28.18,0.0,63.87,0.218,0.219
S07576,69.051,14.29,0.0,55.16,69.134,24.53,0.0,68.72,23.32,0.16,72.61,0.083,0.207
S04762,65.315,14.97,0.0,58.2,65.352,20.47,0.39,65.82,22.38,0.16,70.44,0.037,0.187
S00304,71.895,19.1,0.0,68.89,72.039,21.51,2.4,76.81,29.01,2.63,68.35,0.144,0.268
S08827,48.829,24.35,0.0,77.25,49.093,22.91,0.0,70.31,14.1,0.86,61.24,0.264,0.173
S04065,59.249,22.71,10.72,67.47,59.74,22.08,0.0,64.93,20.52,2.21,76.81,0.491,0.188
S02385,58.918,22.76,5.83,85.92,59.263,25.35,0.0,83.2,20.47,2.07,74.99,0.345,0.265
S03139,75.956,21.71,0.0,63.41,76.012,26.69,12.55,78.22,22.69,7.5,78.02,0.056,0.253
S02223,57.604,21.23,0.0,69.54,57.958,24.34,0.0,61.99,21.2,0.01,65.87,0.354,0.2
S04268,58.695,22.23,0.0,67.91,58.97,18.86,0.0,60.71,22.53,0.92,54.97,0.275,0.205
S00013,67.029,23.2,1.44,63.99,67.254,18.57,1.11,71.44,23.14,0.0,64.52,0.225,0.124
S09906,70.39,23.52,18.84,84.73,70.678,22.88,29.35,63.66,21.83,0.0,63.87,0.288,0.057
S01022,80.523,25.22,0.0,89.72,80.699,22.35,0.0,63.65,21.57,1.59,71.89,0.176,0.111
S05919,58.102,25.53,0.0,62.07,58.477,23.91,11.09,70.5,29.61,0.0,64.89,0.375,0.275
S08567,71.315,22.79,0.0,66.82,71.606,26.4,0.0,74.46,19.45,4.6,63.99,0.291,0.098
S05375,54.984,24.97,0.0,75.47,55.26,26.89,0.0,80.06,27.14,17.85,74.2,0.276,0.522
S09235,73.356,19.14,0.0,79.89,73.522,24.86,0.0,71.94,23.59,0.24,57.21,0.166,0.088
S02671,73.588,22.32,0.0,68.34,73.782,24.13,0.0,73.09,21.85,0.0,78.65,0.194,0.134
S09076,81.841,24.56,0.0,68.19,81.924,21.77,0.0,79.63,20.47,31.01,81.71,0.083,0.416
S00931,76.722,20.81,2.02,61.22,77.027,21.4,0.0,78.88,20.35,0.0,74.71,0.305,0.13
S04021,70.642,22.04,3.29,54.48,70.714,23.89,0.0,68.51,24.14,2.3,74.23,0.072,0.18
S07231,60.989,25.81,0.0,86.89,61.386,26.35,0.0,84.46,31.41,18.38,79.93,0.397,0.545
S00850,63.764,23.62,0.0,63.2,64.041,20.55,6.94,62.6,27.87,17.13,77.98,0.277,0.525
S03002,69.414,24.62,0.0,63.99,69.569,24.93,0.0,89.79,22.94,17.31,77.42,0.155,0.337
S02459,47.021,25.6,0.0,66.51,47.314,24.35,0.0,76.02,19.74,0.0,55.98,0.293,0.189
S01198,77.357,22.91,0.0,69.58,77.824,24.26,0.0,76.78,23.46,0.79,75.33,0.467,0.081
S00446,44.511,27.77,2.92,67.16,44.967,27.77,0.0,71.27,20.97,0.0,64.48,0.456,0.232
S04401,62.015,19.01,0.0,63.11,62.072,25.81,0.0,40.54,20.3,0.15,66.19,0.057,0.165
S09515,55.202,26.07,1.81,58.57,55.542,23.93,2.59,81.28,24.15,0.0,64.99,0.34,0.362
S07255,75.629,24.87,5.13,77.25,75.788,23.63,0.0,48.35,23.7,4.11,73.46,0.159,0.235
S08225,70.284,21.72,0.0,63.55,70.455,21.26,0.0,82.49,24.37,0.0,58.71,0.171,0.097
S07751,45.148,23.0,0.0,79.29,45.527,25.22,0.0,73.42,23.08,4.12,72.59,0.379,0.428
S08464,71.163,18.65,0.0,62.6,71.205,26.91,0.0,61.03,22.05,0.0,70.9,0.042,0.119
S05946,65.867,15.89,0.0,64.08,65.919,26.02,0.0,81.69,20.42,0.32,68.56,0.052,0.166
S06848,57.893,24.17,0.0,61.64,58.148,16.93,0.0,66.71,21.75,0.0,50.89,0.255,0.182
S07379,69.28,18.84,0.0,68.68,69.439,23.72,0.0,67.32,15.94,0.0,68.18,0.159,0.027
S00262,63.241,18.41,0.0,53.52,63.35,19.05,0.0,57.13,23.39,0.0,65.55,0.109,0.217
S05229,63.706,20.88,0.0,59.68,63.917,24.78,0.0,83.18,22.59,29.89,62.26,0.211,0.485
S04174,67.015,19.68,5.96,68.19,67.254,17.1,0.0,61.52,25.45,3.39,70.91,0.239,0.283
S01977,58.114,24.03,0.0,81.51,58.403,17.53,0.0,69.99,21.95,4.35,84.09,0.289,0.354
S04744,62.06,22.3,0.0,61.67,62.238,22.03,0.0,79.11,18.57,0.69,68.09,0.178,0.101
S07124,40.0,24.9,0.0,67.25,40.325,19.53,0.0,79.18,18.14,0.0,57.35,0.325,0.275
S01716,63.161,22.71,0.0,67.39,63.588,27.32,0.0,80.51,19.48,0.0,67.12,0.427,0.106
S08696,56.416,24.01,8.94,70.83,56.768,17.71,0.0,56.42,19.91,2.8,87.81,0.352,0.205
S07368,62.982,25.62,4.38,74.14,63.28,27.02,1.42,71.78,18.47,0.0,72.84,0.298,0.137
S09495,67.52,21.51,0.0,54.69,67.697,23.1,0.0,72.55,19.52,5.85,78.92,0.177,0.183
S08253,55.838,25.64,0.0,60.9,56.065,24.48,0.0,78.19,21.48,2.59,70.99,0.227,0.278
S01873,55.106,25.15,5.82,70.81,55.537,21.47,0.0,64.86,24.22,9.25,75.68,0.431,0.459
S04905,61.844,19.11,0.0,56.21,61.997,22.35,0.0,68.45,21.84,0.0,71.15,0.153,0.272
S01722,64.992,23.29,6.42,72.38,65.278,20.55,0.0,69.26,23.79,0.0,72.88,0.286,0.219
S07839,81.587,18.67,0.0,69.04,81.606,25.69,0.0,73.58,14.84,0.0,65.38,0.019,0.024
S01570,69.861,23.04,0.0,70.3,70.084,23.75,0.39,67.78,24.77,35.13,63.2,0.223,0.464
S04269,65.665,13.54,0.0,54.14,65.68,25.05,0.0,80.43,21.27,14.52,72.31,0.015,0.316
S02826,57.365,21.78,0.61,68.72,57.522,22.22,19.98,74.79,30.03,4.16,75.01,0.157,0.443
S05763,53.937,22.16,0.0,73.15,54.328,26.37,0.0,73.39,16.67,31.23,65.18,0.391,0.543
S04771,60.3,22.71,3.29,64.97,60.594,23.17,17.21,75.23,23.96,8.92,59.99,0.294,0.297
S08143,72.579,21.03,0.0,61.22,72.737,24.17,0.0,76.03,24.01,1.86,58.79,0.158,0.151
S00688,57.965,20.56,0.0,83.04,58.111,23.54,0.0,72.38,25.34,2.4,72.94,0.146,0.298
S06146,54.105,21.37,0.0,71.43,54.273,23.67,0.0,76.14,26.4,5.06,66.45,0.168,0.383
S09836,69.134,22.57,0.0,82.85,69.324,27.72,0.0,74.96,25.49,0.0,68.78,0.19,0.237
S00750,72.653,20.84,3.15,65.38,72.886,22.35,0.0,83.28,23.24,0.0,76.6,0.233,0.211
S07509,55.755,24.77,0.0,65.44,56.05,24.8,0.0,74.53,23.25,0.0,78.95,0.295,0.276
S05916,69.782,19.79,0.0,64.47,69.925,15.32,0.0,83.41,20.62,0.0,78.91,0.143,0.172
S06719,66.289,25.14,0.0,70.83,66.455,21.15,0.0,58.53,22.62,2.71,76.14,0.166,0.213
S03430,72.475,24.29,3.18,69.74,72.75,22.69,0.0,77.32,22.09,0.62,71.1,0.275,0.128
S04292,59.039,24.39,0.0,82.78,59.373,26.82,20.53,56.38,16.1,1.46,75.91,0.334,0.199
S05633,73.512,21.87,28.1,65.65,73.832,26.76,2.32,68.01,14.84,0.0,69.25,0.32,0.046
S08304,56.428,18.87,0.0,71.02,56.677,24.5,0.0,72.16,23.92,6.55,67.33,0.249,0.316
S02958,65.859,13.87,11.55,63.15,65.959,23.92,0.0,75.8,26.66,3.19,66.26,0.1,0.268
S02343,55.256,16.42,0.0,75.93,55.452,23.21,0.0,76.12,24.03,11.14,75.2,0.196,0.432
S00699,63.516,20.76,0.0,76.47,63.776,12.0,0.0,74.62,24.06,0.0,72.53,0.26,0.266
S08891,69.325,27.31,0.0,75.56,69.469,26.26,1.19,71.11,26.19,1.79,66.85,0.144,0.197
S07719,60.217,21.27,0.0,61.1,60.402,26.03,0.0,62.22,23.57,0.94,78.86,0.185,0.219
S00411,62.156,19.45,0.0,59.56,62.245,22.09,0.0,63.48,27.22,1.2,75.54,0.089,0.31
S08287,61.061,20.28,2.96,65.67,61.223,19.41,0.0,67.54,20.86,0.0,72.0,0.162,0.192
S02064,62.519,19.8,0.0,60.2,62.696,29.38,0.0,67.47,24.02,3.63,87.33,0.177,0.42
S05319,61.087,23.95,0.0,73.72,61.414,18.6,0.0,41.54,25.51,21.81,67.42,0.327,0.401
S04773,59.534,25.94,0.0,83.06,59.84,16.58,0.0,74.71,20.57,0.0,82.48,0.306,0.24
S04077,51.04,24.9,0.0,76.8,51.263,20.64,0.0,78.45,20.39,1.96,77.19,0.223,0.23
S07527,52.333,24.4,3.47,65.03,52.604,23.32,3.77,70.8,20.38,0.66,60.59,0.271,0.162
S05604,70.898,17.3,0.0,76.15,71.049,26.3,0.0,65.94,25.9,5.02,79.81,0.151,0.232
S03128,46.134,24.42,0.77,68.09,46.401,23.75,0.0,76.79,23.64,11.1,62.3,0.267,0.413
S07568,68.118,21.81,0.0,58.41,68.206,16.71,3.63,60.11,21.82,3.89,70.91,0.088,0.249
S07104,63.897,15.27,28.9,68.23,64.281,17.21,0.0,70.59,21.17,1.44,73.71,0.384,0.132
S03262,51.996,22.39,0.0,76.74,52.347,16.15,0.0,67.29,19.15,1.51,79.06,0.351,0.22
S06113,72.733,18.96,0.0,70.28,72.899,15.16,0.0,63.27,23.53,0.0,59.83,0.166,0.091
S07735,72.679,23.79,0.71,82.39,72.796,18.45,0.0,59.65,24.35,0.0,71.67,0.117,0.225
S06222,76.355,23.99,0.0,62.85,76.405,18.77,0.0,67.92,23.81,13.61,54.2,0.05,0.281
S09049,62.772,22.0,0.0,79.84,62.997,24.94,0.0,74.96,26.06,3.73,63.89,0.225,0.231
S03295,56.436,23.97,0.0,70.93,56.633,23.07,0.0,67.71,21.09,5.02,60.29,0.197,0.343
S09706,62.024,22.08,0.0,83.34,62.163,21.11,0.0,61.29,23.27,17.94,68.5,0.139,0.4
S08445,67.855,22.61,0.0,67.86,68.089,26.73,0.0,77.08,25.23,6.43,64.01,0.234,0.163
S04113,72.943,25.18,6.68,69.29,73.161,23.43,0.0,62.96,25.42,25.74,70.7,0.218,0.421
S05498,82.898,27.05,6.82,68.9,83.134,21.33,0.0,67.99,20.76,1.39,80.09,0.236,0.061
S03564,58.771,27.4,28.11,69.55,59.423,24.71,0.0,76.71,18.39,35.78,71.04,0.652,0.555
S02960,69.348,21.17,3.4,68.42,69.48,24.85,0.37,74.66,23.32,2.61,65.48,0.132,0.278
S06097,59.27,17.32,0.0,70.92,59.533,28.61,0.0,69.83,24.85,0.32,80.22,0.263,0.387
S06820,56.264,18.57,0.0,60.79,56.577,22.82,14.03,66.03,20.02,12.91,78.39,0.313,0.339
S03037,52.681,27.23,0.0,76.32,53.039,25.19,12.79,72.45,17.86,1.03,70.63,0.358,0.194
S00097,62.806,21.92,0.0,81.17,63.067,23.88,5.02,79.74,17.78,8.2,75.49,0.261,0.203
S05623,51.108,18.93,4.03,63.73,51.456,24.68,0.0,65.54,23.48,24.84,75.58,0.348,0.542
S06614,72.542,17.24,0.0,70.52,72.665,18.62,0.0,62.91,19.01,0.0,69.05,0.123,0.01
S08961,64.465,18.89,32.06,58.59,64.895,27.84,0.57,74.17,21.37,1.52,57.25,0.43,0.089
S05110,63.543,23.62,0.0,70.94,63.864,25.58,13.26,68.15,19.05,0.0,63.53,0.321,0.13
S08670,60.553,23.74,13.22,68.73,61.053,26.12,3.51,82.76,22.41,17.39,71.28,0.5,0.35
S03155,58.466,17.25,0.0,69.68,58.667,22.17,11.38,83.89,23.19,1.66,68.63,0.201,0.249
S03967,47.087,23.89,0.0,70.79,47.603,17.55,0.0,55.68,25.56,0.0,75.79,0.516,0.434
S03605,69.45,20.71,0.0,55.81,69.617,23.13,0.0,49.05,22.75,11.08,68.78,0.167,0.278
S05526,65.754,26.22,0.0,70.85,65.983,24.56,0.0,68.98,24.19,3.46,76.03,0.229,0.219
S02091,60.204,21.6,3.25,78.11,60.469,15.81,0.52,75.2,22.29,4.65,70.33,0.265,0.187
S09549,53.324,21.84,0.0,85.09,53.66,20.77,0.0,70.13,23.42,0.0,63.79,0.336,0.296
S06074,49.541,15.29,0.0,69.3,49.786,19.17,0.0,59.45,17.17,2.87,73.65,0.245,0.18
S04971,71.239,22.86,2.64,70.57,71.42,26.01,0.0,78.3,21.76,10.32,64.63,0.181,0.262
S01252,62.111,23.63,1.13,68.54,62.251,19.3,0.0,59.92,24.96,1.65,60.42,0.14,0.267
S09501,66.175,24.95,2.62,74.42,66.474,21.11,0.0,67.37,23.68,0.0,81.94,0.299,0.222
S00565,57.994,23.96,2.12,55.0,58.163,26.21,11.36,62.47,21.63,6.55,69.39,0.169,0.367
S07476,65.106,22.98,0.0,77.02,65.352,23.74,0.0,90.29,25.09,3.99,66.49,0.246,0.293
S09707,61.387,24.71,16.64,76.78,61.832,27.36,19.43,52.15,23.46,0.0,71.82,0.445,0.213
S05057,66.472,29.78,35.0,63.53,67.058,22.93,4.21,71.64,27.07,1.73,78.74,0.586,0.283
S04398,70.447,17.57,0.0,70.33,70.541,23.23,6.77,64.14,20.47,1.56,71.03,0.094,0.183
S00724,63.494,28.79,2.28,84.62,63.823,21.67,0.0,67.14,24.97,2.63,66.07,0.329,0.202
S09213,66.435,17.33,0.0,69.48,66.823,25.17,21.35,69.52,24.66,4.26,61.96,0.388,0.233
S05606,71.791,27.35,4.12,57.42,72.33,26.19,6.0,54.55,17.12,5.86,73.13,0.539,0.175
S05517,51.129,26.55,0.0,77.91,51.521,22.74,0.0,57.36,23.75,0.0,78.36,0.392,0.319
S08449,45.976,16.73,0.0,72.96,46.533,23.81,0.16,65.07,21.36,3.7,68.35,0.557,0.294
S02753,66.393,25.07,0.0,68.54,66.602,18.87,0.0,70.84,24.58,0.0,79.1,0.209,0.244
S08669,68.406,15.36,0.0,76.48,68.539,22.26,0.0,70.14,17.83,1.7,65.21,0.133,0.096
S07623,80.016,30.99,3.93,68.45,80.233,23.18,0.0,51.14,19.86,1.94,52.55,0.217,0.043
S02503,54.37,22.38,0.0,77.48,54.616,20.79,0.0,50.91,24.34,8.63,78.89,0.246,0.383
S08874,66.913,25.17,0.1,80.65,67.12,24.62,0.0,71.45,22.14,3.33,63.03,0.207,0.206
S07535,61.749,23.69,0.0,57.58,62.001,22.5,0.0,78.69,20.05,1.08,78.48,0.252,0.179
S09716,56.267,22.84,5.76,62.06,56.529,23.75,0.0,63.48,25.49,2.55,69.92,0.262,0.331
S06995,86.166,25.46,15.1,71.81,86.765,26.83,0.0,69.2,20.34,0.0,72.23,0.599,0.093
S03513,72.993,28.07,0.0,68.18,73.283,28.14,10.89,67.42,17.85,0.0,59.31,0.29,0.06
S07668,56.346,16.7,1.88,71.38,56.564,23.4,0.0,54.81,25.86,0.57,59.96,0.218,0.353
S08610,74.866,22.59,8.11,68.29,75.152,25.88,0.0,74.76,21.91,8.87,71.44,0.286,0.181
S03187,72.797,16.89,0.0,67.95,72.925,26.96,9.38,61.98,22.48,8.48,73.07,0.128,0.176
S04635,57.746,23.27,1.79,71.66,58.063,26.15,10.6,62.96,25.22,2.76,82.96,0.317,0.37
S04399,59.282,24.75,7.57,81.82,59.613,25.58,0.0,83.56,19.45,4.16,67.41,0.331,0.146
S00050,58.221,23.08,2.24,75.19,58.525,15.96,3.33,61.9,19.56,6.4,65.96,0.304,0.165
S05714,61.315,21.72,0.0,62.67,61.347,22.71,0.0,50.95,21.57,0.0,62.38,0.032,0.141
S02328,56.948,18.36,6.33,65.14,57.261,25.06,34.7,65.62,17.67,1.87,65.73,0.313,0.186
S04221,56.053,22.73,6.73,63.72,56.298,16.69,4.14,51.25,25.27,10.33,78.91,0.245,0.443
S06414,49.007,23.3,0.0,62.03,49.348,26.83,29.65,79.09,21.75,4.28,63.38,0.341,0.278
S00952,66.994,20.73,3.02,72.79,67.271,18.47,0.0,62.45,20.48,0.0,76.61,0.277,0.157
S00833,60.984,27.4,0.0,63.7,61.086,23.59,4.31,72.77,24.13,0.0,67.11,0.102,0.232
S01598,54.57,16.54,0.0,47.68,54.756,21.33,0.0,81.56,25.41,1.12,50.93,0.186,0.267
S06339,50.635,23.75,0.0,62.02,50.882,27.19,0.0,67.18,16.84,0.0,70.83,0.247,0.153
S05108,66.944,22.92,0.0,77.01,67.187,23.81,0.24,73.07,26.08,0.0,68.72,0.243,0.25
S01294,67.054,29.31,20.03,84.56,67.564,16.59,0.0,64.42,21.61,0.0,75.1,0.51,0.227
S09771,53.062,29.19,0.0,79.52,53.373,19.81,0.0,83.77,18.87,17.01,64.2,0.311,0.366
S06494,70.612,17.55,0.0,56.54,70.739,25.74,20.63,67.85,25.11,0.86,70.87,0.127,0.181
S02777,48.739,25.62,3.34,75.7,49.031,18.01,0.0,68.14,24.15,0.0,70.86,0.292,0.276
S05581,45.641,23.62,26.12,64.42,46.248,16.33,0.0,69.99,23.89,12.36,76.37,0.607,0.479
S09044,71.043,17.01,0.0,67.04,71.155,19.82,0.0,69.94,21.45,0.0,76.04,0.112,0.15
S05546,70.549,23.29,0.0,65.78,70.672,25.74,0.0,85.53,22.3,0.85,69.91,0.123,0.133
S07539,65.847,21.01,15.6,69.91,66.119,19.64,0.0,66.88,21.11,1.62,55.01,0.272,0.047
S00526,59.195,17.01,0.0,68.29,59.259,22.72,0.99,70.78,24.28,8.99,73.92,0.064,0.397
S00146,59.409,20.95,0.0,82.78,59.674,20.47,0.0,61.86,26.64,5.08,65.57,0.265,0.307
S01117,65.219,21.87,0.0,70.83,65.51,16.95,0.0,65.76,27.61,23.82,69.42,0.291,0.52
S00479,69.366,22.02,0.0,62.25,69.595,22.85,0.0,86.93,24.81,6.83,70.96,0.229,0.262
S04472,75.436,22.37,0.0,73.94,75.461,24.62,12.55,79.97,21.57,1.77,74.85,0.025,0.108
S05519,40.678,24.21,0.0,81.85,41.036,26.19,1.25,61.06,24.6,1.43,70.05,0.358,0.411
S02574,54.976,26.77,0.0,64.29,55.217,22.27,0.0,70.07,25.14,0.71,72.51,0.241,0.283
S07717,53.36,20.28,1.41,69.71,53.634,23.91,4.88,66.3,20.77,0.0,64.42,0.274,0.148
S07264,72.887,25.16,0.0,76.96,73.078,24.54,0.0,78.84,26.3,6.99,72.11,0.191,0.262
S02191,49.642,25.42,0.0,72.96,50.064,19.05,0.0,70.58,20.39,19.15,73.08,0.422,0.436
S06933,58.412,30.16,4.7,70.54,58.771,26.96,0.0,84.61,21.4,0.24,59.37,0.359,0.126
S09093,47.96,25.37,0.0,84.14,48.38,28.21,0.0,82.52,22.44,0.0,64.1,0.42,0.198
S04130,58.278,22.71,0.0,72.14,58.557,27.41,0.0,81.34,25.6,1.26,72.45,0.279,0.362
S03072,67.659,26.37,0.0,70.61,67.917,24.74,0.0,69.99,22.85,8.18,75.58,0.258,0.291
S00730,68.127,27.5,0.0,62.92,68.448,22.65,9.58,64.1,21.05,0.0,70.34,0.321,0.132
S01987,64.242,25.93,0.0,76.15,64.539,24.4,0.0,69.78,23.44,0.57,71.16,0.297,0.346
S09920,47.476,22.24,0.0,68.83,47.838,22.96,6.54,73.49,20.48,0.0,70.45,0.362,0.267
S09833,60.224,16.9,0.0,61.57,60.303,21.75,18.53,90.21,21.91,10.42,63.99,0.079,0.37
S01171,53.171,28.3,0.0,66.53,53.501,20.27,0.0,46.73,25.24,5.28,71.54,0.33,0.367
S09389,52.715,25.25,3.97,78.83,53.052,20.49,0.0,69.07,18.78,0.0,72.34,0.337,0.219
S08064,59.287,21.67,0.0,72.78,59.572,24.93,0.0,64.99,19.35,0.98,77.8,0.285,0.2
S02769,70.726,21.16,13.8,81.86,71.244,24.31,0.0,71.19,24.13,0.0,69.36,0.518,0.135
S02931,58.218,23.47,0.0,65.64,58.454,18.45,0.0,68.53,24.61,31.0,87.76,0.236,0.728
S03633,58.441,18.95,20.69,74.72,58.848,22.27,16.75,70.23,23.68,4.28,91.16,0.407,0.373
S02765,72.65,26.59,15.96,74.04,73.038,20.58,5.13,65.22,22.12,0.0,51.89,0.388,0.031
S02063,81.378,30.09,0.0,76.3,81.623,20.89,0.0,56.96,21.4,2.26,68.06,0.245,0.083
S07460,63.399,24.61,4.02,72.3,63.889,30.02,0.0,69.46,21.38,0.0,67.1,0.49,0.131
S02548,52.618,19.98,15.21,75.04,53.07,14.86,0.0,55.04,21.15,0.0,63.32,0.452,0.22
S05347,51.399,26.28,3.28,74.98,51.838,24.73,0.0,77.05,24.97,38.74,66.76,0.439,0.686
S09701,72.229,25.38,0.0,72.13,72.398,21.86,0.0,66.56,24.86,6.32,68.56,0.169,0.284
S00406,57.804,23.54,0.0,69.64,57.982,24.93,0.0,65.92,22.23,0.0,65.9,0.178,0.195
S04924,76.73,20.2,8.02,68.89,76.988,16.84,0.0,62.19,23.02,6.64,63.54,0.258,0.184
S02142,51.366,28.76,21.31,81.23,51.999,23.85,0.0,66.28,22.64,6.82,63.29,0.633,0.42
S05685,41.923,19.82,0.0,57.12,42.165,23.14,0.0,71.18,24.67,0.0,68.63,0.242,0.39
S00419,56.369,27.04,0.0,70.25,56.67,18.61,0.0,72.67,23.58,0.33,66.78,0.301,0.296
S03121,63.417,22.33,0.0,66.01,63.762,18.76,0.0,66.94,18.9,0.0,77.61,0.345,0.138
S06928,64.238,26.01,0.0,62.56,64.433,24.73,0.0,76.36,26.81,5.07,73.59,0.195,0.321
S06517,58.565,28.37,9.5,77.59,59.011,22.72,0.0,65.96,25.92,0.93,74.26,0.446,0.291
S02469,60.919,24.93,9.13,84.08,61.509,18.1,0.0,68.81,24.35,0.0,70.74,0.59,0.187
S04309,52.291,26.23,0.0,76.56,52.657,25.8,0.0,62.7,16.08,2.97,71.68,0.366,0.212
S04254,62.882,23.82,1.12,61.39,63.212,24.32,0.0,65.63,25.56,5.11,69.87,0.33,0.309
S07610,71.051,23.02,0.0,77.21,71.18,17.95,0.0,61.15,26.06,33.43,79.38,0.129,0.65
S01948,62.323,22.82,1.66,85.02,62.599,25.86,0.0,86.26,20.03,4.86,74.19,0.276,0.149
S05473,54.806,15.06,0.0,56.64,54.945,23.5,14.51,73.89,25.67,26.04,74.49,0.139,0.569
S08661,72.208,18.68,0.0,65.23,72.218,22.2,0.0,71.73,16.57,0.0,69.96,0.01,0.043
S02523,63.806,24.48,0.0,72.88,64.167,24.6,0.0,70.61,18.22,0.61,69.88,0.361,0.083
S09983,64.519,18.56,0.0,69.63,64.662,24.23,0.0,66.24,22.25,14.81,76.57,0.143,0.274
S02744,48.167,18.49,0.0,81.82,48.418,20.65,0.84,65.34,21.92,3.08,71.13,0.251,0.298
S09469,73.864,18.71,0.0,80.59,73.993,19.88,0.0,58.68,24.53,0.0,71.97,0.129,0.161
S05587,56.895,22.81,0.0,62.4,57.109,27.98,0.0,73.43,22.76,0.44,83.06,0.214,0.299
S01038,44.723,23.73,3.06,73.08,45.096,25.6,0.0,83.55,23.95,2.43,80.82,0.373,0.468
S03146,68.982,20.05,0.0,63.46,69.091,24.34,10.18,68.27,18.98,0.0,64.1,0.109,0.091
S02321,59.266,20.12,7.39,65.57,59.701,22.9,6.76,66.22,18.23,0.0,63.73,0.435,0.109
S02646,65.175,24.76,10.73,60.8,65.491,15.96,0.0,58.48,23.18,0.0,72.79,0.316,0.213
S00844,50.812,17.94,0.0,65.92,51.079,23.01,0.0,57.95,24.35,27.75,60.53,0.267,0.517
S02501,72.056,27.09,0.0,84.99,72.214,17.18,0.0,64.75,24.24,0.0,59.42,0.158,0.185
S01596,68.32,21.32,5.16,61.65,68.624,20.51,6.14,69.59,21.76,8.49,61.32,0.304,0.187
S03840,52.64,18.43,0.0,70.32,52.93,23.94,0.0,71.94,21.79,0.0,82.98,0.29,0.288
S02953,54.669,26.36,0.0,67.13,54.928,22.0,3.19,98.0,24.8,2.7,62.61,0.259,0.278
S01788,74.677,22.11,0.0,70.83,75.059,28.64,21.62,57.3,19.98,3.11,73.42,0.382,0.13
S04747,71.182,21.57,0.0,79.15,71.315,20.97,0.0,71.56,26.65,1.83,87.53,0.133,0.264
S05215,44.443,23.11,0.0,79.62,44.856,25.12,0.0,82.0,23.7,8.23,79.57,0.413,0.429
S05858,63.266,24.45,1.68,73.49,63.455,17.31,0.0,76.01,19.38,0.0,62.43,0.189,0.124
S02919,65.958,17.35,0.0,63.4,66.077,31.4,0.0,70.16,24.84,0.0,58.96,0.119,0.184
S02143,68.217,24.88,2.27,74.54,68.474,18.27,0.0,77.32,22.85,6.14,72.42,0.257,0.189
S07035,73.406,24.01,0.0,71.02,73.505,14.91,0.0,79.55,21.51,1.55,68.82,0.099,0.196
S02571,46.652,26.94,0.0,75.59,47.267,17.3,0.0,67.23,21.62,0.0,69.62,0.615,0.28
S01862,48.409,23.6,0.0,72.31,48.711,23.81,0.0,77.51,18.75,13.93,63.27,0.302,0.263
S09344,66.214,26.74,0.0,66.74,66.538,22.64,0.0,72.66,23.86,0.0,65.57,0.324,0.186
S09804,65.457,27.99,0.0,68.59,65.92,20.66,0.0,68.09,22.49,4.62,78.2,0.463,0.222
S03897,65.554,24.44,13.91,62.88,66.0,16.21,3.61,62.81,17.91,0.0,59.02,0.446,0.075
S02133,52.903,25.49,0.0,72.0,53.21,27.86,0.0,68.72,22.2,24.78,67.15,0.307,0.439
S00672,54.589,23.57,21.7,57.44,55.021,19.89,0.0,68.15,25.86,2.79,69.52,0.432,0.302
S00004,60.084,22.62,0.0,66.56,60.295,29.83,4.46,77.34,20.3,0.86,56.67,0.211,0.131
S04893,58.369,20.27,0.0,72.61,58.728,23.6,0.0,66.23,20.3,0.18,67.42,0.359,0.167
S05827,63.728,24.76,0.0,81.69,64.011,19.2,8.68,74.61,22.41,0.0,73.06,0.283,0.29
S01591,70.789,24.35,3.61,65.26,70.911,25.94,0.0,75.05,25.06,0.0,72.49,0.122,0.128
S04224,43.311,28.94,0.0,86.13,43.792,17.96,0.0,63.19,21.28,6.61,74.67,0.481,0.46
S00386,70.474,19.34,10.11,71.37,70.674,25.01,0.0,81.81,24.95,2.28,80.9,0.2,0.203
S03861,65.94,22.2,0.0,69.03,66.097,25.48,0.0,87.84,20.75,0.76,57.88,0.157,0.065
S05746,59.524,28.36,7.1,76.28,59.862,23.38,0.16,66.02,21.12,3.05,78.04,0.338,0.255
S05422,72.922,24.35,0.0,82.39,73.116,27.99,0.0,68.58,23.2,4.48,65.71,0.194,0.18
S06492,48.746,23.11,0.0,79.21,49.054,28.15,14.61,70.75,17.3,0.0,66.28,0.308,0.234
S03757,61.52,18.94,0.0,74.86,61.653,20.5,0.0,72.1,19.63,7.71,56.15,0.133,0.18
S05180,65.61,22.5,0.0,73.42,65.893,25.77,20.65,75.47,23.02,6.85,67.89,0.283,0.321
S02264,64.815,22.94,6.49,56.2,65.036,21.81,0.0,86.14,24.75,7.88,72.95,0.221,0.342
S06236,73.787,26.97,0.0,74.41,74.195,24.25,0.0,68.61,25.24,0.0,76.0,0.408,0.155
S02733,52.803,22.87,0.0,70.22,53.109,24.2,0.0,53.82,24.52,0.71,68.45,0.306,0.319
S06032,53.372,24.14,7.93,64.04,53.647,23.77,5.79,61.57,22.29,0.0,75.02,0.275,0.327
S02630,45.12,16.15,0.0,66.39,45.416,15.43,0.0,54.24,22.72,0.0,70.56,0.296,0.258
S06773,61.748,23.94,13.51,78.44,62.123,21.1,0.0,51.07,17.91,25.49,69.36,0.375,0.29
S09837,64.518,23.54,0.0,64.19,64.73,24.56,0.0,74.0,24.07,2.04,68.79,0.212,0.173
S01872,58.031,20.87,0.0,68.82,58.324,25.19,0.0,75.67,20.53,0.0,68.94,0.293,0.175
S03937,71.51,22.35,0.0,64.48,71.659,24.29,0.0,75.66,21.12,3.29,66.57,0.149,0.056
S00086,78.901,24.16,0.0,66.72,78.976,15.29,3.36,66.81,24.69,6.44,63.43,0.075,0.095
S02470,46.869,26.0,0.0,64.24,47.286,16.52,0.0,67.32,26.52,0.0,70.45,0.417,0.314
S08319,53.163,26.51,0.0,53.55,53.522,23.7,0.0,70.41,20.97,0.71,75.32,0.359,0.274
S01262,62.286,28.5,0.0,71.56,62.573,21.02,0.0,79.12,21.9,12.0,65.0,0.287,0.243
S04090,71.063,23.65,0.51,72.46,71.148,18.54,2.62,72.21,22.61,1.61,73.07,0.085,0.115
S04620,70.754,22.45,0.0,60.98,70.979,21.39,7.06,80.52,23.94,10.41,64.44,0.225,0.207
S02792,61.89,21.59,6.75,61.26,62.136,18.19,4.31,79.93,20.84,0.0,62.25,0.246,0.112
S00620,57.409,22.62,0.0,66.26,57.568,23.78,16.45,64.78,17.31,1.73,67.86,0.159,0.152
S08547,56.519,24.05,5.51,68.92,56.847,24.55,2.07,74.56,18.44,0.0,75.36,0.328,0.164
S07670,60.482,24.13,0.0,67.73,60.78,22.69,0.0,79.47,25.29,0.0,66.76,0.298,0.231
S06810,59.196,29.9,0.0,58.33,59.443,30.5,8.05,84.32,17.97,0.96,54.97,0.247,0.098
S09148,47.258,21.01,0.0,69.84,47.497,15.26,0.0,56.15,21.77,0.0,71.16,0.239,0.288
S08965,80.22,17.07,0.89,58.88,80.239,24.59,2.14,75.22,25.13,3.94,79.58,0.019,0.175
S04357,56.954,17.66,0.0,61.19,57.133,18.08,0.0,68.6,22.39,23.43,76.46,0.179,0.49
S07747,52.095,18.2,0.0,67.63,52.353,28.18,0.0,85.75,23.47,1.74,50.63,0.258,0.266
S02079,54.183,23.92,35.0,77.58,54.881,18.24,0.0,61.93,27.22,3.45,63.99,0.698,0.29
S05463,63.172,20.63,0.0,74.91,63.382,13.09,0.0,63.17,25.29,13.93,73.26,0.21,0.402
S01257,40.0,25.24,9.11,69.31,40.746,29.28,0.0,58.89,27.95,14.65,74.24,0.746,0.584
S02416,60.033,23.47,0.0,57.94,60.252,26.9,0.0,67.04,22.88,8.87,61.45,0.219,0.251
S04784,52.545,25.05,0.0,64.44,52.806,23.82,0.0,73.35,20.54,0.45,71.14,0.261,0.205
S01512,59.563,24.71,0.0,71.91,59.872,23.85,0.16,73.44,22.04,1.33,58.46,0.309,0.181
S05612,73.052,26.51,0.0,61.71,73.267,17.86,0.0,60.25,22.96,1.16,76.93,0.215,0.122
S09109,69.304,26.61,6.64,87.54,69.639,22.13,0.0,60.03,21.78,0.12,66.75,0.335,0.204
S05184,62.166,20.46,0.0,73.03,62.302,30.41,6.83,77.29,21.86,0.0,56.54,0.136,0.171
S05432,56.173,24.23,0.0,60.98,56.505,24.13,0.0,69.5,28.58,0.0,73.34,0.332,0.384
S04265,58.051,29.8,0.0,74.46,58.349,26.07,0.0,83.47,26.38,6.67,85.43,0.298,0.404
S01363,51.529,17.8,0.0,57.2,51.756,23.83,0.0,67.27,22.46,0.48,69.86,0.227,0.268
S04662,66.202,24.07,0.0,74.59,66.41,22.43,0.0,71.75,22.12,5.0,76.92,0.208,0.254
S05182,54.571,24.6,0.0,71.86,54.849,27.58,0.0,79.16,25.16,0.0,67.87,0.278,0.335
S02361,58.464,21.55,0.0,65.39,58.695,25.61,0.0,65.24,25.85,19.19,73.28,0.231,0.438
S08531,65.139,22.73,4.05,84.56,65.332,17.62,3.4,79.46,23.82,5.8,87.04,0.193,0.344
S06678,76.431,19.43,0.0,62.25,76.485,23.59,0.0,77.22,28.22,1.91,81.85,0.054,0.228
S08786,54.176,22.04,10.69,52.08,54.483,24.9,3.63,68.7,24.41,0.0,69.76,0.307,0.305
S08964,69.566,27.26,0.0,63.96,69.72,22.72,0.0,68.26,25.98,4.79,74.05,0.154,0.306
S04372,67.017,19.0,0.0,74.43,67.225,27.25,5.15,59.74,22.69,0.0,57.17,0.208,0.115
S04084,63.032,18.51,0.0,54.45,63.268,31.62,0.0,79.14,26.64,4.39,83.49,0.236,0.4
S01889,76.927,16.67,0.0,77.35,77.067,24.13,15.35,61.56,27.61,3.3,77.05,0.14,0.236
S07917,63.151,21.0,0.0,80.83,63.463,18.68,14.34,64.91,21.44,0.89,68.26,0.312,0.171
S03137,58.594,27.16,25.34,74.54,59.082,16.79,0.0,55.46,22.1,9.27,83.02,0.488,0.351
S07240,65.774,22.11,22.39,88.42,66.255,24.85,0.0,77.81,24.9,35.48,77.61,0.481,0.626
S03136,67.011,21.8,0.0,76.93,67.165,25.65,0.0,77.98,24.78,1.82,80.02,0.154,0.336
S00873,73.66,17.64,0.0,64.91,73.703,19.72,0.0,78.82,21.65,5.43,58.96,0.043,0.099
S07814,42.794,17.1,8.35,61.41,43.252,19.6,0.0,65.14,26.35,10.87,65.59,0.458,0.482
S02746,56.687,19.28,0.0,83.69,56.968,19.03,3.7,68.11,18.46,2.06,64.06,0.281,0.131
S01227,67.833,21.3,0.0,81.66,68.043,21.7,0.0,75.49,19.1,0.0,69.39,0.21,0.112
S07026,52.368,23.78,15.53,88.64,52.796,20.74,0.0,78.43,22.16,1.58,66.62,0.428,0.296
S07842,66.162,15.63,0.0,49.0,66.187,20.52,4.07,79.02,21.44,6.53,59.64,0.025,0.078
S04734,58.58,24.48,0.0,72.14,58.846,29.72,0.0,71.39,22.5,0.0,68.11,0.266,0.23
S01643,69.394,22.41,0.3,62.25,69.431,18.33,0.5,65.57,21.15,4.08,76.4,0.037,0.14
S09584,68.207,22.99,0.0,58.79,68.354,22.19,0.0,77.14,24.59,6.07,60.22,0.147,0.267
S02243,57.356,24.66,0.0,77.66,57.677,28.12,0.0,87.63,21.65,0.19,76.64,0.321,0.309
S02022,61.432,25.32,2.72,53.17,61.619,25.0,0.0,77.78,22.1,2.36,67.65,0.187,0.162
S09087,52.284,25.38,0.0,73.54,52.58,24.74,0.0,73.5,26.9,10.64,79.02,0.296,0.492
S05864,82.171,17.26,0.0,71.67,82.384,21.08,0.0,81.76,23.38,14.98,71.6,0.213,0.278
S00048,59.345,25.06,0.0,75.11,59.682,22.93,9.66,79.46,24.8,0.0,78.17,0.337,0.265
S06948,54.68,23.17,0.79,60.55,54.952,23.35,17.04,79.0,24.15,1.73,78.07,0.272,0.33
S00900,62.914,24.3,0.0,69.6,63.129,28.89,0.7,76.01,23.79,3.04,63.65,0.215,0.343
S00287,61.558,18.69,0.0,73.94,61.931,19.47,2.06,70.01,21.3,3.06,63.7,0.373,0.252
S09226,65.878,21.46,0.0,82.17,65.997,21.42,0.0,60.29,23.87,5.56,54.56,0.119,0.122
S03130,51.279,25.4,8.58,75.36,52.106,19.45,0.0,52.66,21.47,18.75,73.53,0.827,0.527
S00644,60.399,28.11,0.0,60.69,60.619,24.38,0.0,73.38,21.14,2.39,66.47,0.22,0.216
S04489,63.982,21.6,0.0,79.8,64.167,20.12,0.0,74.4,22.69,0.0,62.91,0.185,0.112
S02170,62.56,22.11,0.0,75.97,62.79,20.86,0.0,70.61,18.74,0.0,52.28,0.23,0.139
S06507,67.582,24.05,0.0,71.83,67.829,18.44,0.0,68.36,24.08,17.92,70.33,0.247,0.315
S01660,74.119,15.58,0.0,67.38,74.201,19.82,0.0,74.92,23.34,0.0,71.63,0.082,0.113
S02806,70.712,19.84,0.0,64.7,70.826,21.55,0.0,66.12,20.72,5.32,78.38,0.114,0.209
S05646,64.882,28.19,0.0,69.5,65.12,20.59,0.0,66.88,25.53,3.49,70.63,0.238,0.345
S05273,68.826,25.7,0.06,75.05,69.068,19.63,0.0,45.23,24.43,0.43,63.35,0.242,0.213
S03335,65.172,17.25,4.57,69.56,65.385,27.68,27.23,78.53,23.29,0.79,78.44,0.213,0.21
S03581,62.249,26.3,0.0,81.13,62.549,18.73,0.0,73.06,23.8,0.1,83.39,0.3,0.333
S00787,68.832,25.08,0.0,62.65,68.961,27.79,6.25,79.95,23.58,5.02,77.58,0.129,0.2
S04435,58.753,24.41,0.0,74.89,59.016,26.32,0.0,70.49,25.07,1.22,65.46,0.263,0.237
S07225,62.236,22.89,2.78,69.49,62.533,27.24,0.0,64.11,23.48,32.92,66.49,0.297,0.534
S09435,47.978,27.43,3.39,67.81,48.358,25.87,0.64,82.02,19.34,0.0,76.19,0.38,0.297
S05281,50.015,25.05,0.0,69.63,50.342,22.65,0.0,68.04,26.44,1.88,75.23,0.327,0.444
S04483,66.657,25.23,16.85,81.26,67.243,27.37,0.0,65.21,25.45,9.42,72.91,0.586,0.253
S09337,59.582,23.84,0.0,72.13,59.815,19.6,0.0,63.14,20.68,0.0,69.79,0.233,0.142
S09258,62.882,22.06,0.0,62.78,63.089,17.74,2.17,73.51,23.48,1.07,59.4,0.207,0.176
S01350,68.811,25.17,0.0,64.15,68.901,31.16,0.0,67.14,25.52,7.24,68.01,0.09,0.265
S08423,69.78,25.04,0.0,69.76,70.016,24.23,23.79,78.46,21.06,4.65,64.56,0.236,0.147
S09869,78.345,26.75,15.89,65.59,78.614,18.06,3.03,60.63,24.74,10.03,63.41,0.269,0.206
S01448,75.073,23.72,0.0,79.45,75.478,22.71,0.0,65.41,26.07,0.65,76.91,0.405,0.195
S01210,60.97,23.15,0.31,56.59,61.406,18.07,13.27,68.82,22.36,3.97,63.65,0.436,0.21
S04410,58.819,22.36,0.0,86.45,59.072,26.07,0.0,83.43,23.3,3.06,79.99,0.253,0.259
S07283,51.093,27.1,5.16,66.91,51.389,19.23,10.98,77.77,21.06,0.0,69.13,0.296,0.289
S02881,67.052,22.75,2.23,56.01,67.23,26.41,0.0,82.48,21.0,0.87,71.84,0.178,0.208
S02969,57.428,25.82,1.25,71.9,57.692,18.92,0.0,61.88,24.07,1.51,76.14,0.264,0.223
S09993,52.868,28.85,0.0,60.63,53.212,12.82,1.77,58.14,18.91,0.0,74.62,0.344,0.159
S03410,74.029,22.29,0.0,67.39,74.14,23.92,0.0,73.95,22.15,2.16,65.34,0.111,0.156
S09770,68.434,25.26,0.0,74.31,68.633,26.46,0.0,72.28,24.27,25.41,62.39,0.199,0.463
S05286,52.902,24.75,0.0,78.14,53.29,27.25,0.0,70.98,20.36,1.19,73.96,0.388,0.329
S05104,58.258,21.43,0.0,81.61,58.608,15.42,0.0,51.65,26.39,3.78,66.52,0.35,0.338
S05766,58.18,22.29,0.0,67.33,58.414,19.13,0.0,72.89,24.53,0.74,71.36,0.234,0.244
S06825,51.621,29.24,18.35,84.03,52.169,21.3,5.32,60.42,21.04,0.0,58.96,0.548,0.224
S04628,62.68,24.78,35.0,85.93,63.322,12.89,0.0,75.6,23.92,5.06,62.4,0.642,0.218
S08222,62.78,17.22,0.0,59.96,62.932,27.09,0.0,75.28,16.45,19.48,71.99,0.152,0.338
S09575,61.715,26.72,0.0,61.19,62.052,15.33,0.0,68.78,22.73,6.42,62.06,0.337,0.275
S03093,64.05,22.72,2.55,71.03,64.365,17.35,6.45,64.06,24.99,2.02,66.7,0.315,0.248
S01167,75.0,17.86,0.52,63.27,75.015,26.78,0.37,61.46,23.5,0.0,69.66,0.015,0.226
S00744,59.239,25.75,0.0,64.85,59.493,31.77,2.33,57.58,23.44,11.8,81.93,0.254,0.39
S03924,49.076,20.41,0.0,55.17,49.294,25.28,0.0,75.45,21.68,0.0,73.28,0.218,0.289
S07651,64.683,25.6,1.08,83.88,64.886,25.39,0.0,54.75,20.55,18.14,71.86,0.203,0.416
S02144,61.286,21.6,0.91,59.29,61.613,25.07,0.0,66.13,20.7,0.69,76.53,0.327,0.197
S07656,63.015,27.66,14.15,61.79,63.414,26.29,0.0,66.31,24.22,0.11,55.07,0.399,0.188
S01576,76.694,20.35,0.0,69.13,76.899,17.76,0.0,58.24,17.69,4.6,88.34,0.205,0.136
S05130,58.011,20.91,0.0,70.08,58.356,15.52,0.0,79.34,23.33,20.67,64.99,0.345,0.358
S07148,59.124,26.96,0.79,72.83,59.421,30.48,3.86,73.16,24.3,23.9,71.02,0.297,0.515
S01402,58.199,27.01,0.0,77.27,58.46,19.8,0.0,81.77,23.12,6.14,70.81,0.261,0.369
S01286,58.253,15.52,0.0,61.57,58.379,22.13,0.0,72.61,24.86,0.0,71.8,0.126,0.238
S00493,67.178,29.18,28.09,83.94,67.817,21.62,0.0,57.97,23.32,3.36,62.82,0.639,0.199
S09212,52.762,27.89,6.41,62.22,53.18,20.72,0.0,60.52,22.91,0.0,65.68,0.418,0.315
S00884,54.039,21.41,11.15,70.73,54.375,18.3,7.57,75.84,24.68,0.0,58.39,0.336,0.177
S03843,60.744,24.72,0.0,76.93,61.088,21.62,2.68,75.04,24.13,18.59,79.61,0.344,0.458
S00249,48.949,26.36,0.0,74.97,49.364,23.03,0.0,81.83,27.25,28.19,87.95,0.415,0.771
S07011,67.809,24.83,0.0,76.55,68.054,21.05,0.0,66.41,21.95,0.0,65.31,0.245,0.182
S05127,71.577,26.12,0.0,71.23,71.733,21.07,0.0,59.36,19.11,0.0,62.44,0.156,0.084
S08439,56.085,20.52,0.0,77.03,56.342,21.01,0.0,84.28,19.85,8.7,67.75,0.257,0.255
S04573,63.357,26.4,1.18,89.67,63.576,18.42,0.0,72.61,18.32,0.0,68.96,0.219,0.111
S02805,69.24,21.22,0.32,72.44,69.411,15.37,0.0,56.99,21.85,3.02,65.1,0.171,0.216
S00735,57.738,26.39,0.8,78.42,58.119,21.43,0.0,79.99,23.06,2.59,67.81,0.381,0.275
S07874,55.852,15.85,0.0,72.1,56.115,23.92,0.0,64.05,26.01,13.87,66.84,0.263,0.439
S02906,57.918,24.6,0.0,79.04,58.126,16.99,0.0,77.03,25.4,3.92,76.54,0.208,0.373
S04246,65.579,18.06,0.0,61.36,65.716,23.41,6.47,74.27,20.26,9.49,73.84,0.137,0.251
S06625,56.986,24.86,0.0,67.08,57.223,22.51,0.0,76.55,21.85,24.25,75.78,0.237,0.531
S04647,59.934,22.53,0.0,66.06,60.089,26.99,0.0,62.55,22.09,10.66,65.79,0.155,0.378
S07984,77.873,19.87,0.0,69.98,77.943,23.92,0.0,60.81,27.49,0.0,72.14,0.07,0.232
S04415,71.873,23.39,0.0,78.22,72.015,17.69,0.0,77.61,22.31,6.1,81.35,0.142,0.208
S00925,48.207,25.88,0.0,74.8,48.471,25.43,10.97,63.93,28.34,0.04,54.65,0.264,0.372
S07332,62.662,18.46,15.0,77.35,62.93,19.84,0.0,69.79,25.07,9.14,64.04,0.268,0.301
S02943,62.11,24.97,0.0,71.26,62.47,19.58,0.0,68.08,19.75,9.89,62.34,0.36,0.179
S00017,48.006,25.08,0.0,80.1,48.43,25.92,0.0,77.5,28.79,3.03,68.05,0.424,0.383
S01836,67.902,24.37,29.48,63.64,68.43,24.25,6.34,93.17,24.17,0.0,73.16,0.528,0.238
S06332,71.718,19.19,0.0,82.39,71.78,23.93,0.0,72.22,22.13,0.0,64.12,0.062,0.019
S03822,68.094,25.09,0.23,81.93,68.363,24.1,1.18,76.18,24.55,2.42,70.24,0.269,0.225
S08866,63.163,20.92,5.82,74.76,63.48,21.68,0.0,73.89,25.13,0.0,75.83,0.317,0.259
S09827,70.513,17.3,0.0,72.58,70.565,20.33,0.0,80.34,19.39,0.0,66.31,0.052,0.036
S01921,77.957,20.37,2.13,73.54,78.089,30.16,0.0,65.07,23.12,7.16,77.88,0.132,0.149
S05380,73.452,18.2,6.14,64.73,73.582,16.19,0.0,72.17,22.95,0.0,84.13,0.13,0.21
S09577,66.757,24.12,0.0,73.55,66.879,23.35,0.0,66.44,23.27,14.43,52.59,0.122,0.348
S07232,45.119,27.85,0.0,71.22,45.508,22.66,9.21,78.12,19.9,4.58,70.76,0.389,0.396
S07861,74.94,18.1,0.0,55.17,74.986,25.86,2.15,76.1,23.8,1.24,52.97,0.046,0.116
S05775,56.387,24.93,14.38,72.95,56.698,27.59,7.27,73.69,22.18,3.84,70.84,0.311,0.236
S06145,72.952,27.3,0.0,62.65,73.277,25.23,1.47,59.18,20.38,16.57,82.11,0.325,0.373
S02693,44.041,26.16,0.0,68.2,44.581,23.87,0.0,64.74,21.44,4.64,75.89,0.54,0.438
S05538,66.743,22.67,25.19,69.28,67.132,28.4,0.0,68.67,25.1,2.12,79.84,0.389,0.275
S04560,78.915,21.94,0.0,62.94,78.954,24.95,24.4,66.65,16.15,0.0,62.3,0.039,0.038
S01120,56.985,23.98,22.08,80.05,57.495,19.72,21.86,65.59,20.99,1.13,58.02,0.51,0.21
S01554,57.918,24.54,0.61,72.95,58.241,24.59,9.65,75.56,21.02,2.45,73.04,0.323,0.283
S07929,58.019,18.74,0.0,72.49,58.252,26.18,7.82,78.69,24.53,0.0,71.43,0.233,0.299
S07479,56.905,24.77,15.53,78.96,57.362,23.59,0.0,83.13,22.37,3.79,73.08,0.457,0.303
S09277,59.649,24.23,0.0,67.49,59.89,28.45,4.04,73.6,20.51,0.0,75.39,0.241,0.183
S06104,49.648,21.9,0.0,59.92,49.974,25.93,0.0,67.67,25.5,0.0,57.63,0.326,0.3
S07496,65.749,17.81,0.0,64.16,65.759,20.51,2.42,71.05,26.23,4.04,71.85,0.01,0.272
S09246,56.204,22.78,0.0,64.88,56.443,24.42,0.0,66.95,21.48,2.0,72.38,0.239,0.27
S00657,72.324,19.68,0.0,65.44,72.725,25.69,2.54,63.03,17.89,0.0,62.68,0.401,0.055
S06751,60.853,24.28,0.0,66.23,61.16,20.55,1.14,64.94,24.37,20.55,77.07,0.307,0.481
S05496,56.899,19.51,0.0,65.52,57.281,23.23,0.0,64.42,25.41,5.11,76.48,0.382,0.372
S07171,73.461,25.35,3.8,66.15,73.661,19.49,0.0,75.19,24.58,0.0,62.01,0.2,0.19
S01831,74.474,26.58,1.26,65.41,74.755,23.68,0.0,65.91,21.34,7.95,68.42,0.281,0.133
S03611,55.463,24.91,0.0,68.82,55.675,23.68,9.94,73.92,20.48,7.53,52.58,0.212,0.218
S05903,73.222,23.94,10.98,69.01,73.5,17.11,0.3,65.3,21.12,35.77,64.58,0.278,0.413
S05459,53.97,22.91,0.0,69.16,54.293,23.17,1.04,68.41,21.25,0.0,67.95,0.323,0.181
S01326,60.138,23.22,0.0,68.48,60.466,21.32,1.6,76.64,21.73,4.88,67.83,0.328,0.241
S02221,51.014,17.18,11.48,59.82,51.272,23.03,0.0,68.88,21.86,12.2,82.86,0.258,0.399
S00206,54.036,24.93,0.0,78.49,54.395,17.38,0.0,74.04,20.28,8.22,70.95,0.359,0.321
S02084,59.269,19.05,0.0,71.49,59.44,17.72,0.0,59.1,22.08,0.0,71.14,0.171,0.239
S03642,63.788,26.48,11.19,73.01,64.214,26.17,0.0,58.65,18.66,0.0,80.71,0.426,0.183
S04108,59.042,24.19,0.0,78.49,59.33,24.98,8.93,79.86,17.59,9.03,63.01,0.288,0.232
S05403,49.232,22.41,0.0,67.91,49.577,18.1,2.79,67.16,26.91,3.07,67.02,0.345,0.358
S08264,70.282,21.64,0.0,72.97,70.681,22.04,1.79,74.35,22.39,4.15,67.91,0.399,0.147
S01991,51.317,15.41,0.0,69.6,51.608,23.73,4.89,69.68,21.86,0.0,66.45,0.291,0.204
S03330,65.866,22.06,2.99,73.55,66.127,26.41,0.0,74.12,23.55,0.0,87.29,0.261,0.274
S04017,70.426,25.6,24.0,82.66,70.939,19.59,0.0,67.47,20.84,4.82,71.96,0.513,0.117
S09533,57.831,20.75,0.0,67.07,57.963,25.08,0.0,74.19,20.22,2.61,57.92,0.132,0.158
S01585,52.15,25.51,1.04,75.71,52.467,23.53,0.0,61.65,21.32,9.68,61.85,0.317,0.292
S02898,62.762,25.26,0.0,61.3,62.973,21.67,0.0,81.37,24.55,11.97,89.18,0.211,0.426
S08824,57.548,24.4,0.89,75.89,57.865,25.26,0.0,71.43,26.09,11.75,72.79,0.317,0.396
S01972,63.438,22.91,0.0,55.19,63.626,25.29,0.0,75.18,24.4,11.77,71.25,0.188,0.338
S05499,75.516,20.99,0.0,64.09,75.658,25.77,0.0,74.99,29.03,0.0,81.64,0.142,0.29
S09062,59.76,21.4,0.0,68.72,59.94,24.69,0.0,67.93,23.8,15.82,75.65,0.18,0.388
S03512,45.701,25.2,0.0,65.42,46.071,20.84,0.0,63.18,23.85,0.0,76.88,0.37,0.433
S00945,72.655,21.12,0.0,74.93,72.874,25.11,0.0,59.8,23.94,1.96,82.58,0.219,0.185
S03923,52.036,24.78,0.0,68.58,52.471,20.47,1.43,68.77,22.22,5.72,65.01,0.435,0.279
S04786,66.961,23.28,0.31,79.29,67.082,25.05,9.77,69.81,23.01,1.24,79.77,0.121,0.227
S03640,60.156,21.18,0.0,83.35,60.384,26.38,0.0,71.73,20.8,5.08,65.0,0.228,0.201
S06103,61.131,29.59,0.0,70.6,61.475,23.26,7.99,71.53,23.04,0.54,70.8,0.344,0.241
S01101,72.391,15.16,0.0,64.52,72.55,25.25,0.0,68.41,25.11,16.95,71.9,0.159,0.363
S01630,54.231,20.94,0.0,69.54,54.43,25.68,8.85,78.57,20.93,0.0,69.48,0.199,0.287
S08636,40.0,17.68,0.0,68.32,40.302,31.14,0.0,69.05,20.19,0.38,65.76,0.302,0.307
S06736,58.531,27.48,5.02,74.69,58.903,22.32,1.91,78.04,23.79,0.54,63.93,0.372,0.235
S05801,59.579,19.22,5.06,69.28,59.812,18.52,0.0,55.01,23.16,0.54,67.51,0.233,0.232
S01333,55.094,23.79,9.55,62.4,55.561,17.63,0.0,59.46,27.61,2.57,68.79,0.467,0.366
S08581,60.197,15.3,0.0,56.73,60.278,23.4,3.42,83.2,20.51,0.0,82.95,0.081,0.205
S02597,62.014,23.28,10.01,65.67,62.297,25.28,0.0,71.6,25.72,1.2,66.68,0.283,0.262
S06098,63.37,21.96,0.0,63.14,63.53,22.52,0.0,65.28,23.32,8.87,62.9,0.16,0.263
S02298,50.744,25.6,0.0,67.07,50.992,25.77,0.0,74.88,18.34,0.0,63.78,0.248,0.221
S00971,67.919,15.19,0.0,58.27,67.929,28.32,12.94,73.49,19.94,4.36,75.96,0.01,0.213
S05732,65.825,29.76,0.0,89.56,66.132,23.91,0.0,98.0,18.72,5.05,55.07,0.307,0.162
S03711,57.039,18.17,0.0,72.46,57.381,21.35,0.0,86.25,16.94,0.0,59.96,0.342,0.168
S01998,68.984,22.15,0.0,55.66,69.001,25.22,0.0,84.54,21.36,0.0,58.07,0.017,0.127
S00324,63.384,24.08,11.83,78.69,63.962,18.6,0.0,74.7,27.14,0.0,64.73,0.578,0.235
S04842,72.393,19.72,9.54,74.09,72.79,24.35,0.0,71.84,22.48,4.46,73.84,0.397,0.176
S06015,66.174,25.47,0.0,67.18,66.413,24.29,5.58,71.78,25.28,0.0,70.0,0.239,0.187
S01330,54.845,15.92,0.0,61.91,55.096,22.62,0.0,75.64,16.63,0.0,60.76,0.251,0.141
S04039,68.447,22.09,4.94,73.61,68.818,28.61,3.14,78.52,22.26,11.22,74.06,0.371,0.216
S08141,54.689,18.69,0.0,62.72,54.823,23.58,0.0,66.27,24.27,0.0,72.85,0.134,0.34
S04630,63.956,29.09,0.46,83.31,64.326,26.94,0.0,68.93,19.96,0.0,59.67,0.37,0.139
S06293,70.776,22.56,0.0,69.26,70.971,25.94,0.0,79.25,23.22,0.0,73.95,0.195,0.133
S08241,65.939,17.57,0.0,61.1,66.077,26.92,0.0,77.52,25.48,0.0,71.26,0.138,0.25
S03261,71.343,21.44,15.95,71.42,71.752,26.85,0.0,73.94,19.9,2.06,81.06,0.409,0.164
S03069,64.606,29.47,33.4,68.85,65.189,24.1,0.78,85.73,22.16,2.01,62.18,0.583,0.119
S06105,64.374,20.12,0.0,65.3,64.522,20.74,0.0,76.45,21.21,0.24,67.61,0.148,0.205
S08357,71.755,26.28,0.0,62.61,71.985,20.9,0.68,81.77,26.25,5.96,73.88,0.23,0.283
S00661,61.965,22.43,0.0,90.93,62.155,23.84,0.0,68.43,21.56,14.78,78.35,0.19,0.349
S08168,66.951,20.31,0.0,60.95,67.124,20.62,4.2,61.87,23.52,0.44,62.56,0.173,0.194
S02887,80.15,29.03,0.0,67.77,80.312,18.74,4.76,77.92,24.17,0.0,66.08,0.162,0.128
S06371,67.492,23.83,0.0,71.13,67.631,16.74,4.07,75.01,21.4,0.0,70.24,0.139,0.151
S01337,73.092,27.55,0.0,62.72,73.213,27.79,0.0,64.4,19.3,0.0,70.8,0.121,0.072
S01001,58.124,26.04,16.56,64.59,58.525,24.85,8.37,60.91,22.01,3.45,70.89,0.401,0.232
S06893,70.939,22.82,0.0,75.14,71.092,26.77,0.0,75.86,26.39,2.44,64.99,0.153,0.161
S02526,53.865,21.07,0.0,71.89,54.071,26.7,0.0,70.15,22.27,3.42,81.25,0.206,0.374
S06035,54.391,21.45,0.0,81.42,54.704,25.43,25.0,71.82,20.15,0.34,67.69,0.313,0.254
S06276,79.354,23.43,0.0,66.11,79.513,22.91,0.0,73.4,23.91,0.3,85.15,0.159,0.184
S03978,62.432,25.41,0.0,74.37,62.648,27.94,0.0,72.58,24.24,0.0,85.86,0.216,0.34
S08629,60.11,26.2,0.0,79.1,60.425,20.19,0.0,81.95,20.12,2.92,67.66,0.315,0.18
S05065,54.627,30.92,9.16,68.68,55.079,21.74,0.0,63.76,24.46,4.34,69.22,0.452,0.292
S05311,63.69,21.93,0.0,73.6,63.926,23.1,3.74,73.43,23.06,0.0,53.95,0.236,0.136
S04749,58.212,18.45,0.0,65.1,58.41,24.44,16.04,79.9,21.4,0.0,81.6,0.198,0.291
S03770,59.707,18.39,0.0,55.54,59.906,22.24,0.0,73.58,20.1,0.62,65.63,0.199,0.23
S00904,68.275,21.74,0.0,66.63,68.41,27.43,0.0,56.67,18.18,7.84,69.79,0.135,0.12
S00506,68.9,27.53,0.0,65.32,69.054,13.62,3.84,65.12,22.14,1.32,78.45,0.154,0.124
S00611,72.075,27.77,0.0,67.77,72.27,27.38,0.0,73.76,27.47,0.19,80.58,0.195,0.257
S03273,68.505,25.01,0.0,78.84,68.748,27.32,0.0,88.2,24.6,0.8,66.1,0.243,0.152
S03714,64.058,24.39,0.0,91.02,64.296,21.79,0.0,64.57,25.12,1.19,79.98,0.238,0.171
S06522,53.531,21.37,0.0,67.16,53.713,26.14,0.18,71.41,22.92,10.81,65.98,0.182,0.302
S04691,63.726,20.28,0.0,61.63,63.903,24.02,1.02,59.54,19.36,6.9,79.4,0.177,0.215
S06883,58.952,20.67,0.0,75.27,59.095,13.48,0.0,48.42,20.61,3.67,58.81,0.143,0.244
S09019,65.584,21.79,2.04,73.11,65.747,22.68,0.0,71.68,19.52,1.17,69.87,0.163,0.155
S00021,57.457,19.89,0.0,67.65,57.677,27.76,0.0,78.0,23.09,9.08,74.76,0.22,0.36
S03084,65.083,23.53,12.28,57.15,65.411,24.32,16.19,74.94,18.85,2.69,52.43,0.328,0.061
S00346,59.166,21.55,0.0,77.33,59.422,18.47,7.31,72.57,20.64,12.92,62.04,0.256,0.277
S09608,55.405,21.6,0.0,60.82,55.74,23.63,0.0,80.49,26.92,0.0,71.66,0.335,0.3
S03767,62.171,21.76,0.0,60.87,62.442,23.36,0.0,64.04,25.0,0.0,63.27,0.271,0.212
S00064,68.018,21.69,30.06,71.01,68.558,22.12,0.0,80.18,24.77,0.0,61.91,0.54,0.184
S01883,62.288,26.72,0.0,51.93,62.5,21.13,0.0,65.21,27.21,0.0,69.68,0.212,0.294
S07621,41.684,25.43,0.0,77.32,41.987,23.02,0.0,61.01,22.5,1.9,80.57,0.303,0.341
S03365,61.576,27.68,10.87,73.99,61.957,22.95,0.0,58.66,22.4,7.16,54.92,0.381,0.21
S08044,45.506,18.8,0.0,72.29,45.72,19.64,0.0,53.87,25.06,0.0,84.55,0.214,0.409
S09290,52.169,19.61,0.0,70.32,52.362,25.09,14.93,66.88,21.92,0.0,69.39,0.193,0.285
S07629,62.696,28.53,0.0,67.63,62.953,24.07,0.0,72.85,19.39,0.0,57.9,0.257,0.125
S08203,52.365,29.04,0.37,66.05,52.74,24.36,0.0,74.14,23.86,0.11,70.96,0.375,0.31
S05772,66.7,15.75,0.0,70.62,66.874,22.55,0.0,80.15,23.5,16.45,76.67,0.174,0.335
S01005,69.992,22.89,0.0,64.5,70.154,17.67,2.76,70.73,24.07,1.3,67.66,0.162,0.197
S05702,68.133,24.12,0.0,62.05,68.273,22.77,4.02,81.33,21.86,2.75,69.87,0.14,0.16
S06063,45.256,20.08,0.0,66.89,45.742,20.94,0.0,74.99,20.15,4.28,74.15,0.486,0.317
S07926,64.38,23.45,1.15,71.48,64.739,23.72,0.0,78.1,25.41,0.0,60.85,0.359,0.217
S03282,56.191,29.04,1.7,70.53,56.64,24.02,0.0,70.87,20.48,3.14,66.01,0.449,0.242
S09729,61.724,21.95,0.0,76.45,61.95,24.9,0.0,72.02,25.32,3.06,89.65,0.226,0.352
S02398,75.267,25.89,0.0,63.25,75.474,22.67,16.11,60.08,19.89,3.74,72.47,0.207,0.162
S02201,48.702,18.87,0.0,67.93,48.875,21.59,4.4,62.0,19.42,2.73,54.29,0.173,0.12
S03944,52.021,25.88,5.53,82.32,52.423,23.63,0.0,65.83,19.06,9.34,69.55,0.402,0.292
S00274,62.79,20.6,0.0,71.96,62.962,18.97,0.0,58.23,25.96,1.94,76.59,0.172,0.269
S00836,59.578,18.76,0.0,68.63,59.664,23.42,0.0,63.28,25.88,20.36,77.33,0.086,0.473
S08463,40.635,19.1,0.0,67.34,41.001,23.75,0.0,65.0,21.36,0.0,71.52,0.366,0.419
S04333,74.144,18.91,0.0,66.41,74.211,22.64,0.05,78.22,24.52,0.0,82.85,0.067,0.224
S07495,63.867,21.37,0.0,81.56,63.948,28.02,0.0,86.6,22.36,1.04,71.4,0.081,0.188
S02760,67.231,22.67,0.48,64.91,67.393,24.15,0.0,72.36,20.8,0.0,65.22,0.162,0.138
S05956,74.13,21.68,0.0,62.06,74.212,25.38,12.91,88.95,20.61,1.62,68.32,0.082,0.163
S04601,66.732,24.14,8.18,74.91,66.925,25.46,0.0,75.32,20.31,0.0,74.35,0.193,0.121
S07150,60.124,14.18,4.26,63.87,60.297,18.21,0.0,66.32,22.42,2.06,74.04,0.173,0.255
S03523,48.774,25.4,0.0,62.37,49.024,22.18,4.15,72.56,22.6,2.52,61.58,0.25,0.189
S07973,40.0,21.44,5.85,72.6,40.52,21.08,0.0,61.34,26.86,13.21,82.98,0.52,0.588
S01832,66.171,21.92,0.0,70.87,66.343,23.32,15.1,73.79,24.32,0.0,70.5,0.172,0.299
S06671,80.373,14.7,0.0,58.8,80.428,17.47,3.96,51.42,31.19,0.5,76.6,0.055,0.233
S05242,74.754,22.52,0.81,58.16,74.803,19.46,0.0,66.45,26.74,0.0,67.86,0.049,0.191
S03683,62.598,21.39,0.0,65.24,62.779,23.62,0.0,68.08,23.8,0.18,76.73,0.181,0.3
S00138,65.226,22.69,0.0,72.84,65.424,16.01,0.0,68.68,25.72,29.66,61.1,0.198,0.437
S09787,53.831,25.74,0.0,52.94,53.999,22.11,0.0,64.75,17.76,2.24,63.04,0.168,0.15
S07185,54.034,17.49,0.0,75.35,54.442,25.57,0.0,64.5,25.93,2.43,71.9,0.408,0.352
S00943,48.523,17.37,0.0,46.45,48.708,23.29,0.0,59.6,21.32,0.0,71.74,0.185,0.306
S07567,65.351,18.75,0.0,66.49,65.447,17.36,0.0,68.9,23.8,0.37,72.95,0.096,0.202
S09672,57.142,25.06,0.0,77.94,57.474,23.41,0.0,71.84,22.09,7.64,67.56,0.332,0.265
S00670,56.656,25.16,3.03,56.4,56.872,27.04,0.0,75.64,20.99,27.14,73.46,0.216,0.561
S07261,63.286,24.47,0.0,65.69,63.507,17.45,0.0,72.52,23.03,0.58,66.88,0.221,0.158
S02546,66.481,20.48,0.0,69.89,66.519,23.77,0.0,68.34,22.62,0.16,66.32,0.038,0.164
S04617,74.586,16.86,0.0,67.15,74.641,26.35,0.0,74.95,23.71,15.38,65.29,0.055,0.185
S09868,46.717,17.28,4.29,81.44,46.965,21.73,8.15,73.21,26.04,0.0,67.59,0.248,0.356
S00645,51.668,20.81,0.0,76.15,51.97,20.77,0.0,79.11,22.61,0.0,81.13,0.302,0.31
S06662,52.558,19.26,0.0,68.02,52.766,21.74,0.0,76.82,21.99,0.0,80.02,0.208,0.327
S05460,61.603,21.71,4.44,70.72,61.881,27.82,0.79,76.84,22.57,9.52,70.07,0.278,0.306
S02650,66.497,15.75,0.0,55.99,66.616,25.77,0.0,75.63,16.73,1.41,67.49,0.119,0.042
S02857,54.029,24.67,0.06,61.98,54.287,17.57,0.0,53.71,26.05,8.36,68.05,0.258,0.399
S00483,62.877,27.66,0.0,70.35,63.203,24.85,0.0,73.46,27.03,5.4,59.68,0.326,0.36
S03435,58.887,24.55,0.0,73.47,59.119,21.96,0.0,81.25,22.71,0.57,63.49,0.232,0.296
S05934,67.365,17.89,0.0,65.82,67.484,16.8,0.0,78.68,20.61,0.0,59.87,0.119,0.133
S00415,57.72,21.39,11.27,66.53,58.039,21.04,0.13,74.02,24.83,0.0,74.19,0.319,0.227
S04105,73.777,19.92,0.0,62.72,73.922,25.57,0.0,79.61,22.85,0.0,67.76,0.145,0.124
S01878,66.879,23.29,0.0,74.59,67.133,22.98,0.0,67.05,23.24,0.0,63.74,0.254,0.151
S09975,75.094,22.26,35.0,70.47,75.543,26.92,0.0,72.98,22.9,0.0,63.14,0.449,0.129
S04767,56.434,25.6,0.0,67.33,56.727,26.55,5.23,58.05,21.91,0.0,76.26,0.293,0.286
S04985,62.66,22.47,0.0,67.24,62.873,25.92,0.0,76.81,28.04,4.29,63.95,0.213,0.289
S05507,65.05,25.04,26.78,76.18,65.909,18.91,0.0,55.5,20.53,1.77,68.9,0.859,0.083
S02785,56.252,18.03,0.0,77.69,56.465,21.5,0.0,54.04,21.83,3.18,74.86,0.213,0.267
S04159,62.072,24.97,0.0,76.66,62.346,24.13,0.0,74.44,18.7,0.0,74.71,0.274,0.235
S03464,57.425,15.15,0.0,65.79,57.582,22.43,0.0,61.9,21.65,2.02,73.56,0.157,0.241
S06944,61.458,24.91,4.31,76.94,61.786,22.98,9.95,76.92,18.02,4.06,61.75,0.328,0.052
S03943,63.759,21.51,0.0,70.78,63.929,22.0,0.0,56.32,25.75,0.0,78.49,0.17,0.301
S02049,56.387,23.39,2.15,72.06,56.968,27.24,0.0,73.77,26.66,3.35,77.16,0.581,0.434
S06180,61.708,21.97,0.0,82.35,61.942,23.32,0.0,70.15,22.06,2.7,81.39,0.234,0.263
S07230,72.814,24.55,4.25,78.26,73.006,21.87,0.0,59.31,21.25,0.0,49.7,0.192,0.063
S07585,70.764,23.12,0.23,63.71,70.869,26.88,3.24,84.38,22.57,0.0,65.3,0.105,0.102
S03328,64.546,16.77,5.02,64.71,64.603,26.81,0.0,70.08,23.68,0.0,71.87,0.057,0.164
S06663,59.651,23.78,0.0,69.04,59.878,23.57,0.0,63.27,21.02,10.09,57.39,0.227,0.222
S07446,51.465,18.63,0.0,79.04,51.857,26.98,0.0,68.19,22.1,8.98,67.28,0.392,0.376
S03175,74.458,23.21,1.67,64.12,74.491,22.28,0.0,68.68,21.67,1.66,67.86,0.033,0.144
S06997,60.466,23.43,0.0,74.99,60.67,21.67,0.0,73.62,25.32,13.79,78.18,0.204,0.375
S05142,51.409,22.53,0.0,57.24,51.704,21.75,0.0,82.22,21.65,0.0,59.88,0.295,0.192
S07871,50.341,22.68,0.66,66.37,50.674,26.45,0.86,72.84,22.99,4.09,66.9,0.333,0.291
S00514,54.514,25.66,0.0,67.73,54.875,27.68,0.0,68.41,23.84,0.0,67.49,0.361,0.294
S00522,62.678,21.07,0.0,76.03,62.93,15.56,3.29,75.32,26.34,0.0,70.01,0.252,0.247
S08308,65.275,21.44,0.0,63.05,65.713,25.26,1.29,66.35,23.98,0.0,69.04,0.438,0.169
S07321,55.858,21.7,17.86,64.09,56.27,27.92,7.4,79.81,24.03,0.12,65.65,0.412,0.203
S04728,62.617,23.76,0.0,70.43,62.923,17.51,0.0,75.87,19.46,0.0,60.32,0.306,0.081
S03597,56.779,27.62,0.0,86.79,57.1,21.83,0.0,85.49,25.84,1.1,71.55,0.321,0.312
S02454,83.457,25.31,3.83,74.15,83.618,22.22,0.0,80.9,25.44,0.0,64.38,0.161,0.145
S00358,64.688,15.2,0.0,78.8,64.825,25.47,0.0,68.69,23.95,0.0,75.56,0.137,0.245
S09705,53.396,27.83,0.0,71.53,53.777,25.02,0.0,76.0,22.86,4.11,67.0,0.381,0.295
S06829,65.549,20.51,0.0,55.75,65.691,15.93,0.0,67.11,22.33,16.39,74.69,0.142,0.388
S02401,57.062,23.72,0.0,73.64,57.338,25.8,0.0,79.6,23.81,10.94,66.17,0.276,0.351
S09094,60.222,25.0,12.62,65.46,60.648,15.62,0.0,68.55,21.95,2.07,68.17,0.426,0.238
S01547,67.263,18.17,0.0,69.83,67.457,23.1,0.47,69.71,23.85,0.0,73.66,0.194,0.183
S04250,63.021,25.78,12.79,63.97,63.409,14.11,10.63,78.94,17.37,17.7,76.54,0.388,0.364
S05930,56.639,20.47,0.0,76.69,56.854,14.91,0.0,62.83,23.18,3.21,73.04,0.215,0.256
S06755,62.14,27.38,0.0,63.21,62.412,16.73,0.0,78.54,22.16,0.0,66.79,0.272,0.122
S09616,58.739,27.84,0.0,73.32,59.048,19.27,0.0,54.53,24.32,0.0,83.01,0.309,0.287
S01241,69.797,24.22,26.95,84.03,70.282,23.6,0.0,74.84,23.69,1.58,72.61,0.485,0.227
S09721,49.166,17.35,0.0,61.02,49.416,17.4,0.0,65.8,19.26,6.85,63.03,0.25,0.215
S08508,64.054,23.18,0.0,62.58,64.186,18.3,0.0,48.91,19.97,5.97,64.54,0.132,0.121
S04919,51.384,19.84,0.0,63.8,51.669,16.62,0.0,60.63,21.91,0.0,73.83,0.285,0.242
S06536,56.537,23.34,0.0,70.61,57.002,27.87,0.0,67.48,19.45,0.0,59.35,0.465,0.179
S08819,67.419,24.13,0.0,69.08,67.579,25.87,0.0,74.29,20.42,0.0,72.76,0.16,0.198
S03664,82.958,23.65,1.67,70.42,83.097,29.36,0.0,82.25,20.94,0.0,65.22,0.139,0.044
S04677,58.579,24.42,0.0,77.21,58.838,25.31,0.0,78.56,18.61,5.88,69.39,0.259,0.213
S06791,53.258,22.15,0.0,79.45,53.663,20.12,0.0,71.19,25.87,8.77,70.2,0.405,0.402
S04636,61.18,24.74,5.75,80.76,61.453,24.79,0.0,68.92,23.16,3.08,63.08,0.273,0.194
S09928,56.065,21.14,0.0,63.99,56.331,23.62,0.0,63.02,24.88,7.11,73.75,0.266,0.334
S09021,76.438,20.39,0.0,61.03,76.512,28.28,0.0,71.53,26.59,0.0,71.88,0.074,0.214
S09801,59.446,25.36,0.0,82.53,59.857,21.38,0.0,80.18,23.76,0.0,65.04,0.411,0.191
S07730,60.509,13.94,0.0,58.14,60.7,17.83,0.0,69.58,21.96,1.27,76.61,0.191,0.278
S01221,72.319,27.81,0.0,76.49,72.55,22.87,0.0,84.0,26.2,1.51,77.85,0.231,0.215
S03408,63.172,20.48,0.0,72.36,63.342,21.92,0.0,84.21,20.49,0.09,70.6,0.17,0.186
S09144,69.078,17.56,0.0,64.1,69.231,22.72,8.96,72.0,23.43,18.72,66.31,0.153,0.343
S03829,54.412,20.49,0.0,71.62,54.6,20.94,0.0,77.8,23.2,1.11,66.03,0.188,0.186
S07860,71.046,25.78,3.75,67.26,71.475,26.68,0.0,64.78,21.7,2.11,70.26,0.429,0.135
S09003,70.616,22.79,0.0,70.92,70.666,18.19,0.0,58.5,20.34,7.04,56.64,0.05,0.175
S00883,53.788,25.62,3.4,58.23,54.13,25.54,0.0,90.85,18.39,3.39,64.1,0.342,0.167
S06465,65.193,27.38,0.0,69.2,65.437,28.55,0.0,68.88,23.87,0.0,56.57,0.244,0.119
S04407,62.924,25.59,0.0,70.81,63.089,20.68,6.29,81.05,21.38,0.01,62.56,0.165,0.163
S09639,72.282,26.09,0.0,72.6,72.451,21.92,0.0,69.93,21.23,18.72,52.15,0.169,0.269
S02081,56.615,24.61,0.0,68.06,56.947,27.24,0.0,71.69,19.38,5.39,77.75,0.332,0.287
S09569,60.909,18.13,0.0,56.38,61.11,27.46,30.22,67.43,22.23,3.65,76.11,0.201,0.289
S07155,56.315,26.81,11.92,80.93,56.783,26.48,0.0,58.34,25.99,19.74,72.21,0.468,0.542
S07184,77.942,18.41,0.0,54.89,77.976,29.44,6.03,86.79,24.65,12.66,75.24,0.034,0.332
S03582,53.543,26.69,0.0,67.95,53.896,23.14,17.7,70.4,21.91,0.32,65.35,0.353,0.281
S09054,72.112,24.44,0.0,57.43,72.203,25.75,0.06,82.7,21.04,0.0,73.02,0.091,0.143
S09903,74.424,25.55,4.36,52.5,74.491,26.06,26.84,54.13,22.42,0.06,68.85,0.067,0.057
S01278,59.955,23.84,4.0,61.87,60.145,27.07,0.0,81.34,22.65,0.0,73.24,0.19,0.215
S00117,76.502,30.13,0.0,72.25,76.744,16.37,0.0,71.78,22.54,11.02,78.59,0.242,0.303
S07533,63.464,26.9,3.21,77.26,63.653,25.7,0.0,72.56,24.23,4.49,77.77,0.189,0.258
S02525,70.712,21.13,0.0,67.5,70.992,25.32,0.0,73.05,23.15,0.0,73.84,0.28,0.201
S01733,57.317,26.26,0.0,72.2,57.677,23.71,0.0,56.83,16.82,0.0,70.05,0.36,0.11
S03606,65.845,25.9,0.0,69.42,66.19,24.19,35.0,66.88,21.06,4.08,68.94,0.345,0.152
S05399,56.864,27.54,0.0,72.45,57.084,25.24,0.0,69.01,19.0,0.23,53.19,0.22,0.157
S06003,56.178,19.71,0.0,77.47,56.434,26.05,0.0,80.09,21.52,0.0,66.63,0.256,0.186
S00695,73.637,24.81,0.0,73.11,73.924,30.66,0.0,67.97,23.29,0.53,77.51,0.287,0.154
S01742,75.165,25.15,0.0,78.14,75.358,25.16,3.5,76.39,25.54,0.0,75.75,0.193,0.171
S02500,61.406,24.63,12.88,53.29,61.677,23.04,0.0,57.58,28.14,0.0,81.02,0.271,0.3
S02068,55.021,23.36,0.0,71.93,55.408,24.41,0.0,74.42,24.26,23.89,72.31,0.387,0.591
S01652,53.536,18.64,0.0,67.2,53.681,21.79,10.83,77.7,25.65,0.08,64.08,0.145,0.271
S09257,43.113,22.57,0.0,81.59,43.516,25.73,0.0,75.51,23.42,8.79,76.68,0.403,0.448
S07115,59.966,18.82,0.0,45.98,60.159,23.83,10.59,62.83,18.88,11.75,71.92,0.193,0.306
S02934,61.024,18.03,0.0,60.25,61.168,23.94,0.0,67.54,26.13,1.53,69.4,0.144,0.317
S07620,55.562,24.32,0.0,58.29,55.865,26.77,6.02,65.14,24.55,1.76,80.1,0.303,0.363
S05385,67.46,20.06,0.0,65.5,67.609,18.61,0.0,44.23,26.74,0.0,65.97,0.149,0.278
S04675,61.344,17.62,0.0,58.57,61.454,27.89,0.0,90.23,18.93,2.34,67.77,0.11,0.174
S07286,58.067,18.91,0.0,57.56,58.324,23.83,4.38,65.4,24.65,2.92,75.3,0.257,0.253
S00647,59.65,28.69,0.0,64.35,59.97,22.32,0.0,60.09,20.38,0.0,59.57,0.32,0.213
S07506,63.404,25.81,0.0,64.91,63.585,19.94,0.34,73.37,25.54,1.09,78.22,0.181,0.347
S02803,53.08,22.53,0.0,55.81,53.378,17.59,0.0,68.53,23.88,2.53,78.63,0.298,0.281
S07669,44.559,27.16,0.0,66.81,45.002,25.21,0.0,65.7,24.89,18.29,75.1,0.443,0.63
S07021,59.057,27.12,0.0,69.57,59.292,23.84,23.05,92.2,24.15,1.83,65.04,0.235,0.223
S05900,63.238,28.17,11.74,68.37,63.693,18.71,0.0,77.66,20.58,0.0,68.82,0.455,0.155
S08646,73.575,25.99,0.0,78.23,73.747,30.21,0.0,61.83,22.64,0.0,74.43,0.172,0.098
S03098,60.817,20.44,0.48,41.89,61.003,28.71,0.0,85.42,26.06,0.47,73.91,0.186,0.262
S05589,58.481,22.53,0.0,75.68,58.746,24.84,0.0,78.97,19.08,0.59,60.76,0.265,0.123
S06382,65.589,30.06,0.0,51.26,65.749,24.46,0.88,84.27,25.25,2.45,86.34,0.16,0.301
S01769,60.153,27.78,0.0,67.9,60.303,28.74,0.0,81.98,26.15,2.61,71.36,0.15,0.353
S01114,52.918,30.32,2.09,77.57,53.299,21.18,0.0,71.28,24.28,0.0,62.66,0.381,0.246
S09510,68.438,21.63,0.0,59.55,68.515,14.98,0.0,75.91,24.87,2.09,70.08,0.077,0.199
S08397,60.09,21.24,0.0,64.85,60.32,21.35,0.0,66.16,23.59,0.0,59.48,0.23,0.149
S04742,75.923,20.23,3.58,71.96,76.054,26.58,0.0,89.06,22.76,2.12,79.68,0.131,0.212
S02289,74.937,19.7,0.0,67.37,75.083,25.46,14.48,73.53,21.36,6.44,67.34,0.146,0.236
S05430,59.601,18.03,0.0,60.75,59.699,27.63,4.88,70.16,22.75,1.59,72.38,0.098,0.256
S07943,66.666,12.0,0.0,52.26,66.719,23.18,6.36,74.88,21.56,13.69,60.91,0.053,0.225
S04689,58.409,20.52,0.0,71.14,58.578,25.57,0.0,68.6,26.3,20.48,79.47,0.169,0.569
S08115,53.253,25.32,31.07,54.32,53.87,23.05,0.0,49.63,25.15,3.2,67.73,0.617,0.365
S07586,61.391,25.94,0.0,69.98,61.959,18.27,0.0,57.63,23.4,0.0,74.65,0.568,0.248
S09322,70.591,24.72,0.0,90.19,70.9,18.92,0.7,63.93,26.79,6.23,63.14,0.309,0.312
S05585,47.933,28.62,7.08,85.52,48.468,23.52,0.0,68.47,25.45,1.95,65.63,0.535,0.342
S08306,80.56,23.91,0.0,79.88,80.806,21.48,0.62,61.88,20.33,4.57,70.08,0.246,0.087
S05312,67.874,25.43,0.0,72.72,68.106,26.02,0.0,68.35,15.83,6.67,54.28,0.232,0.085
S09690,77.994,20.48,0.0,68.58,78.06,26.73,0.0,68.23,22.78,15.35,71.86,0.066,0.283
S04584,58.0,21.88,0.0,72.62,58.243,20.15,3.01,69.47,22.08,0.36,65.49,0.243,0.162
S00986,73.12,26.54,0.0,55.21,73.192,16.42,0.0,84.04,22.75,0.48,59.85,0.072,0.067
S04864,62.987,18.34,0.0,63.01,63.103,26.19,1.64,69.33,24.03,3.09,64.85,0.116,0.241
S04381,62.283,14.45,0.0,45.32,62.609,23.62,0.0,94.27,21.15,0.0,77.38,0.326,0.274
S04524,59.224,27.12,0.0,71.37,59.473,22.26,2.27,67.2,18.35,5.16,66.37,0.249,0.15
S09252,56.016,22.01,0.0,61.29,56.146,27.58,0.0,57.94,26.56,10.3,68.09,0.13,0.364
S01937,76.554,26.6,0.0,71.19,76.711,28.14,0.0,64.88,21.02,0.68,67.47,0.157,0.058
S02430,68.318,14.91,0.0,61.96,68.328,25.57,0.0,77.5,23.57,0.0,77.09,0.01,0.185
S07277,59.367,23.98,0.0,92.7,59.633,16.86,0.0,58.38,19.01,15.05,72.11,0.266,0.292
S05004,48.709,17.52,0.0,62.17,48.951,22.07,0.0,58.56,22.81,1.72,84.15,0.242,0.373
S04324,72.13,18.58,0.0,73.2,72.212,27.34,0.0,72.88,27.17,1.06,70.21,0.082,0.271
S08528,53.778,28.06,0.04,66.71,54.109,25.02,0.0,63.15,25.41,9.84,76.53,0.331,0.389
S01494,73.883,28.17,0.0,62.88,74.114,24.87,8.14,64.76,19.37,0.0,63.77,0.231,0.114
S00753,55.026,24.07,0.0,69.1,55.342,24.46,0.0,70.87,27.51,5.62,73.9,0.316,0.421
S07720,74.913,23.04,8.85,71.93,75.199,23.2,0.0,56.62,22.78,0.0,63.13,0.286,0.114
S05492,67.923,21.54,21.6,65.87,68.36,17.59,0.0,76.32,18.59,12.17,87.07,0.437,0.212
S03886,60.676,17.66,0.0,70.82,60.84,26.9,0.0,65.45,18.72,2.28,56.86,0.164,0.126
S09551,67.004,23.19,1.04,79.77,67.185,20.94,0.0,59.77,22.62,0.21,76.26,0.181,0.164
S07002,45.874,21.37,0.0,63.31,46.152,23.05,2.11,66.87,21.03,3.94,68.72,0.278,0.328
S03902,64.25,22.31,10.72,82.81,64.512,22.46,0.0,73.52,22.69,0.93,68.19,0.262,0.206
S00508,59.685,18.2,0.0,72.94,59.835,26.81,0.0,66.72,26.91,16.62,86.6,0.15,0.522
S00230,69.818,20.34,0.0,73.84,69.982,18.67,0.0,77.0,22.93,0.0,71.34,0.164,0.208
S06262,65.703,23.71,0.0,60.63,65.843,23.06,1.99,66.24,25.69,0.0,70.79,0.14,0.224
S09172,61.386,16.21,0.0,68.61,61.57,21.89,7.84,69.76,25.45,0.0,62.61,0.184,0.195
S02061,49.113,23.07,0.04,73.48,49.587,23.76,0.0,73.9,24.05,21.88,65.89,0.474,0.483
S03483,70.974,21.43,0.0,71.06,71.039,25.32,5.46,76.57,29.77,12.09,73.56,0.065,0.379
S07393,67.416,29.7,0.0,82.22,67.736,28.37,0.0,74.42,23.46,2.78,68.21,0.32,0.132
S01426,58.142,15.36,0.0,67.94,58.275,25.92,0.0,79.12,27.77,0.0,83.6,0.133,0.322
S09627,58.274,24.82,2.51,72.78,58.598,23.59,0.0,50.96,30.78,0.68,63.15,0.324,0.423
S01305,54.932,24.14,17.31,68.95,55.44,21.58,0.0,65.59,21.3,0.0,74.77,0.508,0.227
S06962,56.773,17.24,0.0,75.14,57.008,20.68,0.0,79.42,22.4,0.0,71.61,0.235,0.238
S08817,54.294,24.6,4.19,71.01,54.598,24.01,11.09,78.11,19.82,0.0,78.54,0.304,0.251
S06324,74.167,19.07,0.0,70.37,74.463,27.19,2.74,83.27,21.9,30.41,73.91,0.296,0.442
S04554,59.126,24.75,0.0,75.52,59.368,21.22,0.0,64.31,24.08,5.7,67.93,0.242,0.294
S05777,47.395,17.12,0.0,68.04,47.653,26.29,0.0,57.33,26.47,0.0,73.25,0.258,0.419
S08609,58.591,24.95,0.0,77.12,58.743,26.97,0.86,79.07,21.86,0.0,65.83,0.152,0.194
S07000,75.159,24.7,0.0,66.59,75.307,26.77,4.0,60.79,24.41,14.3,74.28,0.148,0.354
S09854,66.256,20.57,7.49,54.67,66.454,26.57,0.0,86.09,24.26,11.68,64.88,0.198,0.281
S03087,61.968,21.35,7.65,56.23,62.288,21.6,0.0,73.71,24.24,9.24,77.02,0.32,0.361
S03587,58.627,23.21,0.0,68.96,58.854,20.54,0.0,57.71,21.3,14.78,73.16,0.227,0.28
S05764,59.611,21.34,0.0,85.48,60.018,25.54,0.0,67.63,20.22,0.0,62.27,0.407,0.142
S08572,58.235,23.83,3.54,68.06,58.543,16.99,0.0,64.54,18.3,1.35,71.66,0.308,0.217
S08490,65.363,23.01,0.0,79.92,65.535,25.45,0.0,60.66,28.37,0.0,83.84,0.172,0.302
S03667,52.205,21.2,0.0,64.43,52.512,26.74,0.0,73.26,21.42,0.0,78.53,0.307,0.253
S05996,63.552,21.64,0.0,62.13,63.757,24.76,9.42,68.54,24.22,38.6,68.23,0.205,0.593
S07501,75.587,23.55,0.0,69.04,75.635,23.74,0.0,72.39,22.84,0.0,58.67,0.048,0.063
S03607,77.478,21.32,0.0,83.04,77.836,19.65,0.0,63.09,22.29,0.0,78.57,0.358,0.209
S05350,60.665,12.81,0.0,78.12,60.84,21.76,1.05,57.17,23.13,0.0,74.84,0.175,0.184
S01926,65.227,24.96,0.0,90.62,65.566,12.77,0.0,77.64,23.14,0.0,57.65,0.339,0.226
S06553,69.232,16.81,0.0,68.34,69.505,23.94,0.0,74.11,23.46,0.12,72.8,0.273,0.144
S02991,72.208,21.94,0.0,73.31,72.333,22.73,0.0,64.84,24.67,6.4,65.81,0.125,0.162
S02559,68.375,20.45,0.0,67.16,68.388,20.03,0.0,66.33,20.39,1.66,62.63,0.013,0.077
S01573,55.518,20.58,0.0,63.97,55.719,25.25,0.0,75.56,21.66,4.48,78.02,0.201,0.324
S02092,59.856,24.4,0.0,70.9,60.1,24.68,0.0,67.55,22.63,0.0,58.3,0.244,0.202
S08705,75.209,23.7,0.0,82.25,75.312,26.68,4.88,71.07,25.86,3.6,72.35,0.103,0.188
S06846,62.494,24.19,7.56,56.58,62.907,26.12,0.0,67.43,28.0,5.52,70.65,0.413,0.311
S08164,43.791,28.19,0.0,82.8,44.599,27.61,0.0,67.65,23.01,26.06,71.47,0.808,0.687
S02378,57.778,26.5,7.36,68.04,58.12,26.84,0.0,74.6,21.83,0.0,61.62,0.342,0.212
S01996,77.943,21.32,0.0,60.28,78.026,23.93,0.0,64.21,20.11,0.0,55.57,0.083,0.037
S03334,63.717,24.33,0.0,66.09,63.889,19.95,3.14,68.85,22.9,1.58,64.74,0.172,0.175
S04464,64.523,23.53,9.95,72.77,64.852,24.58,6.51,73.91,26.41,0.0,81.64,0.329,0.299
S05060,73.419,20.43,0.0,60.97,73.525,15.2,0.0,71.97,27.49,11.04,60.74,0.106,0.351
S01740,64.607,23.76,0.0,73.78,64.935,25.17,6.99,62.68,24.22,7.04,74.61,0.328,0.277
S03499,48.052,22.84,0.0,75.33,48.409,21.49,0.0,63.34,27.47,3.33,69.94,0.357,0.436
S09914,58.522,24.49,5.35,72.61,58.921,22.97,0.38,64.42,22.08,0.0,62.74,0.399,0.24
S01439,49.311,22.34,0.0,58.32,49.613,19.63,0.0,62.11,27.57,0.0,72.23,0.302,0.363
S04961,71.486,16.75,0.0,69.5,71.578,29.22,0.0,58.31,22.99,1.41,70.04,0.092,0.164
S00839,57.193,25.12,0.0,75.33,57.466,27.97,0.0,68.2,18.09,19.48,71.95,0.273,0.432
S01499,73.966,21.22,35.0,77.53,74.42,19.0,0.0,65.5,24.14,0.0,77.28,0.454,0.12
S03874,60.339,23.88,0.0,69.5,60.559,26.26,0.0,67.99,23.46,1.83,72.52,0.22,0.296
S08450,45.463,23.98,5.52,88.05,45.851,17.98,0.0,65.78,26.74,0.32,73.85,0.388,0.462
S05449,51.533,25.27,0.0,66.89,51.838,23.68,0.0,68.8,18.77,7.13,61.43,0.305,0.309
S08001,75.933,22.96,0.22,67.35,76.031,16.27,0.0,70.25,25.77,4.01,72.14,0.098,0.198
S06067,59.535,24.87,0.0,74.69,59.784,23.66,0.0,76.97,22.16,0.0,77.49,0.249,0.269
S00172,64.417,29.05,5.24,67.36,64.776,17.65,0.0,64.51,27.76,0.86,64.41,0.359,0.325
S00315,74.923,20.05,5.06,77.98,75.149,25.92,0.0,69.47,24.52,0.0,62.53,0.226,0.193
S03133,58.958,21.67,3.39,72.23,59.478,17.82,0.0,75.15,24.21,0.0,56.06,0.52,0.19
S03679,74.228,27.91,0.0,85.95,74.614,23.97,0.0,74.02,21.51,0.0,68.33,0.386,0.127
S05049,60.446,21.98,0.0,74.28,60.768,28.25,0.0,83.87,23.69,31.18,71.52,0.322,0.536
S06480,60.504,22.66,0.0,75.6,60.769,27.11,0.0,71.3,23.58,8.5,61.73,0.265,0.31
S06510,75.812,24.76,0.0,79.52,76.006,23.36,0.0,83.41,28.39,2.39,84.07,0.194,0.249
S05298,54.496,24.31,0.32,80.13,55.123,20.57,0.0,67.27,23.11,0.0,70.37,0.627,0.22
S05805,40.03,20.18,0.0,74.0,40.373,17.85,0.0,64.51,23.42,21.05,61.13,0.343,0.599
S00464,72.677,26.87,1.68,87.48,72.942,26.65,0.0,63.59,22.39,12.04,76.56,0.265,0.218
S02869,55.078,22.13,1.66,59.16,55.368,21.79,0.0,86.63,21.04,4.38,77.81,0.29,0.306
S09733,63.569,26.71,0.0,64.89,63.752,17.71,0.0,72.64,22.15,0.0,75.78,0.183,0.246
S04709,47.606,24.93,0.0,87.68,47.922,23.69,0.0,65.61,23.65,1.36,74.18,0.316,0.348
S09025,50.119,21.87,0.0,70.42,50.38,19.76,0.0,59.43,23.4,0.0,72.14,0.261,0.315
S01273,65.694,22.11,0.0,75.72,65.807,28.29,0.0,63.26,23.02,0.92,72.6,0.113,0.24
S04256,63.765,17.79,0.0,68.96,63.981,22.44,0.0,77.92,21.92,1.9,63.69,0.216,0.192
S08630,63.378,25.88,23.36,78.82,63.859,28.53,1.29,78.3,24.98,3.71,72.8,0.481,0.308
S09015,65.295,18.73,0.0,70.68,65.478,17.93,2.76,70.45,26.42,2.45,73.13,0.183,0.271
S05271,69.321,26.43,0.0,61.78,69.449,23.36,0.0,71.64,24.59,12.02,61.24,0.128,0.29
S00436,84.089,23.04,9.32,70.1,84.362,22.78,0.0,69.19,23.96,2.69,70.72,0.273,0.144
S02539,65.73,18.65,0.0,75.27,65.944,22.76,0.0,73.8,22.79,0.0,68.06,0.214,0.259
S06072,59.804,23.08,11.24,68.36,60.162,17.14,2.33,64.74,24.4,0.0,63.64,0.358,0.281
S05534,65.677,19.46,0.0,83.18,65.877,21.51,0.0,67.27,18.79,2.57,83.73,0.2,0.21
S09562,57.408,15.61,0.0,78.0,57.635,23.78,0.0,79.65,19.13,0.0,65.21,0.227,0.186
S00665,59.152,22.15,16.43,73.7,59.605,23.94,1.05,69.46,26.68,1.92,64.22,0.453,0.338
S06595,49.135,24.24,0.0,62.27,49.495,23.4,0.0,73.31,23.15,10.44,74.21,0.36,0.461
S07356,64.804,13.3,0.0,69.81,65.006,22.72,0.0,78.19,21.36,0.0,75.78,0.202,0.209
S07983,61.344,22.32,0.0,73.68,61.546,20.68,12.78,70.38,25.14,6.32,63.09,0.202,0.307
S02837,74.546,16.77,0.0,68.07,74.57,24.8,0.0,72.55,24.01,8.1,60.65,0.024,0.176
S08110,60.277,30.87,0.0,67.44,60.584,23.01,0.0,65.11,23.63,2.42,78.44,0.307,0.24
S07777,51.314,24.56,0.0,76.06,51.61,22.09,13.02,71.57,23.36,3.58,80.2,0.296,0.32
S02985,67.62,22.15,0.0,61.38,67.756,18.17,0.0,64.62,21.27,1.36,76.69,0.136,0.127
S01843,50.516,24.19,0.0,66.47,50.807,22.14,0.0,61.59,24.47,0.0,59.34,0.291,0.339
S03790,66.339,24.54,6.04,72.41,66.768,20.98,0.0,54.7,24.1,10.02,65.55,0.429,0.269
S06462,58.95,17.74,0.0,87.11,59.04,22.55,3.67,72.35,23.25,20.46,75.35,0.09,0.469
S00273,46.281,20.7,0.0,70.07,46.549,25.2,0.0,68.67,27.2,0.0,67.29,0.268,0.362
S00125,48.853,25.64,0.0,66.45,49.24,24.14,0.0,75.13,23.22,9.86,59.0,0.387,0.37
S08262,58.417,19.34,0.0,57.58,58.656,25.02,0.0,88.62,23.02,0.0,67.16,0.239,0.23
S09032,62.897,25.26,0.0,70.71,63.035,20.55,0.0,57.19,21.53,1.02,72.12,0.138,0.21
S09651,70.498,24.5,0.0,72.15,70.799,24.57,1.19,76.13,23.74,2.87,67.07,0.301,0.198
S09671,50.575,23.15,3.86,70.58,50.794,24.16,10.9,68.28,23.12,11.54,62.98,0.219,0.362
S06851,71.543,18.95,4.59,76.66,71.759,24.52,0.0,78.56,25.76,0.0,66.23,0.216,0.13
S08978,62.583,23.92,2.38,62.38,62.893,20.79,0.0,61.49,21.78,8.81,69.81,0.31,0.193
S01060,62.705,22.89,21.97,73.56,63.126,27.05,0.0,95.66,26.68,2.54,67.57,0.421,0.299
S05867,52.655,22.35,0.92,82.93,53.034,21.76,5.16,88.15,24.74,15.08,71.91,0.379,0.5
S09171,65.617,28.68,0.0,73.96,65.802,15.51,3.96,57.84,23.12,0.0,85.14,0.185,0.187
S00139,75.517,22.39,0.0,78.86,75.635,27.09,0.0,56.12,23.23,3.55,79.02,0.118,0.156
S09474,69.589,25.02,11.87,60.13,69.787,27.14,0.0,69.01,26.37,0.0,67.0,0.198,0.227
S09147,61.488,27.58,0.0,67.92,62.034,25.08,4.15,71.45,20.35,6.34,66.11,0.546,0.177
S01528,59.575,24.6,0.0,81.96,59.931,19.67,0.0,55.55,27.1,13.87,65.08,0.356,0.34
S07399,56.915,19.79,0.0,51.17,57.051,18.43,0.0,84.89,20.09,0.0,66.03,0.136,0.241
S06611,61.432,25.32,0.0,60.26,61.749,26.98,0.0,69.16,25.62,0.0,72.25,0.317,0.271
S00092,52.396,23.51,0.0,78.31,52.693,23.43,0.0,69.03,19.28,1.86,55.09,0.297,0.181
S05887,47.39,16.49,4.4,81.98,47.727,15.45,3.1,57.93,22.63,7.95,74.72,0.337,0.44
S08165,46.74,14.04,0.0,78.81,47.01,17.0,0.0,71.62,22.62,0.0,82.64,0.27,0.43
S06984,64.55,27.02,7.49,72.12,64.925,22.67,0.0,72.9,25.14,1.95,62.25,0.375,0.269
S03580,59.147,27.78,0.0,53.76,59.413,19.99,0.0,70.41,23.8,3.28,71.23,0.266,0.25
S00144,48.411,19.5,0.0,74.91,48.583,20.48,0.0,69.38,19.67,0.0,67.34,0.172,0.161
S08638,59.238,17.29,0.0,72.21,59.425,20.91,0.0,80.73,21.56,1.94,69.47,0.187,0.303
S08124,57.028,23.8,8.32,75.72,57.483,28.47,0.0,57.22,21.25,0.26,75.33,0.455,0.252
S04655,53.134,26.85,0.0,79.93,53.501,24.36,0.0,67.85,18.37,0.63,38.96,0.367,0.073
S04955,65.665,20.15,0.0,71.75,65.79,25.42,6.76,72.54,24.22,4.93,61.45,0.125,0.207
S05843,50.026,23.67,0.0,72.7,50.311,19.29,0.0,62.53,17.12,6.52,68.36,0.285,0.217
S09167,63.127,25.34,1.06,53.77,63.377,23.4,0.0,70.78,28.03,0.0,48.44,0.25,0.159
S06633,56.168,24.59,0.0,61.55,56.664,23.94,31.7,78.48,19.2,2.18,69.17,0.496,0.214
S00710,71.057,22.01,0.0,73.58,71.273,17.98,1.48,65.63,24.03,0.0,66.21,0.216,0.139
S00552,63.556,22.87,6.62,70.26,63.81,21.66,3.87,60.87,25.63,0.53,68.46,0.254,0.289
S03012,71.759,19.46,16.62,81.46,72.086,24.89,4.03,83.39,22.72,5.96,66.08,0.327,0.251
S01153,80.573,19.37,8.95,78.1,80.758,24.68,0.0,58.24,21.92,0.0,62.41,0.185,0.052
S00889,84.657,25.24,0.0,77.85,84.818,15.73,2.23,71.21,24.72,45.0,79.39,0.161,0.61
S08853,50.825,28.89,0.0,81.31,51.604,23.78,0.0,81.11,22.69,12.1,76.35,0.779,0.435
S06555,66.17,22.19,0.0,68.11,66.477,20.46,0.0,48.45,24.02,45.0,89.56,0.307,0.84
S03449,67.207,14.12,0.0,79.82,67.259,21.53,1.85,77.05,26.66,1.85,67.58,0.052,0.295
S02062,49.991,18.69,0.0,69.49,50.228,26.02,35.0,72.12,23.4,2.44,67.16,0.237,0.311
S01239,66.759,25.69,0.0,91.29,67.141,25.13,19.56,72.97,20.54,2.19,64.3,0.382,0.162
S08904,76.404,17.2,0.0,58.45,76.53,26.62,0.0,78.75,24.94,0.0,71.08,0.126,0.112
S09412,72.362,25.82,6.87,60.59,72.56,25.95,0.0,91.83,20.29,6.02,73.55,0.198,0.112
S08622,62.309,26.19,7.6,78.58,62.668,25.54,0.0,59.58,23.59,0.0,63.67,0.359,0.114
S01456,75.804,24.7,0.0,75.99,76.002,25.3,0.0,51.86,23.89,24.15,79.89,0.198,0.372
S06897,69.382,19.54,0.0,55.3,69.532,14.92,0.0,66.29,26.0,27.93,64.7,0.15,0.438
S03613,67.533,24.18,0.0,60.62,67.696,18.21,0.0,79.37,19.18,2.8,66.97,0.163,0.043
S00656,50.903,23.69,0.0,72.33,51.224,25.25,0.0,81.12,22.85,0.0,71.72,0.321,0.261
S08916,64.064,24.04,1.26,66.71,64.271,21.62,0.0,66.89,19.78,0.0,72.66,0.207,0.162
S03849,55.705,20.42,0.0,73.82,55.983,22.33,0.0,79.54,21.71,0.0,64.96,0.278,0.161
S08863,64.812,18.18,10.49,50.52,65.014,22.37,0.0,73.34,23.75,0.37,64.96,0.202,0.198
S04644,65.598,17.19,0.0,65.31,65.687,24.44,0.0,68.16,22.86,7.21,74.11,0.089,0.33
S01529,53.582,22.88,0.0,75.59,53.841,16.37,0.0,63.19,28.95,0.0,67.02,0.259,0.359
S02066,70.002,29.93,0.0,53.92,70.308,27.72,9.34,73.06,19.39,0.0,61.56,0.306,0.066
S00783,47.884,24.8,0.0,53.19,48.188,20.94,0.0,68.46,20.07,2.43,66.36,0.304,0.398
S04506,61.74,21.52,0.0,65.57,62.124,25.12,0.0,77.34,22.08,3.0,72.18,0.384,0.206
S04839,59.704,21.81,0.0,75.14,59.949,24.16,29.61,59.55,26.17,7.7,72.38,0.245,0.353
S07617,49.469,22.07,0.0,72.29,49.819,22.87,0.0,70.81,24.69,0.0,65.15,0.35,0.336
S06910,54.951,24.23,0.0,69.29,55.282,27.94,0.0,71.47,23.82,20.15,68.45,0.331,0.555
S08444,63.73,17.16,0.0,55.83,63.752,21.2,0.0,72.05,18.45,0.66,73.12,0.022,0.132
S00243,53.367,25.06,5.09,86.55,53.786,24.24,0.0,69.25,19.72,0.0,65.29,0.419,0.224
S03198,57.861,20.43,0.0,65.51,58.012,19.51,0.0,72.91,23.55,0.59,75.08,0.151,0.325
S01483,60.577,21.08,24.87,58.4,60.934,26.0,0.0,69.75,23.93,5.3,76.29,0.357,0.286
S04958,50.365,27.1,0.95,79.38,50.646,25.12,0.0,78.74,22.2,1.56,74.71,0.281,0.347
S05117,55.08,20.24,0.0,65.45,55.327,22.21,0.0,74.49,24.01,0.0,65.1,0.247,0.246
S03312,59.189,21.89,0.0,60.64,59.436,20.98,0.0,65.26,25.02,18.13,74.52,0.247,0.476
S06089,54.126,23.9,0.0,84.99,54.491,22.97,0.0,63.19,26.36,0.0,55.53,0.365,0.243
S04076,72.461,25.06,0.0,81.28,72.701,23.89,1.19,78.47,24.48,0.16,78.34,0.24,0.263
S09031,63.198,28.85,0.0,61.5,63.444,17.08,0.0,59.5,21.3,0.0,69.22,0.246,0.166
S09962,62.883,30.02,0.0,78.17,63.194,18.14,0.0,63.82,23.95,2.37,56.82,0.311,0.184
S08173,59.895,25.31,0.0,85.95,60.221,23.72,8.23,63.83,22.28,8.51,61.03,0.326,0.291
S01217,65.236,15.95,0.0,66.62,65.379,23.47,0.0,63.72,20.31,28.26,87.25,0.143,0.468
S00003,70.675,20.14,0.0,61.94,70.685,23.84,0.0,64.25,24.64,0.0,76.11,0.01,0.128
S07534,75.252,23.18,0.0,72.56,75.434,28.2,0.0,77.87,24.03,0.0,81.0,0.182,0.19
S00929,56.816,28.98,0.0,60.46,57.086,21.11,0.72,72.26,21.95,13.75,64.38,0.27,0.361
S04982,53.395,15.5,0.0,68.24,53.681,27.75,0.0,63.05,24.16,1.39,76.66,0.286,0.313
S05360,56.908,21.78,0.0,65.56,57.055,23.6,0.0,59.89,23.78,1.2,71.08,0.147,0.242
S05247,74.12,12.86,0.0,59.76,74.159,24.77,0.0,64.9,22.04,2.62,67.33,0.039,0.13
S05235,55.367,25.35,0.0,66.47,55.73,28.49,0.0,98.0,27.84,7.17,63.29,0.363,0.394
S04979,65.468,20.91,0.0,60.99,65.598,22.82,0.0,85.36,20.75,0.0,66.45,0.13,0.148
S06261,44.246,23.57,0.0,58.21,44.681,22.37,0.0,60.21,19.06,9.33,65.21,0.435,0.311
S06085,70.714,25.26,0.0,54.83,70.976,18.07,0.0,59.05,24.39,0.0,75.8,0.262,0.261
S05856,51.204,27.93,5.39,66.88,51.604,17.2,0.0,62.82,22.8,2.58,84.78,0.4,0.366
S01827,63.182,22.51,1.51,66.21,63.642,20.85,0.0,65.24,27.22,2.62,79.46,0.46,0.388
S09553,60.04,25.83,16.87,68.67,60.393,21.51,0.0,86.54,22.42,34.43,66.89,0.353,0.544
S04714,74.975,17.48,0.0,54.65,75.063,28.05,0.0,66.66,25.53,3.34,64.9,0.088,0.171
S05567,62.788,25.09,0.0,81.14,63.057,23.12,0.0,52.71,20.4,10.49,55.89,0.269,0.221
S08546,56.661,22.66,0.0,69.62,57.035,20.16,17.66,65.98,25.35,11.78,74.09,0.374,0.432
S03948,62.756,21.45,3.12,81.7,63.076,27.17,6.72,76.0,27.5,0.0,64.38,0.32,0.171
S05285,47.753,20.24,0.0,62.8,48.213,18.88,0.0,63.76,21.41,0.42,68.48,0.46,0.263
S01552,55.162,22.02,0.0,68.9,55.458,20.63,0.0,83.04,22.4,40.45,66.21,0.296,0.683
S08201,69.521,25.79,0.0,61.8,69.74,25.59,0.0,72.7,22.13,2.39,69.14,0.219,0.123
S07578,73.293,22.77,0.0,82.27,73.556,24.11,0.0,81.2,23.0,14.88,71.93,0.263,0.283
S08503,61.261,22.12,13.88,83.2,61.631,16.85,0.0,88.46,24.97,4.5,67.8,0.37,0.361
S02248,74.947,25.16,35.0,65.47,75.417,20.94,0.0,79.14,18.77,5.01,63.17,0.47,0.059
S08977,52.436,30.03,10.67,67.2,52.957,15.28,0.0,70.25,28.61,0.0,88.93,0.521,0.474
S01743,73.326,27.11,0.0,83.21,73.535,20.16,2.89,63.7,20.54,0.0,69.27,0.209,0.126
S05384,55.989,27.62,6.23,71.6,56.436,15.96,0.0,66.1,24.61,17.04,63.34,0.447,0.371
S06073,74.702,24.6,10.94,59.04,74.87,24.19,0.0,87.6,21.0,11.77,63.29,0.168,0.219
S05314,62.699,24.49,1.93,82.01,63.127,22.77,0.0,77.63,21.33,4.46,75.73,0.428,0.246
S07427,67.0,21.39,0.0,66.6,67.167,21.19,1.95,63.65,19.72,0.0,70.09,0.167,0.204
S04873,66.514,24.01,0.0,65.06,66.734,18.91,0.0,68.9,24.29,1.32,67.42,0.22,0.207
S05975,59.92,21.58,11.41,78.09,60.283,25.05,0.0,69.82,19.76,13.48,69.57,0.363,0.361
S06068,48.354,22.27,0.0,71.91,48.646,23.95,16.17,57.66,25.32,6.28,77.11,0.292,0.398
S08040,71.894,24.05,8.94,63.47,72.25,22.42,3.14,60.87,20.14,11.26,73.43,0.356,0.192
S08998,69.728,21.97,0.0,72.78,69.946,26.98,0.0,63.76,22.62,2.68,67.42,0.218,0.135
S01018,59.651,16.98,0.0,81.58,59.879,26.59,1.16,69.45,22.79,4.79,64.9,0.228,0.174
S09186,77.085,24.84,0.0,66.62,77.346,16.48,0.0,76.39,21.84,0.0,65.8,0.261,0.074
S02619,50.185,25.47,1.8,73.24,50.62,18.45,0.0,62.41,19.43,3.07,69.17,0.435,0.235
S03753,78.877,16.33,0.0,73.6,78.936,23.3,0.0,74.94,19.34,0.0,71.98,0.059,0.042
S01604,64.601,22.28,0.0,78.66,64.827,25.13,28.96,84.07,22.73,6.82,76.87,0.226,0.265
S08897,55.149,21.1,0.0,81.49,55.584,25.15,0.0,76.93,22.77,0.0,69.79,0.435,0.214
S05601,66.215,16.01,0.0,66.74,66.348,19.39,0.0,60.89,23.14,1.36,71.59,0.133,0.222
S09230,70.347,23.37,0.0,68.13,70.457,17.28,0.0,60.93,24.12,7.31,78.08,0.11,0.223
S03213,63.133,26.76,3.2,75.12,63.503,21.81,0.0,73.69,20.48,2.65,66.91,0.37,0.197
S06477,71.751,20.74,0.0,65.86,71.977,28.12,0.0,63.55,22.9,1.24,68.7,0.226,0.231
S07123,51.305,23.38,0.0,81.91,51.741,22.41,0.0,74.85,23.38,0.0,71.93,0.436,0.369
S07813,70.472,23.49,0.0,79.49,70.719,22.99,0.0,61.1,23.76,2.73,67.38,0.247,0.228
S08837,57.77,23.34,0.0,66.18,58.003,24.29,0.0,59.05,20.4,3.34,67.65,0.233,0.207
S06498,49.555,25.49,0.38,50.27,49.915,24.19,0.0,76.52,21.85,1.05,67.8,0.36,0.219
S07826,58.924,23.38,2.75,60.41,59.126,24.82,2.01,82.05,18.02,0.0,64.55,0.202,0.102
S06869,79.916,21.12,0.0,56.83,79.989,21.07,10.59,75.44,22.59,0.0,64.2,0.073,0.134
S08212,57.149,22.12,0.0,74.42,57.423,20.56,5.37,54.35,18.11,7.3,66.08,0.274,0.195
S08771,60.41,23.47,0.0,72.64,60.639,23.21,11.3,72.08,18.6,1.09,56.68,0.229,0.125
S04764,50.366,23.29,0.0,69.99,50.603,16.36,0.0,71.96,26.9,2.75,69.71,0.237,0.398
S03713,60.61,21.3,0.0,68.0,60.971,22.29,0.74,65.05,24.26,4.55,67.46,0.361,0.232
S00020,65.669,25.17,3.5,65.04,65.959,26.07,0.0,73.27,24.58,0.0,72.23,0.29,0.258
S07596,83.955,28.36,15.62,66.33,84.354,24.07,23.95,72.17,21.21,0.85,78.11,0.399,0.085
S01310,62.186,25.19,0.0,71.48,62.438,27.4,0.0,73.83,20.51,0.0,59.45,0.252,0.157
S04967,57.934,18.36,0.0,76.53,58.364,19.44,0.0,82.23,23.06,4.0,66.62,0.43,0.261
S09297,59.779,25.15,0.0,75.78,59.959,28.29,0.0,71.76,25.74,9.05,69.36,0.18,0.28
S09941,61.932,21.32,0.25,55.82,62.094,26.84,22.38,72.45,21.53,0.85,69.62,0.162,0.173
S06042,74.246,20.99,13.61,68.63,74.466,18.76,0.0,68.62,25.53,6.32,70.49,0.22,0.292
S01924,56.276,25.25,0.0,72.21,56.484,26.05,1.49,80.24,17.67,3.42,63.47,0.208,0.149
S08537,62.948,25.79,0.0,56.64,63.206,24.65,1.28,65.18,20.34,0.0,82.76,0.258,0.194
S09096,56.386,19.42,0.0,59.77,56.569,17.74,0.0,63.85,23.38,0.0,80.22,0.183,0.333
S05561,71.655,22.07,0.0,52.26,71.855,17.27,0.0,70.17,18.38,6.13,67.94,0.2,0.136
S05988,66.039,25.37,0.0,62.87,66.256,25.92,0.0,91.08,21.44,1.78,80.15,0.217,0.251
S04974,73.434,20.6,0.0,83.8,73.629,19.88,9.26,66.09,23.23,0.0,64.13,0.195,0.115
S01658,66.433,21.15,0.0,56.88,66.645,18.02,4.69,66.34,22.17,2.86,60.55,0.212,0.148
S09376,68.576,23.24,0.0,74.31,68.8,28.19,0.0,80.37,19.6,0.0,64.17,0.224,0.092
S05400,63.587,26.93,14.89,73.24,64.045,23.75,0.0,76.06,20.33,0.0,65.8,0.458,0.132
S09036,66.27,26.98,0.0,70.06,66.459,20.99,0.0,65.9,26.61,23.0,75.87,0.189,0.479
S08875,62.065,23.24,0.0,66.44,62.177,23.43,0.0,76.12,24.36,0.19,79.47,0.112,0.265
S07366,60.366,16.11,0.0,72.5,60.526,25.98,27.54,63.41,23.12,0.0,65.34,0.16,0.283
S07778,62.476,27.13,0.0,70.48,62.8,21.16,0.0,60.88,21.11,2.03,69.19,0.324,0.128
S09613,65.692,17.8,0.0,90.6,65.974,26.06,0.0,77.12,24.55,3.36,81.29,0.282,0.289
S01520,60.291,25.37,0.0,77.31,60.474,22.3,0.0,67.47,17.76,0.0,68.3,0.183,0.198
S06030,60.16,25.42,0.0,70.27,60.419,20.15,0.0,71.5,21.81,1.0,67.66,0.259,0.242
S02400,50.642,25.77,0.0,76.74,50.871,27.99,0.0,70.14,24.22,3.73,69.74,0.229,0.33
S07906,46.348,17.34,0.0,69.09,46.612,19.81,0.0,62.69,19.47,0.24,72.6,0.264,0.28
S02409,63.984,18.1,0.0,68.25,64.064,26.35,6.1,79.58,22.98,0.0,64.64,0.08,0.161
S08793,67.266,24.46,9.33,66.35,67.598,21.59,0.0,66.83,22.1,4.69,63.49,0.332,0.15
S05876,69.359,21.32,2.74,56.55,69.486,25.29,0.0,67.55,20.13,0.0,63.15,0.127,0.104
S01745,49.576,18.91,0.0,66.11,49.938,27.96,2.83,76.37,21.25,4.3,70.92,0.362,0.293
S01856,72.636,16.93,0.0,64.83,72.822,24.93,0.0,76.07,23.17,11.1,64.87,0.186,0.2
S08656,61.013,25.45,0.0,69.44,61.274,23.4,0.0,64.41,20.27,0.0,60.63,0.261,0.102
S00140,69.485,22.55,0.73,68.15,69.702,29.24,1.05,71.71,21.99,0.0,80.64,0.217,0.251
S08732,61.363,25.36,3.44,74.77,61.653,19.7,0.0,63.37,17.28,0.0,72.21,0.29,0.204
S00329,79.631,16.36,0.0,80.33,79.66,19.82,0.74,68.38,21.16,0.0,78.95,0.029,0.137
S04782,65.362,20.16,0.0,52.86,65.441,17.05,0.0,80.53,29.62,0.23,63.56,0.079,0.326
S05564,59.013,21.79,3.17,75.16,59.268,24.58,0.21,69.09,20.34,3.7,72.85,0.255,0.259
S05490,78.667,27.5,0.0,78.02,78.951,27.03,16.03,69.78,22.08,3.67,51.51,0.284,0.043
S02070,56.659,25.25,0.0,75.88,56.966,17.45,3.06,74.91,18.96,1.66,65.07,0.307,0.21
S06886,68.345,23.82,0.0,69.33,68.537,25.27,0.0,78.63,25.32,3.97,78.31,0.192,0.22
S07800,56.803,19.46,0.0,56.93,56.97,16.02,0.0,52.61,24.59,4.03,72.73,0.167,0.354
S07354,76.745,25.68,2.26,84.17,76.828,26.41,0.0,89.84,21.57,0.0,57.81,0.083,0.065
S02718,62.819,21.19,3.14,75.59,63.014,21.81,0.0,70.18,22.93,0.66,62.84,0.195,0.174
S00261,67.588,20.77,0.0,62.52,67.667,26.0,0.0,80.61,15.23,15.43,59.53,0.079,0.194
S08367,59.264,22.94,0.0,63.25,59.572,22.98,0.0,60.47,22.76,0.0,74.59,0.308,0.301
S08071,71.449,26.35,0.0,73.08,71.695,25.84,0.0,51.83,26.77,3.75,79.11,0.246,0.275
S05512,76.015,25.24,0.0,79.63,76.19,26.79,0.0,83.93,24.26,38.84,69.29,0.175,0.516
S03595,58.388,26.72,11.55,65.03,58.653,25.73,9.24,75.17,21.16,1.79,75.49,0.265,0.258
S01070,52.951,22.86,0.0,68.97,53.316,15.22,0.0,58.04,19.53,0.42,59.92,0.365,0.176
S07078,66.183,27.7,0.0,62.68,66.647,26.1,6.14,62.73,18.18,0.0,61.99,0.464,0.077
S00234,52.947,26.9,7.37,71.92,53.321,19.12,9.49,58.25,22.43,6.13,65.75,0.374,0.297
S05043,59.751,26.23,0.0,70.15,59.89,21.72,0.0,74.92,19.53,0.16,75.47,0.139,0.173
S09493,59.035,16.76,0.0,82.04,59.143,27.53,0.0,74.13,22.74,9.05,79.11,0.108,0.372
S08613,56.837,20.01,0.0,63.73,57.019,22.78,0.0,55.83,24.06,12.94,62.99,0.182,0.403
S07226,58.066,22.7,10.54,77.07,58.426,16.65,0.0,76.75,19.78,14.9,72.15,0.36,0.349
S09216,57.112,19.86,0.0,58.87,57.216,23.31,0.0,63.22,23.09,19.77,71.84,0.104,0.481
S04896,66.506,25.95,0.0,72.46,66.704,22.71,10.27,65.59,20.24,0.04,64.48,0.198,0.166
S02880,60.349,27.96,4.7,82.17,60.815,17.06,0.0,73.74,18.55,6.35,68.89,0.466,0.202
S05997,54.229,18.2,0.0,49.24,54.48,25.82,0.0,75.6,21.79,0.0,64.91,0.251,0.272
S09164,66.077,22.63,2.24,82.68,66.358,24.68,0.0,74.09,21.1,0.49,68.8,0.281,0.165
S00270,69.756,22.81,0.0,77.42,69.889,22.93,0.0,69.06,22.93,25.53,72.68,0.133,0.419
S03416,43.087,24.06,0.0,64.24,43.765,23.2,0.0,74.3,21.32,0.0,76.9,0.678,0.395
S02336,67.343,25.72,15.11,59.9,67.719,18.84,0.0,55.71,23.57,0.0,72.5,0.376,0.198
S02284,73.811,23.48,0.0,63.21,74.1,21.99,0.0,67.84,24.07,2.11,61.38,0.289,0.123
S09206,80.266,28.71,0.0,60.09,80.38,18.99,0.0,58.4,19.85,0.0,74.65,0.114,0.115
S00540,52.139,14.67,0.0,79.17,52.328,20.29,0.0,56.94,19.83,11.96,70.74,0.189,0.364
S05045,61.833,29.75,6.69,67.02,62.175,24.53,0.3,81.37,23.76,2.87,66.26,0.342,0.188
S07180,73.481,21.6,2.31,73.78,73.559,28.69,0.0,79.84,26.31,1.66,66.24,0.078,0.209
S07062,71.565,17.95,0.0,67.24,71.644,23.34,0.0,66.89,22.0,0.0,71.93,0.079,0.203
S06738,58.438,21.75,0.0,86.09,58.693,13.86,0.0,74.58,21.62,26.67,71.7,0.255,0.514
S06533,59.336,26.93,4.15,55.8,59.611,20.61,0.0,61.13,20.5,12.71,58.65,0.275,0.191
S08564,58.005,20.41,0.0,59.22,58.244,29.65,0.0,67.44,23.62,0.29,65.47,0.239,0.303
S05781,50.117,27.25,17.33,73.47,50.79,24.89,0.0,67.33,28.53,0.0,66.04,0.673,0.349
S00711,60.314,23.16,0.0,54.41,60.538,18.97,0.0,63.82,20.47,0.0,64.9,0.224,0.097
S02487,69.674,26.86,0.0,70.36,69.901,19.46,0.0,67.27,23.83,17.93,67.5,0.227,0.381
S03650,61.262,12.0,0.0,56.71,61.315,26.65,0.0,77.33,23.28,6.95,75.14,0.053,0.312
S02158,69.446,29.09,2.82,72.55,69.708,23.57,0.0,84.08,21.96,23.47,71.99,0.262,0.43
S00395,66.995,24.29,0.0,81.71,67.243,24.45,0.0,69.11,22.44,0.0,70.63,0.248,0.168
S01908,74.056,22.67,3.37,57.15,74.151,22.84,0.0,73.25,23.35,2.7,76.66,0.095,0.195
S06767,47.14,22.25,0.0,75.64,47.542,19.71,0.0,63.53,18.06,5.34,63.59,0.402,0.272
S04278,63.19,29.08,14.56,65.31,63.788,22.37,0.0,73.98,21.59,7.06,67.41,0.598,0.224
S00630,44.958,18.79,3.23,61.78,45.256,20.22,0.0,72.4,21.51,6.99,65.68,0.298,0.236
S02721,61.146,24.86,0.0,67.73,61.475,23.16,0.0,52.47,23.3,0.5,70.45,0.329,0.19
S06854,72.546,20.46,27.52,60.61,72.977,16.68,0.0,60.27,26.44,7.73,66.08,0.431,0.291
S08728,58.676,24.33,6.75,83.19,59.027,23.35,0.0,71.71,23.61,3.14,77.08,0.351,0.27
S05452,73.719,22.59,9.36,84.58,73.964,23.71,1.27,73.45,19.37,1.01,68.3,0.245,0.047
S09772,59.583,26.14,0.0,79.37,59.921,17.71,0.0,60.62,20.16,1.97,70.23,0.338,0.24
S01490,65.222,18.15,0.0,72.93,65.531,22.6,0.0,77.71,24.03,10.9,61.07,0.309,0.293
S08973,52.731,27.49,5.94,70.82,53.195,18.29,0.0,55.53,24.95,1.1,91.92,0.464,0.407
S00056,51.509,24.78,0.0,69.14,51.814,24.09,0.0,58.54,22.55,3.3,60.08,0.305,0.231
S06896,64.753,26.15,2.69,75.58,64.987,15.43,0.0,61.68,16.01,4.27,58.59,0.234,0.031
S09069,45.696,24.95,0.0,61.49,46.101,26.63,0.0,72.4,21.46,1.67,73.28,0.405,0.391
S05660,51.432,21.62,2.2,57.89,51.934,25.22,12.45,60.98,18.57,0.0,70.38,0.502,0.241
S09217,73.064,26.51,0.0,76.54,73.159,19.32,0.0,65.51,22.54,0.0,71.91,0.095,0.222
S05224,70.11,17.65,0.92,72.97,70.218,25.66,0.13,90.88,18.78,7.34,57.15,0.108,0.102
S08113,57.138,24.88,0.0,62.14,57.516,25.63,7.81,74.95,22.95,35.79,64.13,0.378,0.582
S08429,67.038,23.69,3.87,77.75,67.231,21.68,0.0,77.2,23.87,1.48,68.63,0.193,0.19
S00563,71.625,29.8,13.28,66.92,72.038,18.47,0.0,67.68,19.94,0.0,56.41,0.413,0.056
S01949,56.121,20.89,0.0,81.65,56.376,24.01,0.0,75.33,23.13,0.0,64.1,0.255,0.279
S09937,54.81,19.68,0.0,68.55,55.054,26.11,0.0,81.41,25.63,5.17,76.29,0.244,0.407
S02132,55.904,22.64,0.67,84.75,56.304,25.33,0.0,75.8,19.3,3.01,71.0,0.4,0.204
S06109,77.188,21.4,0.0,64.78,77.301,27.35,0.0,77.72,26.11,5.55,79.27,0.113,0.235
S02544,52.71,27.13,0.0,60.41,52.914,23.55,0.0,70.99,21.45,0.0,70.16,0.204,0.216
S08386,54.351,22.87,3.19,68.89,54.593,23.41,0.0,71.79,19.39,4.92,67.14,0.242,0.279
S01779,40.0,23.34,0.0,66.51,40.376,23.02,0.0,54.96,26.32,0.99,64.23,0.376,0.408
S01709,76.697,25.88,0.0,57.62,76.767,21.42,9.19,70.77,16.26,3.9,76.26,0.07,0.023
S01881,59.218,18.61,0.0,58.06,59.43,16.96,0.0,61.09,22.31,0.69,72.96,0.212,0.223
S09243,52.586,24.45,0.0,71.21,52.912,18.45,4.55,68.92,22.75,6.76,77.05,0.326,0.395
S01079,62.315,23.15,24.3,72.9,62.738,27.12,12.67,66.06,23.42,0.0,83.32,0.423,0.33
S05563,64.472,27.18,0.0,63.46,64.644,26.1,0.0,72.45,18.38,1.44,69.58,0.172,0.156
S02252,56.461,22.4,11.07,77.48,56.856,26.3,0.0,73.62,23.48,1.35,74.4,0.395,0.256
S09890,64.129,20.47,0.0,69.79,64.385,21.31,0.0,75.0,22.17,5.44,73.27,0.256,0.254
S04343,67.623,28.27,0.0,66.39,68.193,23.2,0.0,70.71,19.85,23.22,70.43,0.57,0.357
S00764,75.446,25.29,0.0,61.09,75.502,23.66,0.0,56.17,25.28,0.0,68.03,0.056,0.231
S02926,74.946,20.52,0.0,75.73,75.139,18.32,0.0,60.11,26.16,8.44,76.39,0.193,0.324
S05896,68.051,25.14,0.0,71.08,68.357,16.74,0.0,77.0,21.44,32.12,75.63,0.306,0.49
S00168,56.467,21.87,0.0,72.11,56.659,20.97,0.0,75.96,24.49,4.2,64.11,0.192,0.208
S02261,72.438,18.89,0.0,78.73,72.499,21.92,0.0,70.76,26.33,10.46,69.22,0.061,0.309
S04713,63.734,25.46,0.0,52.25,63.876,23.1,0.0,70.59,23.24,1.8,69.56,0.142,0.219
S09762,49.311,25.06,0.03,81.85,49.65,24.57,0.0,70.87,27.0,20.91,84.85,0.339,0.676
S06401,69.421,17.41,0.0,63.23,69.558,22.61,0.0,69.94,22.26,0.0,57.69,0.137,0.131
S02583,68.238,25.1,5.97,64.57,68.439,24.48,0.0,61.48,19.79,2.08,59.42,0.201,0.118
S01501,60.994,21.61,0.0,71.09,61.335,22.54,0.0,64.5,19.69,19.16,56.17,0.341,0.306
S07762,55.176,21.44,13.2,84.4,55.535,22.15,0.0,62.04,24.11,0.0,63.68,0.359,0.302
S06994,61.546,23.38,0.0,75.06,61.843,21.88,8.12,66.42,21.44,0.0,61.46,0.297,0.209
S04375,60.446,22.1,0.02,72.85,60.654,24.56,0.0,69.54,24.07,3.01,74.82,0.208,0.258
S08592,65.733,27.3,2.36,71.15,66.013,26.16,0.0,95.78,22.64,12.3,52.14,0.28,0.248
S02306,59.108,23.76,0.0,68.78,59.329,24.93,0.0,60.45,25.93,0.04,68.32,0.221,0.245
S04536,51.121,26.71,0.0,58.24,51.475,23.71,4.93,65.95,26.11,28.27,72.37,0.354,0.645
S00637,56.489,23.61,0.0,71.69,56.737,21.36,0.0,68.9,22.63,0.0,71.99,0.248,0.245
S01688,65.187,28.05,0.0,67.79,65.395,22.89,0.0,81.35,23.13,2.96,73.56,0.208,0.279
S04069,66.504,25.63,0.0,63.59,66.725,25.79,0.0,82.63,22.95,0.0,62.89,0.221,0.139
S07953,54.591,26.43,0.0,72.32,54.887,26.38,1.81,68.12,21.4,0.0,80.28,0.296,0.286
S03871,44.604,16.95,0.0,70.48,44.956,26.35,0.0,71.75,26.21,0.81,76.34,0.352,0.42
S09538,50.741,28.1,1.3,59.01,51.123,23.76,0.0,61.76,19.37,2.37,61.22,0.382,0.243
S09567,58.379,26.84,0.0,76.67,58.726,15.78,0.0,82.31,24.13,0.32,63.69,0.347,0.219
S06101,58.97,26.39,0.0,93.7,59.344,27.28,0.2,74.11,25.24,0.0,72.72,0.374,0.318
S08960,46.631,25.85,14.0,82.51,47.177,25.89,0.51,61.16,23.71,1.12,79.17,0.546,0.377
S05358,77.504,24.24,0.0,71.49,77.648,16.44,0.0,73.03,25.33,3.05,79.9,0.144,0.246
S08776,50.186,23.45,0.0,61.79,50.55,28.56,6.73,68.7,27.68,0.0,71.87,0.364,0.384
S03073,57.195,20.2,0.0,68.57,57.351,23.76,0.0,68.8,23.84,0.0,74.75,0.156,0.313
S06992,70.237,25.15,0.0,73.3,70.416,22.6,0.0,65.59,19.98,0.0,63.41,0.179,0.084
S01357,77.25,22.85,0.0,66.99,77.356,29.83,16.18,76.09,21.21,11.21,85.23,0.106,0.175
S05036,75.034,22.36,0.0,69.86,75.2,23.5,0.0,68.64,23.41,0.0,58.5,0.166,0.07
S05003,53.617,25.79,0.0,71.43,53.925,19.79,0.0,69.15,25.59,0.76,71.27,0.308,0.284
S06669,47.292,22.03,22.72,70.3,47.855,20.04,0.0,61.36,25.48,22.62,72.3,0.563,0.561
S05083,65.683,27.64,0.0,82.57,65.97,24.28,0.0,65.55,20.52,31.28,78.43,0.287,0.551
S02159,60.823,26.2,0.0,62.27,61.089,22.45,0.0,68.12,23.37,3.02,63.95,0.266,0.277
S01506,58.178,27.41,3.82,65.56,58.552,27.72,0.0,83.39,23.5,20.52,76.78,0.374,0.504
S03480,57.771,18.88,0.0,65.88,57.926,23.59,0.0,70.32,25.2,5.74,70.12,0.155,0.354
S05053,51.572,24.43,10.02,67.45,51.964,26.17,0.0,76.75,21.27,2.25,74.26,0.392,0.274
S09646,63.949,20.48,0.0,70.96,64.189,22.1,0.0,73.24,22.19,0.0,74.02,0.24,0.214
S01888,60.36,24.12,12.43,64.06,60.719,19.88,0.0,69.1,27.68,3.95,75.86,0.359,0.29
S02570,50.333,18.01,4.23,79.29,50.634,28.22,0.0,90.49,19.39,4.02,60.53,0.301,0.201
S03872,68.338,27.71,0.0,58.87,68.564,25.39,27.82,59.61,25.21,0.0,71.73,0.226,0.253
S02554,67.542,23.14,0.0,53.85,67.661,24.53,0.0,73.06,22.83,1.39,74.2,0.119,0.206
S01362,62.131,23.2,0.0,61.29,62.318,24.05,0.0,65.3,22.51,0.0,65.86,0.187,0.17
S00659,67.845,25.64,12.5,55.46,68.244,25.78,0.0,68.94,18.94,0.0,68.8,0.399,0.08
S09026,69.052,22.81,0.0,74.92,69.398,24.74,0.0,84.06,20.96,7.21,69.2,0.346,0.298
S06618,65.74,19.94,6.57,65.77,66.117,27.11,17.96,80.03,17.75,12.18,61.09,0.377,0.145
S01752,57.246,17.45,0.0,77.69,57.623,22.41,0.0,62.46,18.99,1.66,73.91,0.377,0.212
S09926,57.64,25.93,0.0,71.86,57.918,27.46,0.78,72.17,19.15,1.64,74.8,0.278,0.257
S06828,58.686,24.82,10.23,83.93,59.057,22.38,0.0,77.25,25.25,14.94,73.64,0.371,0.413
S03209,79.953,21.78,0.0,53.71,79.977,18.66,0.0,61.84,23.94,0.0,76.54,0.024,0.129
S09452,69.056,23.64,8.98,72.23,69.25,24.13,0.0,77.35,24.85,5.23,61.8,0.194,0.155
S06421,66.352,22.7,0.0,61.21,66.606,19.18,0.0,71.94,22.23,2.34,62.64,0.254,0.228
S06970,63.318,21.71,0.0,58.07,63.51,25.81,0.0,71.3,28.2,0.0,65.62,0.192,0.283
S03508,72.421,22.66,0.0,79.39,72.449,25.23,0.0,70.77,27.22,1.21,71.43,0.028,0.239
S09662,65.238,28.56,0.0,82.27,65.509,29.56,0.0,69.61,25.93,0.0,68.74,0.271,0.2
S01277,52.541,22.13,8.99,75.73,52.971,23.96,8.55,69.93,19.9,1.25,69.22,0.43,0.233
S05523,57.344,30.58,0.0,70.04,57.742,22.24,0.0,56.62,26.19,1.22,72.28,0.398,0.193
S02282,65.306,22.9,0.0,67.47,65.534,23.94,0.0,65.93,25.96,4.45,86.65,0.228,0.407
S09863,59.175,25.43,0.32,61.67,59.518,28.43,0.0,75.56,24.2,7.5,70.58,0.343,0.268
S00973,53.164,26.71,0.0,69.74,53.82,20.36,0.0,61.64,23.25,0.66,64.02,0.656,0.27
S09606,60.277,20.84,0.0,56.09,60.445,15.48,0.0,61.83,23.32,5.13,78.87,0.168,0.266
S01209,60.041,20.3,0.0,67.09,60.318,24.17,12.9,75.54,18.97,2.47,73.2,0.277,0.124
S07920,54.148,25.65,0.0,69.37,54.578,29.67,0.0,66.18,21.31,0.0,65.22,0.43,0.244
S01030,71.208,25.62,0.0,68.2,71.345,21.36,0.0,81.81,24.59,0.0,68.09,0.137,0.233
S08075,50.276,28.17,0.0,74.44,50.697,16.07,0.0,66.32,26.94,15.8,68.84,0.421,0.504
S02867,49.799,23.9,2.38,73.31,50.172,17.29,0.0,57.03,21.64,0.62,62.28,0.373,0.213
S03304,45.276,25.68,0.0,62.61,45.743,21.13,6.83,84.1,25.47,0.66,74.14,0.467,0.383
S00505,42.263,24.05,0.0,71.21,42.648,22.03,0.0,72.29,20.21,0.0,67.16,0.385,0.315
S08020,77.93,20.99,0.0,44.91,77.993,26.83,0.0,71.15,23.8,23.12,74.88,0.063,0.361
S09355,74.574,22.28,0.0,74.72,74.735,27.15,0.0,72.56,19.08,3.12,59.54,0.161,0.078
S07355,67.793,27.32,0.0,83.57,68.239,25.28,0.0,60.81,24.43,2.58,66.99,0.446,0.19
S01829,52.027,25.31,0.0,70.58,52.418,21.7,0.0,81.87,25.99,6.09,63.93,0.391,0.43
S01882,62.565,23.03,0.0,71.87,62.838,21.86,0.0,77.24,27.15,0.0,69.2,0.273,0.289
S07134,61.281,27.21,0.0,66.1,61.48,26.67,0.0,78.36,24.65,0.0,71.55,0.199,0.265
S01091,61.48,27.23,0.0,70.23,61.82,27.02,0.0,64.42,23.51,1.36,66.17,0.34,0.253
S02452,48.623,21.26,0.0,66.06,48.977,18.65,0.0,63.77,22.91,3.14,78.64,0.354,0.349
S03032,67.953,25.09,0.0,71.24,68.148,27.4,0.0,67.96,23.02,11.16,79.32,0.195,0.27
S00821,63.243,28.75,6.44,75.14,63.491,20.53,0.95,69.42,25.59,0.58,72.54,0.248,0.269
S00601,57.39,24.81,0.0,67.28,57.828,26.41,16.87,74.23,18.86,0.0,70.36,0.438,0.187
S01303,51.328,20.4,10.05,78.1,51.647,16.75,0.0,58.8,19.22,1.11,70.05,0.319,0.311
S09994,64.527,23.78,0.0,80.29,64.748,27.17,7.73,84.51,25.71,5.59,74.25,0.221,0.294
S05427,64.422,25.33,0.0,82.89,64.681,22.37,5.85,63.59,27.08,0.0,62.89,0.259,0.273
S01421,62.084,27.73,5.22,77.84,62.398,17.66,0.0,70.79,21.65,3.45,63.44,0.314,0.164
S07924,65.601,19.58,0.0,71.59,65.793,26.79,0.0,86.6,23.92,1.16,86.34,0.192,0.247
S06239,59.113,25.99,0.0,78.65,59.509,27.48,0.0,77.57,21.63,0.63,69.54,0.396,0.188
S08711,63.192,15.86,0.0,64.51,63.306,18.7,0.0,72.59,25.63,9.79,73.5,0.114,0.362
S07857,65.996,19.23,0.0,61.92,66.164,22.93,9.44,77.16,15.83,4.88,66.14,0.168,0.13
S02023,71.83,22.25,2.76,78.46,72.1,23.91,0.0,78.36,22.45,4.2,61.51,0.27,0.205
S08882,49.406,19.25,0.0,67.31,49.904,21.0,0.0,71.53,25.24,30.78,66.18,0.498,0.605
S04868,59.201,27.5,0.0,69.72,59.536,18.23,0.0,64.24,22.47,0.0,72.82,0.335,0.197
S03782,51.493,21.1,0.77,70.0,51.841,28.67,1.31,67.9,23.94,11.91,71.7,0.348,0.405
S07420,61.461,20.46,0.0,79.64,61.681,20.77,0.0,66.94,23.49,2.1,61.58,0.22,0.243
S01578,66.709,26.73,34.83,70.12,67.309,27.17,9.06,62.36,24.49,13.59,80.9,0.6,0.421
S07046,60.957,21.92,0.0,80.59,61.11,24.63,0.0,77.64,24.3,1.64,81.26,0.153,0.302
S06638,64.392,21.92,8.64,62.56,64.632,17.66,0.0,90.45,26.21,5.27,66.14,0.24,0.219
S01267,69.162,22.66,29.0,62.27,69.637,25.09,0.0,70.97,21.45,0.0,57.66,0.475,0.098
S01724,60.412,20.55,0.0,70.02,60.62,26.34,0.0,69.42,25.15,0.0,63.69,0.208,0.175
S05592,65.39,23.71,0.0,64.72,65.598,25.11,0.0,85.18,24.64,1.77,68.47,0.208,0.163
S03963,72.564,22.74,0.0,65.79,72.663,21.4,0.0,76.08,22.05,0.25,61.55,0.099,0.058
S02300,60.436,18.62,1.12,60.0,60.698,23.04,0.0,67.58,22.78,4.04,62.0,0.262,0.13
S07469,69.717,19.44,4.91,73.94,69.922,21.95,0.0,67.8,27.12,5.1,85.13,0.205,0.429
S00935,62.568,25.16,0.0,91.84,62.781,32.61,0.0,77.52,19.66,0.0,70.17,0.213,0.193
S04775,60.727,26.94,0.0,69.85,60.832,20.59,0.0,72.78,21.54,3.78,72.44,0.105,0.192
S02858,66.336,24.83,4.07,53.87,66.633,24.61,0.0,77.7,24.44,3.59,80.06,0.297,0.249
S07353,42.005,16.1,0.0,73.58,42.352,24.53,0.0,75.49,24.91,0.0,65.21,0.347,0.397
S05402,55.658,26.36,0.0,73.85,55.959,23.14,0.0,68.76,21.77,2.74,65.03,0.301,0.254
S00747,53.099,25.16,0.0,57.88,53.527,20.49,0.0,66.11,16.29,11.53,69.65,0.428,0.323
S09429,50.962,28.2,20.53,77.32,51.453,23.75,0.0,63.22,24.96,3.5,73.45,0.491,0.4
S04087,61.656,18.91,0.0,59.09,61.834,21.55,0.0,71.59,21.65,0.0,71.4,0.178,0.164
S05064,70.338,21.53,3.23,69.4,70.615,22.56,0.0,68.71,20.72,0.0,66.57,0.277,0.147
S06496,67.701,23.13,0.0,64.01,67.913,24.6,0.0,81.08,21.46,8.31,65.94,0.212,0.254
S01280,61.863,18.54,17.55,72.82,62.235,24.42,0.0,66.17,20.61,27.27,81.31,0.372,0.504
S06866,55.125,20.93,0.0,71.96,55.426,24.06,0.0,58.96,18.23,0.0,76.18,0.301,0.225
S09370,55.681,23.27,0.0,54.59,56.041,20.18,0.0,70.29,25.41,4.96,62.9,0.36,0.292
S09742,61.91,15.02,0.0,64.82,62.053,26.75,0.0,74.99,25.66,0.95,74.75,0.143,0.249
S06111,63.48,20.25,0.0,60.26,63.675,24.91,0.0,83.56,27.12,3.13,68.28,0.195,0.198
S04238,62.246,16.78,0.0,69.71,62.475,23.08,1.71,76.86,22.02,0.0,72.59,0.229,0.189
S08994,51.98,26.6,0.0,70.74,52.429,16.94,0.0,76.18,17.76,10.91,72.72,0.449,0.256
S05819,55.854,21.89,0.0,73.41,56.09,23.78,5.13,76.39,18.63,3.0,75.78,0.236,0.299
S04109,57.685,26.47,0.0,80.02,58.019,24.86,0.0,87.58,26.66,5.56,61.66,0.334,0.298
S05287,61.955,28.81,16.65,80.13,62.364,24.72,1.69,71.45,20.31,4.75,68.76,0.409,0.311
S02475,52.645,16.7,0.0,68.24,52.738,27.99,0.0,65.79,22.68,0.0,68.55,0.093,0.27
S05309,52.388,24.56,8.39,82.25,52.727,30.13,35.0,67.92,17.44,0.57,73.12,0.339,0.24
S02994,57.546,28.36,0.0,72.01,57.911,27.17,0.0,80.17,23.58,1.86,68.37,0.365,0.266
S03401,52.279,22.9,0.0,72.06,52.602,15.68,0.0,72.06,22.18,0.53,70.88,0.323,0.309
S02759,63.852,23.6,0.0,71.28,64.12,23.38,0.0,67.56,20.3,2.55,75.31,0.268,0.243
S04181,64.715,19.01,20.53,71.21,65.058,22.25,0.0,74.6,25.64,0.0,60.29,0.343,0.204
S02244,49.404,23.83,0.0,63.98,49.65,17.46,0.0,35.0,21.72,1.17,70.72,0.246,0.231
S06616,49.118,23.45,2.34,70.36,49.419,26.99,0.0,70.92,17.22,16.04,58.03,0.301,0.293
S00283,63.839,23.25,0.0,59.09,63.959,27.85,0.44,74.98,24.89,4.44,63.73,0.12,0.254
S01434,53.374,25.37,0.0,80.04,53.72,27.61,0.0,81.7,18.77,0.31,65.66,0.346,0.218
S08820,63.517,25.06,0.0,71.27,63.754,27.65,17.22,80.91,22.22,0.0,70.45,0.237,0.181
S09375,56.16,25.16,0.0,75.2,56.58,19.67,0.0,76.16,26.85,14.41,68.51,0.42,0.457
S09013,58.778,19.88,0.0,75.11,58.945,16.79,5.13,66.59,28.56,14.79,71.05,0.167,0.434
S09600,59.898,14.75,2.69,61.86,60.066,26.49,0.0,80.88,25.64,1.05,58.6,0.168,0.271
S07369,72.241,29.18,0.0,86.84,72.556,27.21,0.0,74.68,24.79,18.1,79.34,0.315,0.338
S02384,55.802,25.52,0.0,70.52,56.059,24.51,0.0,77.64,20.14,0.76,76.55,0.257,0.274
S00963,70.861,23.55,0.0,72.72,71.043,27.3,0.0,75.39,20.44,1.61,65.17,0.182,0.104
S01747,52.973,19.69,0.0,56.36,53.2,29.3,0.0,77.3,23.49,30.54,74.33,0.227,0.578
S08570,42.658,28.19,0.0,62.92,43.026,24.85,0.0,63.42,19.67,0.0,66.97,0.368,0.182
S04963,57.964,21.94,4.2,57.39,58.213,28.69,3.16,76.18,20.67,4.55,77.23,0.249,0.33
S01488,44.264,19.28,0.0,69.94,44.651,25.2,13.44,82.71,18.35,9.26,75.01,0.387,0.394
S06140,64.91,20.85,0.0,72.44,65.021,23.5,23.77,75.18,24.55,0.0,78.72,0.111,0.233
S03222,76.42,21.82,21.19,63.77,76.659,23.76,0.0,77.73,25.45,3.47,86.64,0.239,0.327
S05024,73.91,23.5,2.17,69.29,73.983,28.95,25.61,67.43,17.05,0.0,61.84,0.073,0.015
S05742,60.193,17.5,0.0,61.18,60.489,22.4,0.0,67.22,20.67,23.72,64.66,0.296,0.392
S02329,84.737,27.41,0.0,74.13,84.843,24.45,0.0,73.09,19.64,0.0,74.8,0.106,0.119
S06621,62.169,18.87,0.0,77.77,62.36,15.74,0.0,69.12,26.37,0.0,83.7,0.191,0.236
S03625,50.379,18.24,7.61,67.29,50.767,14.98,0.0,65.55,20.48,3.77,75.48,0.388,0.198
S03320,64.887,26.69,0.0,74.96,65.196,19.28,5.83,70.81,24.64,23.69,85.29,0.309,0.533
S06093,68.992,21.83,0.0,60.5,69.133,19.12,0.0,66.9,28.65,1.32,78.88,0.141,0.3
S08343,83.482,23.7,0.0,71.89,83.552,23.41,21.19,74.5,25.26,5.58,77.74,0.07,0.17
S06729,74.347,23.44,0.0,70.66,74.501,26.25,15.62,51.61,20.93,1.26,69.4,0.154,0.064
S06059,64.037,26.05,0.0,77.62,64.21,24.42,0.0,74.02,19.56,0.33,72.77,0.173,0.09
S04740,69.967,23.78,0.0,70.65,70.033,20.93,0.0,62.64,23.84,5.7,64.52,0.066,0.179
S09467,66.821,21.76,0.0,78.99,67.025,26.11,1.99,48.35,23.14,0.0,60.95,0.204,0.214
S02375,64.392,22.07,0.0,77.53,64.635,13.03,0.7,62.1,26.85,1.06,91.27,0.243,0.284
S05878,64.621,23.36,3.42,70.03,64.869,15.91,0.0,67.49,28.59,0.0,74.68,0.248,0.317
S05726,58.21,24.0,0.0,66.76,58.592,26.96,1.77,72.53,22.39,10.04,70.0,0.382,0.324
S06040,56.828,20.15,0.0,69.39,57.068,22.68,7.87,70.42,22.34,8.25,65.74,0.24,0.298
S08371,57.386,23.4,0.0,69.55,57.584,27.23,0.0,75.22,22.14,25.15,80.33,0.198,0.533
S03749,48.871,23.07,0.0,75.2,49.178,14.66,5.89,72.37,20.43,5.26,65.47,0.307,0.309
S02848,56.819,23.59,0.0,56.82,57.147,19.35,1.64,73.04,24.68,1.51,71.58,0.328,0.271
S06329,51.606,21.62,0.76,60.74,51.824,24.46,0.0,63.02,22.07,0.0,60.0,0.218,0.237
S04043,74.994,28.33,9.05,82.86,75.286,25.93,0.0,70.05,21.1,0.0,75.99,0.292,0.093
S03972,52.425,24.97,0.0,74.54,52.858,28.38,0.0,66.08,25.17,0.0,71.01,0.433,0.312
S06212,70.638,23.94,0.0,70.09,70.787,23.99,0.0,73.45,22.45,2.87,61.73,0.149,0.121
S01564,46.649,25.16,0.0,62.3,47.142,22.83,0.0,67.95,21.92,5.79,61.48,0.493,0.307
S02258,67.408,21.19,0.0,65.38,67.575,23.47,0.74,59.86,19.8,1.35,67.28,0.167,0.095
S08784,67.001,25.44,0.0,62.12,67.409,24.85,0.0,73.9,23.48,0.0,76.65,0.408,0.189
S00495,79.525,21.44,0.0,83.17,79.649,24.38,2.07,79.55,23.93,4.36,61.34,0.124,0.077
S08009,73.397,18.69,5.39,59.25,73.879,24.19,0.0,70.12,24.92,0.13,75.77,0.482,0.191
S01819,69.488,23.82,0.0,93.6,69.619,23.51,0.0,93.54,22.93,1.21,64.06,0.131,0.142
S09902,70.595,23.25,0.0,92.79,70.965,23.54,0.0,79.98,25.84,2.04,79.89,0.37,0.235
S05626,60.598,29.55,8.73,66.2,61.021,19.89,0.0,79.58,18.43,4.68,68.42,0.423,0.23
S00841,51.479,28.87,0.0,70.14,51.854,26.63,0.0,61.9,21.88,5.07,77.14,0.375,0.356
S01382,60.537,21.26,0.0,53.94,60.775,24.23,4.85,71.23,20.59,0.0,65.62,0.238,0.189
S06314,63.083,24.32,20.95,73.01,63.538,24.23,0.0,71.09,21.82,2.22,73.32,0.455,0.203
S03806,65.568,23.97,0.0,72.43,65.741,17.73,0.0,58.14,18.51,0.0,67.81,0.173,0.067
S00370,76.251,22.2,0.0,66.96,76.316,20.28,0.0,66.09,30.56,35.61,68.71,0.065,0.648
S09939,62.746,24.91,0.0,72.65,63.251,27.63,0.0,98.0,21.36,2.3,68.39,0.505,0.086
S08383,79.704,15.95,0.0,67.71,79.733,20.79,0.0,57.05,22.06,0.0,72.17,0.029,0.065
S08821,76.803,22.22,0.0,71.83,76.93,26.61,0.0,76.79,23.97,1.28,69.0,0.127,0.109
S07278,62.617,23.4,0.0,73.36,62.861,25.73,0.0,60.53,23.8,0.0,62.38,0.244,0.172
S04389,40.0,27.28,10.61,79.9,40.554,21.53,0.0,75.71,28.28,10.62,76.46,0.554,0.539
S01764,69.64,14.73,5.93,84.01,69.777,18.37,0.0,62.42,27.31,2.37,52.59,0.137,0.211
S06683,57.652,23.37,16.65,75.46,58.037,23.75,0.0,59.56,15.57,2.68,66.25,0.385,0.182
S04829,47.313,28.11,12.31,74.5,47.798,17.86,0.0,67.78,21.49,13.41,54.99,0.485,0.292
S07197,64.969,19.13,0.0,58.55,65.109,24.18,0.0,72.83,23.27,1.6,59.05,0.14,0.139
S02663,63.991,22.77,1.72,76.21,64.227,23.98,8.75,52.91,24.65,4.05,59.69,0.236,0.244
S01485,54.732,22.53,0.0,75.15,55.056,25.89,0.0,61.16,18.98,7.66,62.56,0.324,0.272
S00039,52.176,18.64,0.0,61.16,52.473,19.59,0.0,59.09,26.38,0.0,75.21,0.297,0.319
S09308,50.144,28.34,0.0,66.97,50.582,15.24,0.0,74.28,19.8,0.0,65.77,0.438,0.255
S02522,62.793,18.39,1.22,51.22,62.928,22.84,4.19,75.23,19.22,0.0,68.9,0.135,0.107
S01016,59.514,17.07,0.0,68.45,59.649,23.93,0.0,76.69,23.47,0.0,66.09,0.135,0.248
S08566,65.432,23.24,0.0,90.98,65.714,24.65,0.0,73.7,25.15,0.0,67.98,0.282,0.18
S00615,57.439,26.72,4.82,72.39,57.755,29.34,0.0,67.24,24.68,2.63,66.04,0.316,0.269
S04673,60.77,12.73,2.01,76.4,60.817,25.74,4.67,71.44,21.15,1.39,70.1,0.047,0.258
S07236,58.372,25.93,0.0,64.47,58.817,25.48,0.0,57.36,18.8,1.85,71.97,0.445,0.186
S05865,68.193,19.94,0.0,77.61,68.251,18.75,0.01,75.67,25.27,19.35,69.92,0.058,0.407
S04365,62.605,25.91,12.28,72.23,63.086,26.51,5.29,80.4,18.95,0.0,76.98,0.481,0.111
S00296,60.513,26.16,0.0,83.65,60.714,23.18,0.0,77.26,20.61,0.0,52.93,0.201,0.098
S04858,64.101,24.65,0.0,91.28,64.48,18.78,0.0,75.82,24.97,0.0,70.11,0.379,0.239
S01993,50.659,19.51,0.0,68.34,50.84,20.99,1.13,73.05,25.35,3.91,72.91,0.181,0.289
S01390,48.891,25.34,4.39,64.39,49.181,25.5,15.09,76.61,22.43,9.5,72.55,0.29,0.431
S04142,52.644,23.51,0.0,63.19,53.041,22.88,12.52,72.92,23.71,0.0,70.06,0.397,0.33
S00868,62.013,22.69,0.0,61.47,62.387,20.97,0.0,73.44,20.73,24.28,60.67,0.374,0.426
S05330,59.606,22.74,6.15,53.45,59.788,24.33,0.0,78.48,20.86,0.0,75.64,0.182,0.172
S03468,51.71,27.31,2.72,53.51,52.16,22.31,0.0,75.34,25.19,43.27,79.6,0.45,0.801
S03498,67.493,20.78,0.0,74.97,67.7,25.79,0.0,63.92,20.19,0.93,66.53,0.207,0.045
S00542,68.944,24.68,15.19,83.17,69.367,24.92,0.0,69.03,17.79,0.0,69.91,0.423,0.019
S09696,70.003,19.62,0.0,82.94,70.452,30.09,0.0,62.57,27.94,0.07,66.67,0.449,0.243
S07463,48.594,25.71,0.0,60.63,48.899,20.26,0.0,73.52,22.55,4.09,66.21,0.305,0.235
S05937,58.437,22.8,0.72,76.62,58.692,24.87,0.0,63.99,17.53,8.04,70.93,0.255,0.235
S04759,69.27,22.66,0.0,75.21,69.39,19.5,7.86,57.13,22.63,5.08,69.99,0.12,0.164
S08105,79.061,23.28,0.0,65.7,79.243,21.88,0.0,84.19,19.41,0.0,66.83,0.182,0.046
S06577,60.993,23.7,0.0,64.84,61.145,25.08,0.0,71.26,24.67,8.2,60.12,0.152,0.194
S01736,47.283,12.24,0.0,60.51,47.514,23.24,2.65,78.5,27.39,9.46,79.41,0.231,0.443
S08983,71.846,22.68,25.0,73.63,72.244,16.77,8.56,54.58,24.65,11.33,80.88,0.398,0.359
S03877,54.197,17.06,0.0,62.53,54.337,25.27,1.54,85.26,30.12,2.75,84.39,0.14,0.43
S00954,56.594,25.12,0.0,61.02,56.928,21.54,3.25,81.67,26.01,0.0,78.93,0.334,0.368
S07144,68.115,24.25,0.0,66.42,68.266,26.86,0.0,70.98,24.93,4.43,65.58,0.151,0.207
S06259,58.381,28.72,6.0,69.23,58.679,24.44,0.0,61.8,21.39,0.0,76.12,0.298,0.209
S04650,64.645,28.96,0.0,75.51,64.905,13.1,0.0,53.5,18.45,0.0,68.22,0.26,0.136
S02107,67.575,20.56,0.54,56.21,67.669,24.19,0.0,77.61,22.79,0.06,76.98,0.094,0.246
S08918,52.039,18.1,0.0,72.12,52.291,22.69,0.0,59.63,15.66,0.0,69.39,0.252,0.145
S07815,72.871,23.38,0.0,71.77,72.962,21.4,0.0,63.29,19.96,10.8,65.49,0.091,0.183
S08549,68.523,22.87,7.31,65.27,68.884,25.34,0.0,65.62,28.46,33.95,76.84,0.361,0.626
S02936,48.089,22.65,0.0,73.53,48.399,27.31,13.51,72.26,23.58,3.05,70.9,0.31,0.355
S02480,44.447,16.06,0.0,53.75,44.678,24.34,0.0,68.49,17.6,0.68,72.1,0.231,0.193
S06282,53.366,22.18,0.0,75.66,53.644,16.26,0.0,57.63,25.57,0.03,68.37,0.278,0.282
S04595,59.926,24.0,0.0,63.35,60.125,20.73,0.0,84.34,23.26,12.06,79.15,0.199,0.384
S05338,55.067,18.75,10.24,66.9,55.38,23.99,1.41,77.48,22.3,0.0,72.31,0.313,0.417
S09960,60.703,26.22,0.0,59.17,60.923,18.28,0.0,54.93,18.89,2.57,70.94,0.22,0.113
S08181,70.985,15.99,14.52,59.91,71.174,25.11,11.27,72.17,24.21,0.69,69.37,0.189,0.186
S06363,69.894,24.61,5.42,77.31,70.121,24.82,0.51,69.79,19.81,0.0,77.35,0.227,0.153
S08651,48.837,18.96,0.0,63.5,49.129,18.03,0.0,65.56,25.52,4.66,78.24,0.292,0.499
S05912,72.511,24.06,0.0,68.69,72.842,26.04,0.0,81.77,17.51,4.48,73.18,0.331,0.061
S00982,57.469,21.77,0.0,78.35,57.739,24.27,0.0,78.95,26.52,10.11,69.24,0.27,0.458
S05817,61.597,21.48,8.07,62.33,61.929,16.11,0.0,71.8,27.61,3.05,76.26,0.332,0.332
S05627,70.108,26.76,0.0,67.05,70.523,20.22,0.0,67.81,26.86,0.0,64.71,0.415,0.207
S02687,58.327,15.46,0.0,61.12,58.469,20.48,1.27,83.28,25.91,14.91,65.77,0.142,0.398
S01504,52.347,18.2,0.0,52.97,52.546,12.24,0.0,73.55,23.26,10.19,71.5,0.199,0.413
S08952,60.455,20.44,0.0,62.53,60.667,25.87,1.85,68.38,21.1,0.03,71.45,0.212,0.182
S07504,68.167,25.15,17.71,74.5,68.564,24.38,0.0,74.21,24.03,0.0,78.08,0.397,0.223
S09547,65.311,27.02,0.0,73.84,65.493,16.48,0.0,71.57,25.21,0.62,57.01,0.182,0.149
S07514,61.881,21.01,0.0,67.0,62.169,24.78,3.2,68.47,17.74,0.0,67.62,0.288,0.093
S05407,64.006,20.86,0.0,75.97,64.215,16.49,0.0,63.8,20.44,8.73,82.51,0.209,0.345
S07424,50.447,20.94,0.0,67.14,50.747,18.74,0.0,57.38,24.71,1.15,67.84,0.3,0.277
S08327,65.512,22.49,4.29,60.02,65.69,25.53,0.0,82.95,25.95,12.33,56.88,0.178,0.383
S03672,55.998,24.64,0.0,74.24,56.564,23.95,0.0,75.04,22.02,7.34,75.0,0.566,0.372
S00339,75.912,22.63,0.0,73.71,76.056,21.69,0.0,69.04,22.2,6.26,77.02,0.144,0.204
S09224,40.0,29.11,0.0,70.85,40.488,28.46,5.68,90.9,24.07,0.16,71.0,0.488,0.488
S07251,61.693,24.99,0.0,76.45,62.368,26.89,1.33,71.0,25.53,3.75,64.59,0.675,0.224
S01589,66.584,25.48,0.0,63.47,66.841,23.45,17.51,74.27,20.32,6.66,76.7,0.257,0.276
S04830,65.873,21.8,23.91,81.5,66.362,23.25,0.0,68.55,23.14,0.0,63.99,0.489,0.211
S02386,56.984,20.34,0.0,76.34,57.299,27.98,0.0,72.56,22.72,7.4,58.48,0.315,0.303
S01180,65.811,22.61,0.0,67.79,65.991,21.39,19.15,63.09,20.53,0.01,70.09,0.18,0.183
S00915,64.225,25.53,8.51,81.41,64.584,18.86,0.0,74.34,23.82,0.0,83.55,0.359,0.288
S04387,59.938,19.83,0.0,60.1,60.19,25.38,0.0,65.75,22.97,6.69,66.33,0.252,0.257
S05255,73.817,26.86,2.17,72.74,74.002,20.99,0.0,66.73,25.88,0.0,58.82,0.185,0.141
S09382,55.009,26.01,0.0,78.97,55.335,17.14,0.0,65.34,23.87,3.38,73.46,0.326,0.295
S03691,67.261,26.05,6.51,76.9,67.573,23.01,18.12,75.94,25.33,1.75,67.62,0.312,0.182
S09391,70.282,21.74,10.17,72.27,70.467,25.89,0.0,78.44,26.69,10.3,65.27,0.185,0.271
S05328,57.003,16.24,0.0,82.09,57.209,17.59,0.0,85.97,24.76,0.0,75.42,0.206,0.245
S06005,46.129,23.3,0.0,68.7,46.388,21.82,0.0,72.67,19.9,0.0,65.11,0.259,0.319
S01845,67.834,25.93,35.0,66.28,68.306,24.37,0.0,70.58,19.61,2.68,64.89,0.472,0.01
S00504,56.928,18.91,0.0,60.26,57.088,27.68,7.5,71.27,23.57,7.62,73.29,0.16,0.37
S08015,44.485,20.0,0.0,60.91,44.81,26.21,5.09,77.15,21.63,2.18,64.51,0.325,0.385
S05211,60.622,17.39,0.0,68.75,60.884,24.41,23.87,74.03,23.77,11.05,70.89,0.262,0.337
S08867,60.5,26.25,0.0,69.51,60.812,22.6,0.0,69.43,25.98,4.33,66.03,0.312,0.283
S05214,49.132,25.5,6.49,60.5,49.622,25.5,0.0,74.46,22.7,12.71,63.87,0.49,0.395
S02513,76.745,25.5,0.0,69.66,76.881,22.62,5.19,62.56,20.61,2.72,82.36,0.136,0.122
S06684,71.582,21.87,0.0,64.33,71.755,26.34,0.0,79.22,21.29,0.0,79.55,0.173,0.175
S09126,55.458,26.52,0.0,75.24,55.673,27.89,2.56,79.2,21.68,0.0,68.21,0.215,0.224
S08311,63.273,25.46,0.0,64.6,63.519,23.61,0.0,67.69,22.11,0.0,72.96,0.246,0.212
S00093,63.765,25.27,13.52,70.18,64.17,19.86,1.03,56.82,20.19,1.96,56.91,0.405,0.083
S06333,55.745,18.11,0.0,61.61,55.928,21.87,0.0,82.12,21.11,3.27,69.28,0.183,0.248
S06014,76.98,17.05,0.0,64.85,76.99,22.48,0.0,85.63,22.27,2.74,76.42,0.01,0.247
S05849,63.072,22.71,0.0,64.37,63.245,22.59,0.0,74.74,18.8,9.4,64.45,0.173,0.248
S06699,61.498,18.49,1.32,82.7,61.706,19.3,0.0,79.51,25.56,3.62,67.06,0.208,0.293
S08860,59.721,25.52,0.1,66.15,59.94,28.21,0.0,84.73,21.28,0.0,61.56,0.219,0.111
S02021,65.585,17.12,5.75,67.3,65.783,22.6,2.84,71.31,22.49,7.34,75.71,0.198,0.307
S02799,49.551,26.35,0.0,63.9,49.923,22.89,23.84,70.49,23.79,6.06,73.73,0.372,0.392
S01061,71.123,23.25,4.58,82.05,71.333,24.0,0.0,76.75,22.36,0.0,73.32,0.21,0.103
S06375,61.154,22.09,0.0,75.24,61.338,30.84,0.0,77.65,22.76,0.92,62.79,0.184,0.208
S01288,58.48,17.61,0.0,68.94,58.675,23.42,6.46,71.39,23.83,0.0,74.35,0.195,0.312
S04954,66.545,29.01,0.0,65.56,66.867,16.74,0.0,79.78,21.32,0.0,70.28,0.322,0.177
S03197,62.073,14.28,0.0,69.77,62.239,17.41,0.0,64.06,22.34,2.64,67.44,0.166,0.176
S05374,65.358,24.33,12.04,80.72,65.807,19.02,0.0,68.27,23.4,29.63,66.0,0.449,0.498
S03191,64.677,24.15,0.0,63.8,64.951,20.78,0.0,73.86,28.12,0.0,72.53,0.274,0.34
S05812,63.559,27.0,6.92,70.23,63.897,20.69,0.0,72.66,23.51,0.0,74.22,0.338,0.268
S05401,67.836,28.64,0.0,73.34,68.108,27.3,0.0,81.87,24.08,0.0,57.97,0.272,0.131
S03721,49.668,16.36,0.0,75.61,49.945,19.67,0.0,52.74,22.77,16.8,81.73,0.277,0.468
S09005,54.658,23.08,2.43,79.85,54.937,22.63,6.28,73.53,24.54,0.0,73.0,0.279,0.298
S01008,57.084,25.75,0.0,65.96,57.297,17.42,0.0,61.02,23.58,28.13,60.99,0.213,0.554
S04260,58.697,19.54,0.0,61.83,59.014,18.58,0.0,77.8,22.76,7.1,68.61,0.317,0.262
S06485,65.872,27.13,0.0,63.26,66.03,21.28,0.0,85.22,17.86,0.0,55.61,0.158,0.033
S00055,57.979,21.74,0.0,81.03,58.352,15.74,0.0,53.88,26.64,5.6,76.67,0.373,0.429
S07840,65.613,29.54,0.0,82.16,65.765,23.58,0.0,73.15,24.6,9.81,75.08,0.152,0.246
S06634,64.804,24.4,0.0,72.56,64.994,26.12,5.61,81.33,25.25,9.78,68.42,0.19,0.384
S02044,59.737,27.0,5.81,69.15,60.109,24.45,1.55,71.19,23.25,6.39,66.44,0.372,0.201
S02540,72.057,21.41,20.15,67.6,72.309,21.7,0.0,66.53,17.68,2.48,59.18,0.252,0.037
S06270,55.34,20.58,0.0,74.32,55.615,21.33,0.0,79.27,21.52,0.0,73.0,0.275,0.209
S02921,44.205,18.62,5.31,75.68,44.55,21.81,0.0,83.38,23.89,4.56,72.97,0.345,0.418
S02831,52.435,15.83,0.0,78.22,52.611,23.49,7.11,73.14,17.44,0.0,73.88,0.176,0.258
S00385,65.938,28.38,0.0,63.07,66.116,24.92,0.02,60.03,25.28,4.37,65.19,0.178,0.207
S08273,75.82,24.24,0.0,64.6,76.021,24.92,0.0,49.18,21.64,2.02,81.34,0.201,0.163
S01730,60.865,16.39,6.45,61.88,61.061,23.64,0.0,44.01,24.85,0.0,64.53,0.196,0.231
S03878,72.587,27.53,0.0,61.13,72.835,25.36,0.0,72.8,23.82,0.47,70.4,0.248,0.178
S04420,71.455,14.79,0.0,72.36,71.482,26.28,20.19,77.25,23.42,7.13,61.81,0.027,0.188
S05658,61.597,21.79,0.0,61.45,61.829,21.72,0.0,83.42,25.52,3.07,72.92,0.232,0.243
S01152,62.826,24.69,0.0,71.94,63.114,26.7,0.0,75.66,24.1,0.0,69.59,0.288,0.257
S08267,75.761,23.31,0.0,57.69,75.887,24.87,0.12,76.93,23.1,7.12,69.12,0.126,0.156
S00950,49.421,21.5,0.0,72.09,49.704,22.54,0.0,68.23,24.4,7.89,57.41,0.283,0.247
S00848,55.982,16.27,0.0,67.42,56.172,17.15,0.0,68.06,22.77,31.16,72.22,0.19,0.57
S01143,49.081,25.69,0.0,65.37,49.426,22.87,0.0,74.41,20.8,2.88,74.04,0.345,0.341
S00867,60.895,15.58,0.0,74.97,61.066,18.91,0.0,52.43,19.68,2.13,59.04,0.171,0.148
S02167,71.646,25.74,0.0,74.82,71.87,27.99,0.0,77.6,17.9,26.1,78.75,0.224,0.347
S06292,57.722,26.34,0.0,74.48,58.024,22.03,1.33,65.38,24.56,21.37,73.78,0.302,0.455
S00805,68.514,25.61,0.0,52.16,68.785,23.04,0.0,64.96,24.24,10.12,62.0,0.271,0.333
S06670,52.693,24.32,9.31,77.4,53.151,20.64,0.0,48.46,19.65,6.6,55.01,0.458,0.215
S01168,71.519,24.83,0.0,66.57,71.62,19.57,5.69,88.41,24.98,0.0,73.18,0.101,0.167
S06436,56.171,18.72,0.0,57.69,56.288,20.7,1.49,61.87,19.88,0.0,64.69,0.117,0.174
S07872,59.228,19.44,3.97,64.93,59.464,16.83,0.0,58.6,21.94,0.0,62.74,0.236,0.135
S09931,68.802,14.76,0.0,69.03,68.925,20.94,0.0,80.55,24.8,27.28,70.13,0.123,0.492
S09736,62.606,19.36,0.0,68.09,62.898,26.05,0.0,67.86,15.57,1.21,65.55,0.292,0.054
S02219,50.225,26.58,0.0,73.85,50.495,24.26,0.0,61.62,19.52,0.0,62.26,0.27,0.212
S07630,76.266,15.97,0.0,63.71,76.321,23.63,0.03,62.48,21.58,6.41,70.26,0.055,0.12
S05106,69.484,21.52,0.55,68.42,69.6,17.17,0.0,75.07,22.25,2.97,65.68,0.116,0.155
S07935,63.37,14.93,2.55,65.81,63.384,22.9,0.0,69.9,26.1,5.32,53.58,0.014,0.178
S07890,58.836,23.83,0.0,72.81,59.14,24.33,5.67,76.24,22.34,16.49,74.35,0.304,0.425
S06300,60.802,25.81,0.0,76.86,61.02,22.54,0.0,82.23,18.14,0.42,74.94,0.218,0.128
S01679,59.191,29.91,0.0,77.24,59.568,22.24,30.03,71.63,26.93,0.0,70.8,0.377,0.289
S08454,74.476,24.94,0.0,67.34,74.662,25.32,0.39,74.25,23.92,9.36,71.15,0.186,0.284
S06787,73.952,21.38,0.0,57.64,74.254,27.65,0.0,70.87,26.27,2.34,78.09,0.302,0.213
S09921,49.439,20.48,0.0,66.16,49.824,18.55,0.0,72.63,22.41,2.43,83.08,0.385,0.366
S06737,50.286,17.96,0.0,75.02,50.506,21.01,0.0,72.79,23.48,1.64,60.54,0.22,0.29
S09115,46.006,15.56,0.0,62.74,46.221,20.93,0.0,59.79,23.06,0.0,61.75,0.215,0.382
S06574,71.824,19.98,0.0,56.49,71.89,25.7,0.0,65.59,22.48,0.0,43.97,0.066,0.039
S09313,65.442,21.26,6.3,72.92,65.684,26.61,4.77,80.5,23.05,0.0,71.1,0.242,0.2
S03680,57.154,21.66,0.0,67.36,57.435,24.94,0.0,77.72,25.15,0.0,84.58,0.281,0.384
S01099,69.324,26.42,6.54,76.58,69.53,26.93,23.42,86.98,22.48,0.24,65.07,0.206,0.11
S04605,63.298,23.45,0.0,80.92,63.505,23.36,0.0,72.24,25.53,4.91,73.74,0.207,0.227
S05019,69.195,25.05,1.59,82.54,69.438,13.45,0.0,70.83,21.68,7.2,66.55,0.243,0.223
S05598,73.891,24.1,0.0,68.5,74.051,21.13,9.47,63.27,20.21,4.23,60.27,0.16,0.117
S04609,49.968,24.3,0.0,71.56,50.442,22.34,0.0,69.75,18.97,0.0,66.42,0.474,0.23
S08245,64.601,24.31,0.0,59.86,64.701,23.75,0.0,77.54,25.92,12.23,73.75,0.1,0.42
S02625,74.54,25.3,13.69,74.34,74.863,27.7,3.67,75.08,24.73,0.0,64.98,0.323,0.21
S07971,68.601,22.87,0.0,71.54,68.753,23.94,6.04,72.33,21.04,28.32,65.46,0.152,0.371
S07702,60.67,22.58,0.0,57.61,60.869,23.52,0.0,74.69,24.07,0.0,66.91,0.199,0.238
S00784,61.228,23.49,0.0,77.4,61.473,21.61,0.0,76.36,23.9,0.0,71.2,0.245,0.313
S07618,75.028,18.29,0.0,68.13,75.079,26.29,0.0,70.86,26.77,1.56,59.43,0.051,0.16
S08074,63.654,23.84,4.12,83.87,63.941,24.16,0.0,80.55,27.11,0.0,74.53,0.287,0.339
S04680,74.206,20.99,0.0,71.18,74.353,23.84,0.0,56.25,21.0,0.0,78.5,0.147,0.161
S09793,53.711,23.55,0.0,85.57,54.029,19.74,0.0,63.0,22.68,0.0,86.25,0.318,0.309
S06034,68.454,22.02,0.0,60.22,68.646,26.16,0.0,58.49,25.35,7.77,68.75,0.192,0.284
S04137,40.0,29.23,0.0,64.43,40.354,25.91,21.69,58.0,23.37,0.32,57.83,0.354,0.317
S04067,62.178,23.48,0.0,61.6,62.519,24.8,7.72,66.77,22.08,4.13,79.0,0.341,0.209
S07582,68.259,21.67,0.0,66.95,68.467,22.58,6.14,67.78,21.75,1.51,67.05,0.208,0.164
S08625,68.175,22.77,0.0,81.99,68.359,17.1,0.0,78.13,23.97,2.8,74.07,0.184,0.231
S04769,58.921,25.06,5.47,76.27,59.261,17.28,0.0,49.86,25.63,8.58,70.28,0.34,0.407
S09864,78.871,29.99,0.0,74.25,79.104,27.79,0.0,71.51,26.08,6.43,72.31,0.233,0.286
S02652,60.296,27.22,16.25,53.82,60.726,23.23,0.0,82.49,25.08,0.0,66.25,0.43,0.238
S05773,49.976,26.67,11.12,79.18,50.437,24.89,0.0,71.39,20.72,5.27,67.69,0.461,0.279
S06698,75.629,21.82,8.93,72.85,75.86,24.03,0.35,78.05,23.8,0.0,65.25,0.231,0.123
S02581,57.151,26.47,0.0,74.09,57.452,17.84,0.0,57.99,24.53,1.53,64.39,0.301,0.248
S02096,73.63,22.27,0.0,68.61,73.671,17.01,0.0,65.16,18.85,0.0,72.86,0.041,0.087
S06660,62.732,24.69,0.0,71.87,62.93,21.79,1.61,72.93,19.56,0.0,77.98,0.198,0.171
S01746,54.276,28.61,0.0,91.25,54.609,18.94,0.0,54.73,25.9,7.51,74.38,0.333,0.446
S03110,67.756,24.84,5.96,58.23,67.912,17.65,0.0,63.44,23.35,1.4,76.24,0.156,0.175
S01423,53.807,25.15,0.0,75.07,54.117,22.44,0.55,79.34,25.76,6.22,66.53,0.31,0.317
S00248,55.709,25.91,0.0,71.06,55.977,16.72,0.0,57.1,21.98,16.98,63.15,0.268,0.355
S09284,62.762,25.06,0.0,65.94,62.94,25.48,0.0,60.07,24.37,3.93,69.75,0.178,0.253
S02346,78.201,24.97,0.0,78.72,78.383,26.39,0.0,68.13,20.41,0.0,62.16,0.182,0.038
S05263,65.874,16.42,0.0,45.95,66.036,26.24,0.0,79.13,20.66,1.85,58.36,0.162,0.111
S02660,69.005,14.3,0.0,78.24,69.124,25.46,1.84,74.88,28.33,7.2,76.81,0.119,0.402
S06818,62.958,26.55,0.0,82.86,63.304,29.47,3.19,80.29,26.37,21.67,65.01,0.346,0.475
S07619,40.743,23.89,5.18,84.62,41.295,13.42,0.0,64.21,23.13,16.26,79.38,0.552,0.583
S00445,70.558,25.28,0.0,66.48,70.739,22.17,2.47,39.46,26.25,4.21,82.62,0.181,0.25
S00865,41.939,21.89,0.0,79.64,42.214,20.64,11.26,76.17,24.9,0.74,76.27,0.275,0.404
S02082,60.022,26.76,0.0,83.6,60.47,28.59,0.0,63.42,22.53,24.97,86.65,0.448,0.623
S00928,65.588,22.34,0.0,84.8,65.851,27.09,3.98,76.8,25.45,6.57,75.6,0.263,0.273
S00891,79.445,23.25,0.0,54.36,79.503,25.18,0.0,60.96,21.95,7.2,73.81,0.058,0.045
S00574,65.862,23.67,0.0,61.83,66.099,21.11,0.0,72.43,22.15,19.24,66.32,0.237,0.344
S01225,54.991,29.15,0.0,67.03,55.329,22.59,0.0,62.96,22.58,6.49,73.7,0.338,0.332
S01633,71.697,25.18,0.0,71.65,71.752,22.9,0.0,69.63,23.76,5.17,65.92,0.055,0.143
S03342,60.957,16.76,10.43,65.94,61.155,27.51,0.0,74.66,21.54,2.26,64.76,0.198,0.203
S00953,65.675,19.48,0.0,62.92,65.795,26.06,8.56,65.71,25.87,0.0,58.04,0.12,0.223
S07807,65.312,21.87,0.0,63.3,65.504,22.13,0.0,67.26,25.57,15.63,77.97,0.192,0.432
S01219,53.367,19.05,0.0,59.17,53.552,24.76,2.04,61.26,25.25,0.0,68.7,0.185,0.255
S07109,41.953,20.12,0.0,79.19,42.291,24.47,0.0,76.69,23.36,0.0,59.34,0.338,0.294
S09227,60.994,19.48,2.45,66.27,61.181,23.06,0.0,78.57,22.9,2.02,73.98,0.187,0.198
S04756,56.164,20.71,0.0,54.06,56.342,22.79,2.09,61.04,24.26,10.26,66.76,0.178,0.394
S06823,66.13,24.85,7.06,71.31,66.422,18.57,0.0,67.7,21.57,0.0,76.2,0.292,0.311
S08193,65.179,23.19,5.37,65.2,65.331,24.89,2.45,71.49,18.06,1.54,60.79,0.152,0.101
S03085,83.007,20.56,0.0,78.54,83.066,22.75,0.0,64.43,22.78,38.89,70.92,0.059,0.419
S03241,61.688,24.29,0.0,74.19,61.945,28.75,9.18,74.49,21.7,0.0,68.62,0.257,0.206
S01726,49.226,24.48,0.0,61.94,49.521,22.88,6.2,62.93,22.04,1.5,59.77,0.295,0.252
S01498,74.344,23.74,0.0,73.99,74.424,23.43,13.23,71.09,25.89,23.24,83.42,0.08,0.516
S00937,67.884,27.09,0.0,67.96,68.063,21.69,0.0,73.08,25.38,9.23,62.92,0.179,0.353
S07140,53.738,24.23,0.33,71.21,54.366,24.94,0.0,73.52,23.32,3.03,69.98,0.628,0.3
S09748,70.95,26.84,3.82,74.93,71.366,22.01,0.0,65.8,22.03,3.59,69.15,0.416,0.139
S09312,70.616,21.24,0.18,67.16,70.922,24.26,0.05,66.31,24.33,3.73,60.77,0.306,0.135
S02247,63.494,17.05,0.0,61.22,63.658,15.87,0.0,73.41,22.91,1.11,67.68,0.164,0.223
S06106,42.372,22.94,0.0,71.51,42.801,17.88,6.59,73.76,18.96,3.51,71.38,0.429,0.271
S08658,52.154,22.79,0.0,66.13,52.478,20.48,0.0,67.53,24.6,2.71,65.21,0.324,0.313
S09462,59.477,24.57,0.0,70.72,59.785,18.76,3.46,71.29,20.74,6.46,67.5,0.308,0.289
S08986,52.688,25.85,0.0,67.21,52.954,25.41,15.76,63.94,22.66,0.0,73.05,0.266,0.274
S06584,50.086,18.76,0.0,68.42,50.379,23.7,8.83,62.44,23.97,0.0,54.82,0.293,0.191
S09169,64.425,18.2,0.0,74.86,64.638,20.75,0.0,58.59,25.01,0.78,71.44,0.213,0.259
S04168,68.708,25.86,0.0,66.07,68.889,24.31,6.72,71.84,26.35,11.73,62.56,0.181,0.35
S04232,54.393,23.52,0.0,68.79,54.691,26.36,0.0,64.15,23.07,0.0,68.11,0.298,0.273
S07657,44.707,23.0,35.0,81.14,45.366,19.62,0.0,67.73,26.64,19.02,75.94,0.659,0.588
S01459,56.305,23.08,0.0,80.45,56.554,21.7,0.0,72.56,24.85,3.45,85.66,0.249,0.329
S04218,58.098,21.47,0.97,67.83,58.408,17.33,0.0,69.15,19.73,0.0,69.04,0.31,0.18
S08809,60.684,23.35,0.0,60.86,61.039,20.99,0.0,72.65,25.07,1.7,57.95,0.355,0.267
S09803,61.262,20.7,0.0,76.28,61.522,26.84,0.0,52.58,23.98,3.51,74.54,0.26,0.25
S04928,67.818,26.13,0.0,67.35,68.064,21.68,2.15,77.84,17.45,1.17,72.2,0.246,0.111
S08565,66.303,22.78,0.0,64.21,66.543,25.8,0.0,72.1,19.89,0.0,64.69,0.24,0.124
S06955,74.153,22.62,0.0,80.46,74.197,19.73,0.0,57.41,25.51,0.68,71.76,0.044,0.194
S06023,71.291,20.44,0.0,78.83,71.516,22.67,0.0,76.03,19.09,0.0,77.37,0.225,0.104
S00012,68.446,21.33,0.0,57.93,68.585,29.56,0.0,83.44,26.91,3.66,77.96,0.139,0.351
S00187,53.466,28.95,0.0,67.9,53.789,16.15,0.0,76.67,25.38,1.92,65.04,0.323,0.28
S06523,57.934,21.59,33.05,66.73,58.469,16.91,0.99,67.58,19.03,0.0,64.46,0.535,0.092
S05383,56.996,24.6,2.83,73.82,57.25,20.82,0.0,65.74,22.59,3.68,69.95,0.254,0.277
S09098,53.456,14.11,0.0,42.49,53.528,22.25,0.0,64.39,24.64,0.0,69.47,0.072,0.291
S06811,59.249,26.08,0.0,76.98,59.499,19.97,0.0,73.67,18.11,2.41,76.06,0.25,0.219
S05030,57.439,22.98,1.61,72.62,57.719,23.5,0.0,72.29,17.26,0.0,76.41,0.28,0.224
S04334,57.605,17.34,0.0,60.63,57.751,24.65,8.5,58.13,18.59,0.0,57.48,0.146,0.147
S03905,62.667,26.53,0.0,62.07,62.899,20.83,0.0,58.65,24.14,0.0,85.0,0.232,0.259
S03619,49.638,26.2,4.15,62.7,49.918,20.95,22.15,67.94,19.82,5.02,67.26,0.28,0.237
S06257,59.871,25.05,0.0,79.96,60.133,23.3,0.0,64.21,25.25,4.55,70.39,0.262,0.315
S04217,58.853,23.59,0.0,64.19,59.022,18.08,0.0,57.67,23.98,0.0,73.03,0.169,0.281
S03013,52.562,15.7,0.0,52.96,52.709,18.71,0.0,55.87,18.38,0.0,67.41,0.147,0.159
S09229,63.311,25.1,0.0,73.11,63.543,18.13,0.0,53.76,19.15,3.84,64.49,0.232,0.083
S01583,53.897,26.68,6.26,72.21,54.313,26.21,4.69,81.84,20.92,0.04,77.41,0.416,0.248
S05476,48.763,23.33,0.0,73.29,49.072,26.86,0.42,72.03,27.66,1.9,59.85,0.309,0.428
S05150,59.812,24.97,0.0,71.93,60.009,22.43,0.0,77.11,24.08,21.35,62.9,0.197,0.427
S02120,48.801,25.29,18.08,70.72,49.298,20.55,0.0,83.87,23.14,14.87,63.06,0.497,0.394
S09136,49.12,18.77,0.0,65.58,49.414,24.32,14.46,53.84,23.57,0.37,65.82,0.294,0.295
S09872,67.174,23.12,0.0,66.48,67.328,24.49,1.2,62.75,22.59,0.0,79.35,0.154,0.188
S02690,57.883,25.31,0.0,92.43,58.15,23.21,0.0,69.74,25.76,0.86,72.22,0.267,0.282
S05115,57.123,21.19,0.0,63.87,57.335,27.4,19.09,72.34,15.24,0.0,50.41,0.212,0.01
S08109,49.684,27.31,0.08,73.86,50.012,24.5,14.59,67.05,24.03,1.43,66.16,0.328,0.281
S05692,54.02,24.98,0.0,69.35,54.304,24.69,0.0,82.44,25.57,30.3,73.62,0.284,0.624
S01352,56.447,19.95,1.87,57.16,56.605,26.19,0.0,67.33,21.57,19.68,89.2,0.158,0.511
S03293,76.736,19.87,0.0,63.19,76.813,25.26,4.11,82.46,20.75,1.92,68.62,0.077,0.036
S06349,54.538,28.25,0.0,58.45,54.825,27.25,0.0,71.81,22.53,12.37,61.35,0.287,0.331
S09739,63.832,24.82,0.0,76.58,64.163,22.41,16.32,60.2,18.19,0.0,70.57,0.331,0.108
S00378,60.177,24.68,0.0,65.93,60.388,18.49,0.0,71.58,22.35,0.0,70.0,0.211,0.218
S04596,64.719,23.57,0.0,59.4,64.946,24.74,25.13,79.19,26.32,0.0,73.12,0.227,0.284
S09377,57.906,28.14,0.0,72.47,58.14,25.67,0.0,70.81,21.51,0.0,57.73,0.234,0.141
S08256,59.144,24.74,1.82,65.24,59.674,18.75,0.0,54.91,25.01,0.0,68.2,0.53,0.266
S07136,58.8,18.6,0.0,65.73,58.967,28.3,8.14,61.76,21.43,1.14,54.31,0.167,0.159
S07198,69.059,26.27,0.0,64.07,69.281,19.64,4.63,64.5,24.45,10.2,71.01,0.222,0.246
S06285,74.882,25.17,0.0,65.26,75.121,19.94,0.18,63.84,25.05,0.0,67.38,0.239,0.141
S06870,49.82,24.98,4.18,73.66,50.207,21.76,0.0,75.7,28.72,0.0,57.25,0.387,0.339
S09080,63.025,18.72,0.0,70.85,63.252,23.74,0.0,81.63,24.36,3.64,69.48,0.227,0.155
S05833,60.675,27.0,0.0,74.77,60.976,17.63,0.0,65.91,24.67,8.51,71.59,0.301,0.346
S08738,63.923,21.98,13.83,77.22,64.209,26.51,0.0,79.94,22.87,20.38,64.83,0.286,0.41
S03008,73.484,24.52,0.0,80.52,73.735,23.53,0.0,82.77,22.1,0.3,67.97,0.251,0.124
S02490,54.146,20.54,0.0,80.09,54.459,21.39,7.83,65.78,22.3,0.0,76.24,0.313,0.338
S04984,50.719,24.61,6.45,62.55,51.053,22.82,0.0,78.33,25.6,6.05,73.92,0.334,0.448
S01274,62.276,23.1,0.0,75.08,62.648,24.58,15.26,70.16,23.26,0.74,64.04,0.372,0.248
S01516,53.164,21.03,0.0,80.66,53.45,23.59,0.0,73.36,20.97,7.86,64.37,0.286,0.421
S06156,60.063,22.32,0.0,80.91,60.373,21.48,0.0,66.63,23.44,6.83,69.42,0.31,0.327
S04157,61.321,22.23,0.0,70.12,61.553,23.2,0.0,76.11,15.52,1.94,64.29,0.232,0.154
S07781,62.756,16.58,0.0,66.35,63.129,19.96,0.0,63.22,20.94,0.0,60.76,0.373,0.156
S03918,56.926,20.18,0.0,59.29,57.25,24.55,3.76,68.0,23.79,0.0,71.54,0.324,0.23
S05248,65.742,22.21,0.0,76.61,65.947,23.43,0.0,68.59,19.62,5.78,72.23,0.205,0.216
S03546,67.634,28.04,12.09,74.47,68.106,22.43,0.0,59.13,22.31,14.52,75.62,0.472,0.293
S03505,66.208,26.68,0.0,67.8,66.442,25.37,0.0,83.07,23.91,1.52,70.65,0.234,0.221
S02528,71.081,25.62,0.0,68.53,71.304,22.2,0.0,84.88,24.23,2.2,77.21,0.223,0.182
S09333,69.759,16.68,4.29,58.51,69.85,27.23,17.79,68.33,20.18,1.73,71.42,0.091,0.18
S06360,58.82,25.42,6.33,71.94,59.317,25.82,0.0,71.16,20.05,0.0,64.83,0.497,0.183
S06542,61.235,29.07,0.0,65.47,61.553,28.69,0.0,71.23,23.38,3.02,60.14,0.318,0.141
S09314,72.91,26.9,0.0,67.11,72.972,15.63,0.0,64.65,19.24,5.44,66.99,0.062,0.127
S09700,69.251,22.06,0.0,76.07,69.345,26.38,3.89,78.65,25.44,3.84,72.64,0.094,0.192
S06514,59.955,18.96,0.0,62.04,60.128,29.64,0.12,75.38,23.31,16.82,72.63,0.173,0.462
S05136,55.014,20.46,3.41,68.48,55.261,19.83,0.0,60.34,24.29,1.73,68.38,0.247,0.261
S05840,65.96,29.79,0.0,64.64,66.282,22.19,0.0,70.8,26.89,0.0,59.69,0.322,0.247
S06668,55.973,23.5,0.0,82.75,56.125,22.68,0.0,74.11,18.67,0.71,63.18,0.152,0.23
S01322,71.782,27.3,0.0,69.56,71.931,24.9,2.75,79.17,22.75,0.0,64.25,0.149,0.074
S06701,51.66,25.75,0.43,75.77,52.012,20.97,10.08,68.8,21.31,0.0,71.9,0.352,0.367
S07139,61.239,15.2,7.23,72.95,61.367,20.39,0.0,66.94,20.14,2.74,69.12,0.128,0.206
S02380,49.269,21.0,0.0,65.21,49.471,22.27,0.0,75.19,16.72,0.0,59.16,0.202,0.136
S07687,71.934,23.28,11.11,73.25,72.134,22.88,0.0,63.63,29.01,0.0,63.9,0.2,0.258
S09179,40.0,27.82,0.0,57.19,40.296,20.99,0.0,59.89,24.79,8.97,63.11,0.296,0.394
S04461,56.762,27.26,11.73,65.66,57.218,22.19,0.0,76.33,25.26,2.95,65.83,0.456,0.344
S05272,68.545,19.58,0.0,86.31,68.742,20.47,0.0,67.37,24.65,7.76,65.64,0.197,0.243
S05370,68.878,24.25,0.29,71.01,69.1,22.08,0.0,62.12,17.43,0.82,72.24,0.222,0.076
S06564,64.779,27.25,16.19,97.69,65.172,14.15,0.0,59.96,22.54,6.12,75.03,0.393,0.23
S08200,68.463,26.17,10.72,71.91,68.73,19.38,30.07,73.9,18.02,0.83,74.2,0.267,0.119
S01466,57.444,15.13,0.0,59.22,57.531,26.6,0.0,84.45,21.43,3.53,76.07,0.087,0.207
S06119,59.151,18.79,0.0,83.47,59.406,22.8,0.0,55.56,22.42,0.79,76.57,0.255,0.281
S06418,47.662,26.05,0.0,66.43,48.031,25.35,0.0,74.41,21.62,20.62,82.58,0.369,0.514
S00466,54.09,21.52,12.28,72.99,54.421,19.11,0.0,65.77,23.56,4.01,71.54,0.331,0.307
S01334,65.237,22.19,8.11,76.15,65.628,18.2,0.0,73.98,22.75,3.19,71.16,0.391,0.225
S08871,59.968,22.31,0.0,49.86,60.236,25.37,7.15,79.35,15.95,1.15,61.65,0.268,0.046
S06258,74.053,16.6,0.0,69.64,74.128,29.98,0.04,55.48,20.78,8.03,73.27,0.075,0.209
S06447,49.577,17.08,1.62,64.76,49.929,16.86,0.0,72.7,22.92,0.0,66.89,0.352,0.277
S01416,62.045,30.82,24.72,83.92,62.573,20.33,7.43,83.59,20.98,2.05,65.99,0.528,0.16
S09658,80.209,18.8,0.0,65.99,80.242,16.78,0.0,69.61,22.26,9.57,72.62,0.033,0.153
S02496,51.127,26.07,0.0,71.87,51.383,25.5,0.0,66.83,21.73,13.28,76.17,0.256,0.429
S04599,40.918,22.53,0.0,75.1,41.242,18.32,0.0,55.81,17.38,0.0,77.89,0.324,0.352
S00807,75.534,24.36,0.24,74.49,75.773,18.95,0.0,71.35,27.82,7.01,61.91,0.239,0.201
S02813,55.631,27.15,0.0,68.32,55.889,22.82,0.0,77.1,25.01,8.35,76.17,0.258,0.513
S05158,65.436,25.62,1.39,67.16,65.746,20.69,17.46,66.36,24.29,11.79,72.81,0.31,0.341
S03254,58.79,22.16,0.0,63.81,58.937,19.73,0.0,58.63,21.69,13.18,78.72,0.147,0.438
S00015,47.547,17.0,0.0,67.3,47.825,24.03,0.0,71.68,23.89,11.79,62.42,0.278,0.404
S00232,44.874,21.76,0.0,80.07,45.17,18.36,6.87,60.59,21.99,0.0,64.7,0.296,0.288
S01874,52.77,23.76,0.0,74.43,53.086,22.71,0.0,69.85,28.92,1.24,74.95,0.316,0.359
S04870,78.255,21.34,0.0,71.56,78.311,20.8,0.0,79.02,26.38,0.21,57.74,0.056,0.092
S09306,61.924,17.8,0.0,85.58,62.122,17.94,4.35,61.34,20.31,1.44,69.35,0.198,0.173
S06508,48.331,23.72,0.0,76.91,48.593,26.77,0.0,72.35,21.35,0.0,57.35,0.262,0.274
S04456,69.75,20.57,0.0,76.84,69.811,24.14,0.0,65.72,20.88,7.55,67.77,0.061,0.191
S03359,46.046,29.04,0.0,76.76,46.48,26.82,0.0,69.96,20.54,0.0,56.84,0.434,0.19
S03015,71.663,23.83,0.0,66.01,71.865,23.72,8.31,71.26,22.26,2.02,72.49,0.202,0.219
S06528,67.83,22.78,1.49,56.43,67.973,24.9,0.0,61.81,19.89,15.07,67.31,0.143,0.257
S00259,81.339,28.01,0.0,71.29,81.414,24.6,0.0,92.16,25.17,1.1,73.9,0.075,0.107
S07812,71.162,21.9,0.0,69.36,71.362,21.19,16.64,76.59,20.48,5.39,76.35,0.2,0.118
S04953,60.391,19.69,0.0,71.42,60.665,20.81,1.21,53.81,19.32,1.81,66.75,0.274,0.104
S09991,49.314,16.81,0.0,69.08,49.624,22.27,2.7,73.51,20.46,0.45,75.08,0.31,0.263
S02716,63.439,22.46,0.0,57.2,63.616,25.98,0.0,71.91,22.61,1.57,70.52,0.177,0.2
S03814,52.8,15.23,6.17,69.05,53.02,27.61,0.44,71.13,22.79,0.41,61.71,0.22,0.178
S02147,55.266,19.83,0.0,61.63,55.447,22.88,0.0,63.61,16.2,2.06,77.5,0.181,0.218
S05027,76.053,23.15,0.0,73.95,76.126,24.51,2.86,67.43,25.1,1.41,74.17,0.073,0.225
S01037,64.496,23.95,2.94,53.83,64.645,22.64,3.5,79.13,29.75,2.77,68.8,0.149,0.32
S03244,59.189,20.8,0.0,67.67,59.508,21.17,0.0,69.86,25.09,0.08,73.06,0.319,0.251
S06438,61.095,25.8,0.0,61.83,61.341,27.08,0.0,58.48,26.16,0.0,76.24,0.246,0.287
S06170,62.396,25.96,0.0,63.58,62.708,26.63,5.93,64.62,24.1,18.02,60.68,0.312,0.394
S00510,56.301,26.29,4.32,80.55,56.564,21.29,0.0,73.39,21.45,2.33,74.35,0.263,0.361
S08829,51.881,17.84,0.0,64.01,52.097,21.07,4.74,78.0,25.43,2.55,72.01,0.216,0.374
S01503,59.329,23.04,0.0,82.8,59.563,21.62,0.0,75.41,24.98,2.51,80.26,0.234,0.282
S07085,46.837,26.22,0.0,73.45,47.252,24.28,0.0,59.5,23.07,3.24,66.28,0.415,0.334
S05241,56.085,21.8,0.0,70.52,56.429,22.16,0.0,67.35,28.88,0.0,79.43,0.344,0.457
S05870,56.458,23.47,0.0,59.31,56.614,20.06,0.0,71.55,28.88,0.75,66.73,0.156,0.333
S04808,78.934,29.4,0.0,73.17,79.2,22.86,0.0,75.94,23.89,7.3,74.3,0.266,0.176
S00772,71.332,26.05,0.0,68.15,71.396,24.51,0.0,73.09,21.69,3.25,78.9,0.064,0.165
S04593,53.49,27.51,0.0,66.0,53.894,24.42,0.0,72.04,25.12,2.48,71.59,0.404,0.369
S07682,46.257,21.95,5.16,77.62,46.586,24.28,0.65,70.0,23.0,0.0,74.06,0.329,0.335
S03074,52.887,25.35,0.0,63.9,53.127,21.82,0.0,66.74,24.82,1.84,70.4,0.24,0.316
S05208,67.5,23.37,1.93,59.72,67.732,20.05,0.0,57.72,23.32,0.0,71.8,0.232,0.223
S01147,68.525,22.77,0.0,65.58,68.727,24.18,0.0,71.33,19.16,1.76,78.33,0.202,0.144
S00582,52.204,26.11,4.68,79.65,52.709,21.5,1.23,75.6,18.58,0.0,76.29,0.505,0.246
S01755,69.369,25.7,0.0,64.76,69.551,20.82,0.0,57.74,19.99,2.51,70.0,0.182,0.167
S02184,46.374,21.39,0.0,71.95,46.665,20.98,0.0,62.21,21.24,0.44,64.28,0.291,0.255
S03896,73.614,26.26,0.0,58.05,74.145,18.11,0.0,52.69,20.2,3.99,65.29,0.531,0.121
S00041,54.544,25.42,0.0,72.99,54.791,18.03,0.0,70.61,22.23,30.54,67.93,0.247,0.566
S00562,65.911,22.41,0.0,68.92,66.111,25.27,3.52,64.33,19.84,0.0,64.78,0.2,0.076
S00686,53.367,26.19,3.59,72.04,53.62,24.44,0.0,74.57,23.32,2.09,80.84,0.253,0.282
S07042,47.363,24.44,0.0,76.95,47.675,30.46,0.0,74.48,21.15,0.04,64.35,0.312,0.211
S07442,65.929,21.18,0.0,66.52,66.084,22.04,2.5,90.46,23.71,5.3,66.98,0.155,0.27
S09603,55.792,22.43,0.0,66.44,56.06,20.74,0.0,58.25,22.21,12.28,70.38,0.268,0.475
S05052,56.089,26.47,0.0,66.87,56.54,20.92,0.0,64.98,23.05,18.16,57.85,0.451,0.33
S02865,54.572,20.93,15.32,83.93,54.932,24.16,0.0,75.41,21.57,1.47,61.36,0.36,0.256
S07432,74.941,24.86,0.0,67.07,75.145,25.07,0.0,64.29,22.82,6.07,62.69,0.204,0.161
S08901,62.611,18.15,0.0,60.2,62.748,25.57,0.0,67.28,21.64,10.22,63.23,0.137,0.243
S06164,75.073,19.54,0.0,79.11,75.162,24.79,8.25,74.88,16.97,15.14,71.4,0.089,0.171
S08028,81.029,23.79,0.0,72.47,81.184,21.3,0.6,77.0,23.41,2.71,61.4,0.155,0.112
S00564,65.172,24.64,10.02,65.67,65.435,23.92,0.0,67.26,23.16,2.74,69.28,0.263,0.201
S03126,40.0,17.51,2.46,68.86,40.349,25.42,0.0,56.08,27.4,3.74,67.68,0.349,0.425
S04501,70.188,25.8,0.0,56.54,70.27,19.28,3.06,82.94,22.31,0.0,65.08,0.082,0.129
S04669,53.42,23.83,0.0,69.89,53.697,25.02,0.0,65.38,24.96,2.89,65.62,0.277,0.389
S09359,71.569,23.04,0.0,65.69,71.635,23.87,0.0,75.82,17.9,0.21,55.66,0.066,0.035
S03180,57.504,28.14,0.0,65.05,57.81,19.18,0.0,70.06,23.81,0.26,76.38,0.306,0.372
S05570,61.987,28.76,0.0,66.57,62.259,26.59,0.0,69.22,22.57,2.88,63.22,0.272,0.159
S02359,81.2,23.32,0.0,59.73,81.283,23.43,0.0,75.66,22.6,0.0,81.21,0.083,0.065
S07666,60.619,25.86,0.0,55.16,60.82,22.71,2.14,65.67,20.8,27.69,78.55,0.201,0.509
S03252,51.234,18.85,0.0,48.28,51.437,24.12,0.0,73.66,21.67,0.94,78.95,0.203,0.309
S09889,63.033,21.83,0.0,69.53,63.207,26.13,0.0,66.88,21.8,3.06,69.5,0.174,0.213
S02992,57.266,22.57,6.76,84.09,57.625,24.46,0.0,67.81,25.25,3.54,68.16,0.359,0.239
S02411,73.402,22.42,0.0,83.75,73.584,22.72,0.0,58.78,24.99,8.91,76.5,0.182,0.312
S00782,65.567,23.22,0.0,68.23,65.804,18.7,0.0,56.41,29.48,9.95,78.78,0.237,0.495
S08940,55.359,24.66,0.0,57.71,55.577,17.98,0.0,70.26,21.48,17.48,71.28,0.218,0.408
S02316,75.7,24.92,2.77,88.41,76.01,26.55,4.81,60.68,20.79,0.0,63.4,0.31,0.068
S00271,68.587,14.51,0.0,72.44,68.712,22.49,0.0,72.4,22.36,9.98,84.17,0.125,0.296
S05706,62.295,22.69,0.0,81.18,62.668,24.86,1.01,62.15,27.04,4.51,68.91,0.373,0.293
S09135,61.784,26.01,8.18,63.34,62.085,19.17,0.0,77.89,21.64,0.0,71.31,0.301,0.15
S03270,77.636,22.83,0.0,63.93,77.737,22.65,8.91,59.94,20.04,0.26,72.96,0.101,0.035
S06592,55.152,29.44,0.0,66.06,55.468,20.18,0.0,80.22,23.59,0.0,64.81,0.316,0.291
S00235,59.189,25.52,0.0,74.4,59.497,17.28,0.0,56.3,26.42,25.1,86.11,0.308,0.586
S00854,68.027,15.17,0.0,76.57,68.271,22.88,0.0,54.68,26.52,0.65,73.38,0.244,0.24
S01014,61.179,29.38,0.0,62.81,61.435,27.67,1.64,78.91,18.41,0.0,80.18,0.256,0.221
S04488,56.114,26.69,20.38,60.87,56.606,23.2,0.0,73.5,28.36,0.0,74.55,0.492,0.39
S04341,62.677,23.98,0.0,68.12,62.891,22.98,1.71,58.21,23.95,21.58,86.12,0.214,0.493
S06434,63.044,26.03,0.0,78.53,63.269,24.86,0.14,78.47,21.98,0.0,52.13,0.225,0.111
S06585,56.958,25.87,0.0,69.52,57.185,22.0,0.0,71.8,21.3,0.0,69.51,0.227,0.269
S07698,65.807,21.96,0.0,76.82,65.912,23.95,1.99,64.29,20.88,0.0,67.07,0.105,0.141
S05418,54.457,17.14,1.16,65.78,54.704,22.09,0.0,82.55,22.93,7.4,75.5,0.247,0.285
S08270,69.835,26.29,0.0,75.78,70.236,29.82,9.38,62.72,26.85,0.0,83.74,0.401,0.27
S08552,59.749,25.01,0.0,68.68,60.025,21.76,4.89,80.5,26.74,20.19,59.04,0.276,0.428
S03143,52.526,21.95,0.0,79.39,52.839,24.36,0.0,80.44,18.62,3.88,63.72,0.313,0.118
S08364,56.157,23.17,0.0,72.35,56.305,19.07,13.64,60.37,25.04,0.0,67.33,0.148,0.295
S06939,48.452,28.39,0.0,81.91,48.798,20.43,0.0,66.95,23.86,3.83,68.18,0.346,0.333
S04245,67.268,26.79,0.0,65.19,67.528,19.68,0.0,62.64,25.62,1.26,70.81,0.26,0.167
S03404,58.602,21.44,0.0,73.5,58.864,22.77,0.0,75.28,22.72,0.62,57.25,0.262,0.112
S00423,62.686,22.45,0.0,71.43,62.974,21.23,0.0,74.62,22.44,28.74,70.0,0.288,0.491
S06918,53.114,16.71,0.0,70.11,53.607,22.0,35.0,78.31,20.09,4.24,75.46,0.493,0.256
S07763,83.579,18.82,0.0,61.32,83.644,17.35,0.0,67.42,27.21,0.0,63.73,0.065,0.116
S00571,54.041,23.83,5.93,76.46,54.52,23.1,0.0,53.65,22.8,2.46,74.4,0.479,0.236
S04706,65.448,28.13,14.79,86.0,65.89,25.4,0.0,75.92,23.15,2.08,79.01,0.442,0.196
S00137,53.358,31.18,8.01,77.74,53.824,21.99,5.99,65.71,23.15,4.36,71.09,0.466,0.272
S01401,57.182,21.4,0.38,89.55,57.415,28.19,0.0,68.07,23.0,0.68,80.51,0.233,0.342
S06583,70.811,23.61,0.0,66.04,70.98,22.86,0.0,65.73,22.3,9.25,57.74,0.169,0.195
S07503,63.406,21.15,6.15,55.59,63.643,20.22,0.0,80.23,24.96,10.16,77.97,0.237,0.306
S08637,62.214,19.03,0.0,66.86,62.474,18.11,0.0,68.27,18.6,4.09,61.82,0.26,0.169
S03993,66.898,21.96,0.14,76.79,67.102,18.77,0.0,55.51,28.04,14.27,70.79,0.204,0.419
S04851,57.741,23.5,1.19,74.78,58.039,27.43,0.0,60.55,31.74,15.48,69.38,0.298,0.62
S07318,61.239,24.2,0.0,69.0,61.374,15.93,0.0,69.75,19.09,1.22,80.05,0.135,0.188
S01053,74.513,13.53,0.0,60.82,74.717,28.15,0.0,68.82,20.88,0.05,76.83,0.204,0.111
S04861,63.269,25.72,1.42,77.29,63.457,22.25,0.0,69.25,24.84,16.31,74.54,0.188,0.362
S09454,46.749,18.36,3.02,73.88,47.049,23.69,0.0,55.49,25.76,28.98,65.88,0.3,0.619
S05188,63.232,20.38,0.0,68.13,63.496,24.71,24.11,62.73,22.19,0.16,58.73,0.264,0.191
S06761,70.48,26.66,0.0,62.22,70.794,21.44,0.0,78.83,30.22,0.0,83.01,0.314,0.334
S09244,57.026,24.59,0.0,75.24,57.282,20.97,0.0,64.83,26.67,10.25,81.49,0.256,0.409
S02692,65.434,14.82,0.0,69.12,65.579,24.72,8.86,57.44,16.72,13.66,54.83,0.145,0.126
S02040,69.582,25.02,28.55,81.62,70.173,18.98,0.0,68.61,25.55,0.0,87.55,0.591,0.296
S06988,56.518,22.44,22.11,75.73,56.986,22.17,3.75,77.28,24.65,0.27,77.53,0.468,0.334
S06253,62.618,25.48,0.0,79.55,62.891,19.14,0.0,62.74,25.96,0.0,69.18,0.273,0.2
S02794,46.123,25.89,0.0,76.3,46.434,23.74,0.0,75.4,26.37,1.36,69.27,0.311,0.334
S06971,61.117,26.74,0.0,77.33,61.473,25.19,0.0,71.11,20.8,0.49,70.48,0.356,0.256
S06709,70.734,18.42,0.0,56.05,70.772,19.51,0.0,70.05,22.23,3.31,67.1,0.038,0.166
S05794,73.364,22.96,0.0,71.59,73.87,26.68,0.0,60.94,21.9,0.43,76.52,0.506,0.124
S00521,70.855,21.28,0.0,48.56,70.941,26.19,0.0,59.79,21.05,17.18,75.21,0.086,0.243
S04551,46.917,18.7,2.58,80.82,47.35,20.87,2.26,64.8,19.19,0.0,69.8,0.433,0.218
S09078,50.173,20.85,0.0,66.65,50.477,20.44,0.0,81.32,24.92,4.8,55.87,0.304,0.322
S01527,61.166,14.74,0.0,72.48,61.309,23.87,0.0,60.93,23.54,2.88,75.33,0.143,0.239
S04131,57.461,26.82,0.0,72.06,57.724,26.91,4.0,79.55,26.04,20.71,70.94,0.263,0.513
S08488,79.963,22.72,1.1,71.11,80.314,24.08,0.0,74.39,19.4,0.0,76.25,0.351,0.084
S07162,64.937,19.58,9.48,60.51,65.094,24.86,0.0,81.31,22.5,3.6,67.33,0.157,0.215
S09795,53.171,26.96,0.0,62.75,53.478,21.91,0.0,71.3,23.75,10.38,79.67,0.307,0.461
S07715,50.857,23.7,0.0,68.97,51.148,22.41,1.12,66.27,19.44,1.11,71.79,0.291,0.19
S02512,56.072,19.85,0.0,66.55,56.304,18.83,0.0,73.32,21.3,0.91,66.0,0.232,0.214
S05475,58.197,23.62,2.08,66.31,58.396,30.48,0.0,90.64,21.06,0.63,71.49,0.199,0.165
S00267,51.829,23.48,0.0,85.3,52.295,15.99,0.0,72.61,20.62,1.16,68.31,0.466,0.21
S02972,54.998,25.55,0.0,69.19,55.381,21.86,6.78,72.41,22.0,15.66,69.46,0.383,0.281
S07066,62.767,21.57,0.0,62.0,62.952,24.63,17.9,62.08,21.12,0.0,59.65,0.185,0.118
S04287,65.23,24.5,5.58,93.68,65.693,21.94,0.0,74.29,23.97,3.15,66.91,0.463,0.222
S04040,48.232,27.26,0.13,56.68,48.589,22.92,0.0,69.34,17.39,2.83,73.6,0.357,0.214
S06448,60.939,20.79,0.0,73.27,61.176,21.9,0.0,79.33,24.26,0.0,62.5,0.237,0.264
S07809,52.306,20.56,0.0,63.52,52.54,23.87,0.0,57.46,22.01,9.21,73.6,0.234,0.485
S02613,56.657,20.04,0.0,60.15,56.877,24.97,0.0,73.32,25.92,3.24,72.84,0.22,0.383
S01848,51.652,22.32,0.0,85.4,51.99,23.11,25.36,87.97,18.74,12.34,75.5,0.338,0.352
S09358,61.484,20.81,0.0,70.23,61.637,28.26,0.0,71.48,25.45,1.36,67.26,0.153,0.243
S03945,68.563,20.13,0.0,70.06,68.82,26.55,1.73,69.22,21.46,22.89,61.76,0.257,0.337
S05807,61.306,22.35,0.0,66.5,61.65,18.95,0.0,65.31,27.96,36.03,71.39,0.344,0.66
S00416,72.841,24.71,0.0,74.49,73.028,18.95,0.0,46.45,24.16,0.0,59.36,0.187,0.145
S09784,63.132,23.35,0.0,75.31,63.533,30.22,0.0,62.81,23.86,3.18,80.67,0.401,0.264
S05913,76.993,21.64,0.0,73.07,77.112,21.38,0.0,77.48,25.51,0.0,84.08,0.119,0.253
S03646,48.472,23.2,0.0,66.25,48.718,26.59,0.0,73.43,26.48,44.67,84.31,0.246,0.821
S07565,59.539,19.0,0.0,58.02,59.723,17.65,0.0,64.33,22.1,0.83,61.4,0.184,0.187
S05225,55.329,24.4,0.0,75.33,55.758,22.23,22.82,83.93,28.42,0.0,75.33,0.429,0.347
S05175,58.839,18.87,0.0,61.31,58.916,16.57,0.82,68.59,21.98,23.18,66.43,0.077,0.434
S01075,51.81,29.21,0.0,74.81,52.187,20.5,0.69,39.52,21.82,0.26,61.42,0.377,0.185
S00480,73.467,23.32,0.0,79.41,73.63,26.66,0.0,72.3,17.2,12.82,64.12,0.163,0.147
S00524,70.696,24.81,0.0,59.79,71.283,22.64,0.0,69.28,19.9,0.0,67.43,0.587,0.01
S06155,68.473,23.41,20.25,67.24,68.742,23.05,0.0,65.65,24.8,1.19,78.01,0.269,0.241
S08131,63.799,25.18,0.0,61.93,64.004,18.47,0.0,55.02,19.78,0.0,69.97,0.205,0.14
S08799,58.57,25.55,0.0,66.27,58.963,21.09,0.0,72.57,22.3,0.0,74.28,0.393,0.27
S06467,64.243,22.33,0.0,71.4,64.47,24.47,20.35,67.11,22.6,4.53,78.41,0.227,0.31
S02497,58.49,18.32,0.0,73.89,58.715,20.39,0.0,67.64,18.53,0.0,63.3,0.225,0.181
S00257,68.434,24.74,0.0,66.45,69.021,27.3,3.78,65.44,21.06,0.0,60.75,0.587,0.027
S00830,68.36,22.07,9.51,81.51,68.7,25.35,3.64,80.31,25.7,0.2,68.65,0.34,0.202
S06391,63.314,24.36,0.0,75.13,63.511,22.72,0.61,77.53,26.17,20.05,58.01,0.197,0.367
S06937,66.341,22.22,13.22,79.37,66.657,28.3,6.09,81.35,26.2,0.0,92.51,0.316,0.363
S02296,66.39,22.58,9.42,63.92,66.728,19.48,0.0,62.86,21.24,0.0,78.64,0.338,0.303
S04539,53.114,26.33,0.0,76.37,53.472,20.36,1.12,68.35,22.55,7.3,81.56,0.358,0.374
S09464,66.581,23.93,0.0,81.21,66.785,17.54,0.0,64.9,22.68,6.51,77.24,0.204,0.249
S08300,65.89,25.6,4.06,72.33,66.19,24.5,0.0,59.19,26.21,0.08,62.38,0.3,0.279
S00387,60.731,24.85,0.0,69.48,60.947,18.32,0.0,72.45,22.94,0.0,73.26,0.216,0.232
S02453,63.702,24.79,1.87,70.54,63.991,22.02,0.0,69.17,22.62,4.02,77.44,0.289,0.251
S08118,66.099,20.19,2.12,64.04,66.452,16.77,0.0,63.7,28.59,0.83,69.35,0.353,0.312
S09150,56.328,14.85,0.0,56.35,56.476,22.65,0.0,64.13,23.35,28.58,56.5,0.148,0.485
S02670,40.0,20.26,0.0,60.47,40.341,23.73,7.46,88.98,24.06,0.0,75.88,0.341,0.347
S08881,79.636,24.01,29.05,69.58,80.0,25.31,0.0,57.78,25.24,6.11,69.91,0.364,0.214
S01642,64.15,20.92,0.0,65.88,64.351,25.74,0.0,66.54,16.82,1.53,69.36,0.201,0.107
S08941,84.878,18.25,0.0,66.65,84.888,25.71,0.0,72.55,21.71,10.44,73.09,0.01,0.215
S01086,67.334,24.83,0.0,77.21,67.61,21.52,0.0,64.44,20.17,0.0,70.67,0.276,0.028
S01770,57.712,17.49,0.0,74.19,57.989,18.16,0.0,62.28,25.88,3.97,78.47,0.277,0.396
S07854,64.958,23.13,6.99,74.4,65.191,25.96,0.0,70.39,22.19,21.91,77.1,0.233,0.454
S03585,51.973,17.66,0.78,57.51,52.177,19.09,0.0,74.38,24.33,30.38,78.77,0.204,0.682
S03946,66.294,32.99,0.0,77.61,66.508,23.21,2.72,84.91,20.72,2.67,72.23,0.214,0.106
S01946,71.475,21.75,0.0,81.68,71.762,24.89,0.0,72.23,24.54,0.0,65.96,0.287,0.159
S01663,60.953,21.92,0.0,59.88,61.081,23.15,1.93,52.75,18.87,0.0,57.17,0.128,0.127
S02615,46.667,18.95,0.21,78.12,46.927,19.12,0.0,56.13,23.17,0.0,66.71,0.26,0.303
S09633,59.297,18.52,0.0,65.63,59.546,25.54,0.0,72.2,20.98,3.62,67.05,0.249,0.167
S00731,50.017,22.22,0.0,56.11,50.303,26.16,5.24,65.47,25.96,10.79,64.95,0.286,0.579
S08055,64.567,18.94,0.0,81.7,64.687,24.64,0.0,66.86,24.21,0.0,77.62,0.12,0.33
S00043,54.692,26.62,2.36,72.2,54.923,22.8,0.0,65.88,21.26,10.05,67.56,0.231,0.269
S03526,64.668,26.01,0.0,69.91,64.801,23.96,0.0,74.87,21.23,4.48,70.26,0.133,0.197
S05481,64.974,25.35,16.79,76.23,65.483,14.36,0.0,57.59,24.09,21.97,67.78,0.509,0.486
S04466,56.109,27.03,0.0,81.4,56.427,26.86,0.0,82.93,23.36,0.81,65.53,0.318,0.172
S00161,68.58,25.02,0.0,68.27,68.886,25.22,3.88,69.47,23.45,0.68,80.21,0.306,0.234
S08569,59.63,24.05,0.0,67.25,59.867,26.72,0.0,70.36,23.93,6.07,77.35,0.237,0.379
S00229,66.727,24.89,0.0,69.98,66.942,20.14,0.0,59.97,24.92,0.0,66.38,0.215,0.201
S05652,62.378,21.36,0.0,59.09,62.591,27.85,18.52,59.4,24.54,6.68,82.25,0.213,0.315
S02404,70.923,22.04,0.0,65.49,70.998,21.33,0.0,65.53,24.35,0.0,66.5,0.075,0.165
S02214,57.591,31.56,1.81,71.47,57.825,23.9,0.01,77.12,23.45,1.12,73.34,0.234,0.306
S03251,70.796,24.3,0.0,73.49,71.025,24.49,0.0,87.84,21.46,5.73,67.74,0.229,0.134
S07998,65.15,15.99,0.0,51.51,65.277,24.3,3.78,67.1,26.31,23.46,64.03,0.127,0.423
S03522,57.95,25.73,0.47,80.17,58.465,22.6,4.51,74.53,26.79,1.2,82.07,0.515,0.402
S01463,70.755,27.73,0.0,88.88,71.245,22.81,0.0,69.78,22.89,2.99,71.83,0.49,0.115
S09292,75.583,22.63,6.32,60.71,75.799,27.39,12.23,73.18,27.35,0.0,66.84,0.216,0.157
S08873,57.108,24.69,21.16,54.6,57.737,27.19,0.46,84.06,23.8,0.0,71.05,0.629,0.312
S01024,63.475,16.15,0.0,67.64,63.623,25.26,0.0,76.91,21.65,0.0,73.84,0.148,0.22
S02930,55.841,23.5,0.0,72.76,56.176,21.74,3.42,59.83,21.31,15.25,74.86,0.335,0.465
S03455,60.389,19.7,0.0,67.67,60.556,15.29,0.0,80.51,23.76,7.26,67.31,0.167,0.26
S09004,60.274,24.07,0.0,61.68,60.564,18.0,0.0,63.77,24.76,0.0,76.94,0.29,0.256
S00247,65.066,26.11,9.39,70.93,65.513,21.88,29.63,82.84,21.05,0.0,64.2,0.447,0.076
S09703,63.88,22.19,0.0,65.12,64.134,28.5,0.0,67.84,25.51,0.0,63.11,0.254,0.224
S05688,61.161,21.98,0.0,68.47,61.4,24.41,0.0,74.21,23.23,1.76,82.08,0.239,0.355
S00345,70.548,28.36,23.09,84.03,71.113,24.77,0.0,96.65,24.24,12.91,75.85,0.565,0.362
S08991,54.04,27.37,0.0,77.24,54.476,23.03,14.13,75.85,24.1,1.56,60.7,0.436,0.229
S01058,59.646,15.13,0.0,62.97,59.797,22.56,0.0,61.76,18.74,0.0,64.97,0.151,0.169
S08591,79.145,24.03,3.13,69.03,79.331,21.94,0.0,68.49,23.72,3.76,78.37,0.186,0.138
S02466,43.999,23.38,0.0,75.26,44.369,28.35,1.42,81.52,22.84,8.01,64.51,0.37,0.368
S03789,75.988,24.73,0.0,73.29,76.118,19.04,0.0,69.24,20.85,22.74,75.43,0.13,0.362
S05705,67.559,24.46,0.0,70.58,67.791,26.29,0.0,67.87,20.34,0.0,69.99,0.232,0.103
S05220,55.715,16.82,12.01,64.19,56.111,25.03,0.0,66.21,27.64,8.64,81.3,0.396,0.449
S03802,76.57,25.85,0.0,80.98,76.823,27.4,0.0,65.95,20.91,5.27,62.16,0.253,0.087
S03547,49.555,28.0,0.0,81.16,49.957,20.47,0.0,80.73,25.9,29.3,66.4,0.402,0.694
S09444,60.493,22.81,0.0,61.24,60.69,21.28,0.0,64.59,24.24,5.97,68.75,0.197,0.251
S05736,59.646,27.88,0.0,61.58,60.039,27.65,0.0,76.62,21.17,0.0,69.82,0.393,0.146
S04014,62.814,16.37,0.0,63.55,63.01,20.33,1.43,77.84,24.7,9.28,75.49,0.196,0.351
S07400,53.433,24.14,0.0,64.69,53.672,22.56,0.0,67.3,21.37,0.0,67.0,0.239,0.282
S00512,65.966,19.76,0.0,76.41,66.182,20.94,0.0,54.91,24.01,19.7,84.55,0.216,0.551
S06993,65.147,22.38,6.94,67.77,65.299,23.5,0.0,66.87,24.22,1.94,73.96,0.152,0.227
S00597,63.898,21.77,0.67,62.57,64.106,19.58,0.0,66.1,23.11,8.15,68.24,0.208,0.29
S04419,63.414,21.37,0.0,72.63,63.663,23.06,0.0,75.59,24.68,12.51,62.57,0.249,0.295
S02337,57.265,24.79,0.0,78.47,57.513,18.12,0.0,58.96,22.99,34.94,62.01,0.248,0.544
S02645,66.28,25.24,0.0,69.92,66.562,27.0,0.0,67.88,22.25,8.87,71.26,0.282,0.199
S05668,63.814,23.73,0.0,73.78,64.014,22.76,17.7,71.03,17.94,0.0,72.4,0.2,0.116
S09987,48.527,26.5,0.0,70.06,48.989,18.09,4.18,59.46,20.68,6.17,88.04,0.462,0.477
S05303,65.096,25.0,0.0,67.67,65.455,30.31,0.0,73.63,21.83,6.92,79.47,0.359,0.283
S09137,60.341,21.7,15.77,78.54,60.716,20.99,0.0,73.52,15.99,3.44,78.37,0.375,0.184
S02965,51.688,24.39,0.0,79.64,51.957,21.84,3.07,78.68,22.83,0.4,61.87,0.269,0.29
S07387,47.376,20.23,0.0,62.73,47.661,21.16,0.0,67.84,25.84,1.96,74.0,0.285,0.449
S08753,51.954,23.0,0.0,85.09,52.246,25.59,16.06,84.29,25.12,0.0,64.87,0.292,0.335
S06207,62.631,30.32,0.0,74.34,63.008,22.75,33.66,70.73,19.13,0.0,77.05,0.377,0.211
S06792,54.895,22.26,0.0,64.94,55.067,21.33,0.0,80.98,24.71,15.4,76.24,0.172,0.535
S07923,66.402,25.44,0.0,70.62,66.482,25.72,0.0,78.95,26.14,13.83,78.75,0.08,0.386
S08148,58.627,22.98,0.0,77.65,58.915,24.37,0.0,65.49,22.12,7.03,78.2,0.288,0.333
S04485,51.203,23.85,0.0,63.98,51.526,17.97,0.0,68.92,26.2,3.49,74.15,0.323,0.384
S05148,66.238,23.59,2.73,65.78,66.383,25.68,0.0,98.0,20.15,0.0,62.59,0.145,0.127
S07499,63.99,13.66,0.0,62.14,64.171,25.2,2.5,77.01,14.54,0.0,75.31,0.181,0.134
S02962,61.862,22.74,0.0,71.47,61.988,27.74,0.0,65.0,22.19,19.49,67.59,0.126,0.417
S04598,68.238,28.47,0.0,63.51,68.455,23.57,0.0,68.91,20.99,0.0,60.32,0.217,0.168
S02783,59.983,24.61,0.0,64.4,60.226,18.83,3.92,74.36,24.05,0.0,56.69,0.243,0.229
S06795,75.078,23.32,0.0,56.14,75.176,26.43,0.0,60.18,25.73,0.0,55.29,0.098,0.117
S03720,60.456,22.41,0.0,66.04,60.807,24.88,17.74,65.98,21.24,0.83,73.88,0.351,0.199
S08534,57.905,17.5,0.71,59.12,58.386,27.18,2.28,77.14,24.76,3.56,76.34,0.481,0.317
S03728,75.951,20.03,2.92,64.15,76.03,23.32,19.57,72.3,24.42,0.0,79.1,0.079,0.147
S09565,58.035,17.34,0.0,69.61,58.149,24.77,0.0,62.25,23.97,0.0,68.23,0.114,0.25
S05295,66.712,19.46,0.0,74.84,66.849,14.17,0.0,64.0,21.03,13.37,60.11,0.137,0.2
S07790,74.584,27.42,1.66,76.96,74.967,17.59,0.0,85.91,23.83,0.7,66.88,0.383,0.19
S09369,58.026,26.5,8.15,70.72,58.439,27.12,6.78,67.63,24.88,2.36,69.44,0.413,0.219
S00356,57.093,23.08,0.0,61.7,57.227,24.24,0.0,79.71,21.51,4.12,71.53,0.134,0.198
S06114,71.753,16.97,4.0,63.55,71.89,23.21,8.31,75.45,27.11,7.26,62.04,0.137,0.252
S05695,55.691,26.49,0.0,80.93,55.969,23.61,25.09,78.07,19.22,2.19,58.85,0.278,0.123
S08000,69.946,18.41,0.0,67.27,69.992,22.86,0.0,63.09,24.23,0.0,75.29,0.046,0.213
S05367,67.669,24.23,1.24,59.73,67.819,18.76,0.0,80.61,23.19,1.58,74.11,0.15,0.221
S08682,72.298,22.34,0.0,63.32,72.446,22.44,0.0,73.84,22.63,3.13,86.72,0.148,0.213
S06844,64.748,31.51,0.0,83.21,65.181,22.62,0.0,74.31,17.87,0.0,76.72,0.433,0.141
S03692,63.575,24.87,13.69,54.82,63.815,25.69,0.0,81.38,23.36,0.0,69.81,0.24,0.217
S07343,71.305,24.43,0.0,68.87,71.484,15.16,0.0,77.95,24.04,1.78,76.23,0.179,0.188
S00879,59.494,24.83,0.0,72.15,59.749,18.98,0.0,64.64,18.27,6.57,71.83,0.255,0.137
S09563,55.819,23.24,0.0,56.26,56.191,25.57,4.37,66.12,19.89,0.0,63.86,0.372,0.162
S01626,57.552,20.93,0.0,76.22,57.874,24.44,0.0,68.54,20.66,3.03,72.22,0.322,0.261
S02374,69.957,25.96,4.02,79.08,70.308,22.68,0.0,75.17,24.79,18.09,70.86,0.351,0.367
S07604,50.72,19.81,0.77,66.48,50.994,17.11,4.65,57.65,25.35,8.91,64.99,0.274,0.381
S01397,61.259,22.65,0.0,80.5,61.441,19.64,3.13,71.37,19.76,13.0,79.61,0.182,0.334
S05897,61.066,24.5,11.11,65.46,61.511,20.18,10.24,67.75,15.03,12.62,52.04,0.445,0.159
S08551,47.76,25.1,0.96,72.74,48.11,20.57,4.83,56.56,29.28,3.87,75.52,0.35,0.53
S06449,56.904,27.67,0.0,87.75,57.29,23.96,2.28,77.41,20.83,0.0,59.09,0.386,0.237
S01798,59.073,25.65,0.0,72.44,59.243,19.31,0.0,72.09,24.52,0.0,86.14,0.17,0.37
S09715,52.706,23.53,0.0,71.85,52.968,21.22,0.0,78.12,21.83,5.97,68.53,0.262,0.263
S09875,67.542,22.86,0.0,63.42,67.71,23.88,1.07,81.26,18.32,0.0,68.42,0.168,0.047
S03927,54.41,21.23,7.81,66.12,54.778,19.25,1.0,60.25,25.58,0.0,73.52,0.368,0.358
S00716,58.151,24.17,0.0,73.67,58.425,23.38,0.0,67.89,28.63,3.94,73.95,0.274,0.413
S06107,75.18,23.21,0.0,64.89,75.228,17.78,0.91,74.42,21.79,0.0,85.06,0.048,0.212
S02677,59.005,15.23,0.0,74.89,59.139,21.02,0.0,67.26,22.81,0.0,72.73,0.134,0.21
S07158,71.652,25.87,0.0,67.56,71.916,24.69,0.0,74.34,23.42,1.83,69.48,0.264,0.177
S04110,68.566,26.06,27.99,82.78,69.117,26.74,11.04,77.55,23.97,13.88,74.74,0.551,0.296
S00368,52.017,24.36,1.66,59.77,52.311,20.88,1.51,70.9,23.87,37.0,79.22,0.294,0.659
S05649,72.445,26.92,0.0,85.49,72.632,24.62,14.41,56.01,25.75,16.32,72.06,0.187,0.413
S07646,70.471,24.13,0.0,74.56,70.538,20.25,5.46,85.95,23.31,9.89,75.36,0.067,0.277
S04550,59.838,19.62,5.59,77.53,60.271,25.34,0.0,87.33,20.77,10.63,74.75,0.433,0.303
S08473,56.155,16.37,0.0,73.56,56.312,24.69,0.0,74.53,26.2,11.54,78.09,0.157,0.531
S00222,81.551,23.04,0.0,81.47,81.62,22.15,0.0,70.03,22.91,0.38,74.33,0.069,0.123
S06673,45.656,23.31,0.0,84.43,46.027,20.37,0.0,66.91,24.4,1.22,64.86,0.371,0.3
S00190,72.664,22.44,0.0,73.57,72.867,20.95,0.0,67.69,22.27,2.58,61.39,0.203,0.139
S01399,70.154,26.84,0.0,68.87,70.343,25.77,0.0,61.46,24.51,5.79,65.0,0.189,0.212
S03021,77.912,22.06,0.0,76.62,78.089,28.58,5.82,72.38,21.06,0.0,74.11,0.177,0.055
S02102,41.758,27.95,2.94,82.15,42.14,24.53,0.0,67.12,23.25,7.21,59.02,0.382,0.322
S07713,57.141,16.17,0.0,68.68,57.378,23.77,0.0,65.91,23.85,2.45,69.38,0.237,0.282
S09873,61.593,24.79,3.87,92.19,61.898,28.73,0.0,59.3,22.16,1.47,68.44,0.305,0.241
S09247,70.314,22.63,0.0,77.54,70.43,21.54,0.0,75.15,23.46,10.27,75.38,0.116,0.277
S05329,60.968,22.35,0.0,76.35,61.209,18.39,0.0,58.31,22.43,5.23,69.99,0.241,0.234
S08893,64.833,24.31,0.0,63.32,64.968,23.94,0.0,83.02,21.24,27.79,69.35,0.135,0.405
S01629,42.814,19.1,0.0,66.11,43.284,20.91,4.75,79.74,19.27,0.0,59.47,0.47,0.258
S09449,57.542,15.49,0.0,69.63,57.702,19.22,0.0,67.79,18.76,1.99,68.0,0.16,0.184
S09605,76.955,29.5,0.0,67.74,77.073,18.65,0.0,67.97,25.67,8.58,74.64,0.118,0.257
S06627,53.029,20.77,0.0,79.56,53.281,23.91,0.0,60.83,24.33,2.95,71.89,0.252,0.212
S08779,60.891,26.7,11.0,80.29,61.249,17.16,0.0,57.81,24.45,8.0,65.71,0.358,0.249
S08679,62.489,22.85,1.79,67.99,62.72,17.81,0.0,64.46,18.47,13.71,56.38,0.231,0.226
S07054,67.179,23.04,3.92,78.35,67.393,22.37,0.0,73.83,22.31,2.81,69.39,0.214,0.18
S08816,54.286,22.86,0.0,72.73,54.578,24.9,11.46,62.68,20.46,0.0,65.39,0.292,0.154
S07344,58.019,28.72,0.0,79.61,58.391,27.46,0.0,71.13,20.96,25.45,64.99,0.372,0.512
S02477,59.31,25.32,0.0,77.82,59.581,18.62,0.0,70.03,24.83,20.09,66.65,0.271,0.489
S06287,54.771,27.13,0.0,61.71,55.025,24.69,1.29,66.55,19.93,30.94,69.58,0.254,0.572
S04048,52.544,26.21,0.0,63.56,52.975,27.01,0.0,81.44,23.63,14.55,82.37,0.431,0.468
S02342,62.518,22.9,0.0,68.1,62.762,24.86,0.0,60.47,21.11,9.68,82.16,0.244,0.358
S07697,65.361,19.14,0.0,68.11,65.522,17.84,4.8,59.68,24.22,1.75,66.16,0.161,0.221
S02019,53.005,27.25,9.71,75.36,53.433,22.13,0.0,63.87,21.79,0.0,71.2,0.428,0.315
S08830,55.027,18.7,0.0,74.92,55.327,27.05,0.0,86.3,25.94,4.95,75.87,0.3,0.41
S00413,66.05,26.08,1.6,73.34,66.265,24.5,17.51,69.7,21.72,2.4,80.16,0.215,0.273
S08633,63.248,21.9,0.0,69.1,63.411,20.69,35.0,59.05,22.29,4.57,60.61,0.163,0.178
S01765,49.475,25.35,0.0,77.59,49.878,23.07,1.33,85.1,24.23,1.8,68.46,0.403,0.279
S01693,68.523,23.36,9.86,70.63,68.798,22.2,0.0,57.62,24.05,3.08,67.01,0.275,0.191
S06230,61.686,26.36,0.0,64.46,61.931,23.8,2.16,79.49,24.63,10.4,68.94,0.245,0.326
S07330,57.718,29.2,2.47,77.59,58.086,17.12,0.0,71.9,21.06,0.0,80.87,0.368,0.338
S03428,61.538,22.05,0.0,63.97,61.64,28.35,2.11,76.53,21.95,15.29,70.02,0.102,0.42
S09006,60.894,22.53,0.0,70.36,61.215,21.97,0.0,72.1,18.09,0.75,78.34,0.321,0.144
S05457,61.397,14.28,0.0,60.82,61.445,24.3,17.76,69.57,19.06,0.0,87.26,0.048,0.242
S04888,73.365,22.63,0.0,81.85,73.767,22.88,0.0,57.82,18.53,1.54,81.93,0.402,0.144
S02700,60.869,20.91,0.61,67.67,60.984,25.38,0.0,60.51,22.35,0.0,89.05,0.115,0.325
S05223,54.772,25.32,6.78,91.37,55.075,24.63,7.14,78.19,23.97,0.0,64.69,0.303,0.3
S02963,52.912,25.67,7.95,62.73,53.373,24.74,0.0,72.61,18.46,2.03,66.92,0.461,0.245
S08605,57.301,26.05,19.08,82.17,57.791,22.94,0.0,72.77,24.81,10.82,70.15,0.49,0.329
S09118,57.271,18.77,0.0,68.6,57.499,22.78,0.0,67.81,24.46,0.7,64.4,0.228,0.237
S02457,66.93,17.78,0.0,72.63,67.069,16.67,0.0,59.92,23.83,12.87,81.67,0.139,0.248
S01763,50.69,27.49,0.0,65.66,51.015,22.95,0.0,71.84,22.34,12.94,64.65,0.325,0.427
S00238,69.692,18.87,0.0,58.7,69.804,22.87,0.0,57.45,28.88,1.17,74.78,0.112,0.244
S08090,56.992,24.74,0.0,54.53,57.284,23.54,0.0,68.13,28.64,8.58,63.35,0.292,0.426
S04886,69.833,23.36,10.27,72.17,70.087,24.8,0.0,59.83,20.61,4.47,71.32,0.254,0.155
S05419,70.983,17.19,0.0,79.76,71.136,25.06,0.0,69.62,26.9,36.05,87.29,0.153,0.624
S06313,64.951,18.11,0.0,63.39,65.111,25.33,0.0,59.67,24.19,0.0,78.61,0.16,0.276
S01929,76.85,21.89,4.37,55.5,76.988,23.81,0.0,71.56,22.55,8.64,61.12,0.138,0.144
S00018,58.692,23.22,0.0,53.98,58.978,24.34,0.0,69.96,19.74,0.0,75.66,0.286,0.184
S03598,51.278,20.7,4.78,71.29,51.653,18.39,0.0,80.77,21.63,3.48,82.21,0.375,0.422
S02345,49.948,23.56,0.0,61.1,50.391,15.44,0.0,54.29,20.02,19.02,78.69,0.443,0.543
S00829,53.043,15.48,0.0,49.32,53.233,24.25,0.0,81.42,21.04,5.46,64.51,0.19,0.218
S02424,58.079,23.73,5.46,60.11,58.487,21.25,0.0,66.36,18.56,2.92,64.67,0.408,0.207
S05149,73.067,26.45,0.0,77.7,73.289,22.03,0.0,79.31,25.1,0.22,85.27,0.222,0.212
S02852,54.737,26.68,0.0,64.92,55.017,24.97,0.0,73.43,19.97,0.0,75.36,0.28,0.308
S08031,61.698,24.43,0.0,61.55,61.941,23.0,8.0,69.05,20.89,3.35,61.44,0.243,0.137
S06007,78.059,23.06,0.0,63.61,78.33,21.74,0.0,71.41,29.92,6.91,79.4,0.271,0.355
S02148,51.703,15.23,0.0,59.83,51.842,23.66,0.0,87.91,24.88,0.0,69.91,0.139,0.343
S09470,68.817,23.87,18.76,68.12,69.089,23.39,0.0,64.62,23.88,3.49,81.3,0.272,0.209
S03873,52.669,24.59,0.0,74.86,52.923,23.93,0.0,68.65,18.66,0.19,61.32,0.254,0.181
S07245,53.196,12.92,0.0,77.89,53.28,23.19,5.15,64.81,23.25,0.0,63.71,0.084,0.238
S07174,57.698,19.08,0.0,61.26,57.951,24.0,0.0,75.4,19.91,3.6,67.15,0.253,0.175
S08963,66.491,19.29,0.0,66.76,66.677,25.51,1.5,68.11,23.48,19.17,72.71,0.186,0.454
S09119,50.091,21.46,0.0,69.05,50.409,23.19,0.0,60.73,24.68,4.17,69.72,0.318,0.382
S02194,63.458,21.72,0.0,59.37,63.692,21.2,0.0,85.19,24.17,7.69,65.04,0.234,0.301
S04670,58.56,18.69,0.0,63.07,58.66,21.54,0.0,82.82,22.89,0.0,60.89,0.1,0.277
S00132,51.75,22.2,0.0,47.39,51.989,20.94,0.0,41.06,24.15,0.11,69.84,0.239,0.296
S08175,55.975,25.17,0.0,63.81,56.236,18.78,0.0,87.2,21.82,7.46,65.57,0.261,0.369
S03111,75.469,16.41,0.0,59.94,75.516,25.66,0.0,72.22,23.38,0.0,66.04,0.047,0.152
S01369,50.926,28.09,0.0,72.78,51.183,21.58,0.0,67.22,18.18,0.0,65.15,0.257,0.266
S08217,69.565,20.4,0.0,68.97,69.806,26.27,0.0,60.67,26.55,0.0,61.88,0.241,0.216
S05748,50.833,26.17,0.0,58.42,51.138,26.07,0.0,74.43,24.0,33.98,70.81,0.305,0.718
S03357,43.549,25.91,12.2,67.55,44.012,18.27,0.0,66.76,19.72,0.94,60.72,0.463,0.242
S09404,75.195,19.43,0.0,66.46,75.361,28.99,0.63,75.03,18.83,3.57,62.92,0.166,0.069
S07820,75.951,17.24,0.0,68.54,76.0,22.64,0.0,68.82,22.48,0.0,64.27,0.049,0.054
S06676,64.336,26.1,1.94,65.45,64.565,22.18,20.38,77.58,24.38,9.54,75.18,0.229,0.325
S06732,64.944,25.52,0.0,79.6,65.364,18.38,0.0,71.02,20.76,3.4,69.8,0.42,0.183
S04758,67.574,21.57,4.48,65.14,67.875,26.85,0.0,83.52,21.5,2.51,63.02,0.301,0.131
S01285,54.394,20.78,0.0,76.02,54.619,22.06,0.0,87.65,24.13,10.55,75.19,0.225,0.407
S06198,56.898,24.17,0.0,71.63,57.251,23.19,0.0,59.15,21.99,0.31,70.57,0.353,0.311
S00815,64.073,26.52,15.51,65.26,64.498,19.24,0.0,63.2,22.29,16.51,67.09,0.425,0.323
S06163,62.413,24.38,0.0,70.89,62.544,20.18,0.0,78.09,22.53,24.25,70.67,0.131,0.484
S00001,58.306,17.51,2.58,70.54,58.541,27.32,0.0,79.28,24.39,0.0,79.72,0.235,0.365
S05880,59.875,16.81,1.36,76.31,60.141,21.98,0.0,75.19,25.97,0.0,76.77,0.266,0.319
S08067,64.178,15.06,0.0,61.45,64.207,21.1,0.0,78.28,25.25,0.0,67.22,0.029,0.284
S00188,60.876,22.1,15.93,69.98,61.152,20.89,0.0,56.25,22.33,0.16,66.38,0.276,0.179
S07351,65.547,21.62,0.0,68.01,65.623,22.52,0.0,73.0,22.89,14.48,72.74,0.076,0.338
S03253,57.529,18.86,0.0,67.14,57.724,24.89,0.0,59.94,25.66,6.53,73.63,0.195,0.365
S03257,70.034,23.41,0.0,68.06,70.431,22.59,0.0,61.18,23.43,2.04,63.21,0.397,0.156
S05780,69.067,19.88,0.0,57.86,69.077,22.15,0.0,73.38,18.92,9.19,56.21,0.01,0.167
S08393,66.898,20.93,0.0,70.03,67.04,25.03,0.0,75.34,19.37,33.15,77.39,0.142,0.428
S02031,63.991,23.6,2.48,71.2,64.271,23.91,6.07,69.55,22.48,0.45,77.88,0.28,0.199
S03925,73.386,16.5,0.0,70.13,73.557,26.77,0.0,57.74,22.88,0.0,68.72,0.171,0.115
S09399,65.75,25.22,0.5,71.58,65.946,25.0,0.0,65.15,17.77,0.21,63.82,0.196,0.099
S02112,47.459,20.43,0.0,63.63,47.633,23.55,0.0,50.2,23.71,4.0,80.07,0.174,0.384
S08745,67.684,25.74,0.0,69.49,67.948,18.88,4.75,81.27,25.33,7.74,67.34,0.264,0.197
S03161,75.4,21.0,0.91,62.89,75.501,24.61,0.0,90.99,22.96,21.99,76.14,0.101,0.332
S07691,72.151,26.51,19.3,82.4,72.657,26.43,0.0,77.28,21.29,7.89,61.01,0.506,0.109
S02228,55.849,18.85,0.0,74.02,56.186,20.98,0.0,65.57,25.01,17.95,70.17,0.337,0.47
S00981,59.299,17.01,3.73,64.98,59.442,19.99,0.0,69.73,19.51,0.0,64.94,0.143,0.197
S07377,52.774,23.37,0.0,81.44,53.193,22.66,20.93,77.29,25.61,0.0,82.27,0.419,0.396
S05093,64.332,28.38,0.0,64.61,64.572,22.96,0.0,80.19,15.31,0.0,76.81,0.24,0.103
S03899,66.443,17.0,0.0,70.49,66.513,23.9,0.0,92.83,19.79,0.0,66.77,0.07,0.104
S05216,66.715,15.03,0.0,72.79,66.904,22.16,0.0,72.95,23.75,26.09,73.45,0.189,0.581
S05333,67.585,21.08,0.0,61.75,68.023,26.14,0.0,66.82,23.44,16.64,71.83,0.438,0.397
S06645,55.899,19.64,1.6,54.6,56.079,21.54,0.0,66.78,20.36,0.58,66.97,0.18,0.158
S07242,58.671,17.76,0.0,62.11,58.867,23.85,3.28,70.46,23.68,0.94,65.14,0.196,0.244
S04317,81.287,24.11,3.63,66.05,81.418,26.94,0.73,72.96,17.48,0.0,54.85,0.131,0.051
S01453,54.687,21.2,5.94,72.45,55.072,24.41,0.0,62.81,23.42,4.61,90.78,0.385,0.41
S00252,68.152,22.01,6.84,59.2,68.36,21.36,0.0,79.87,21.75,13.89,66.09,0.208,0.272
S02360,54.055,14.5,0.0,81.4,54.372,24.29,0.0,57.51,19.65,12.57,73.2,0.317,0.415
S03217,44.501,23.92,0.57,65.87,44.877,27.91,0.0,71.92,23.33,16.22,67.84,0.376,0.583
S00210,59.217,27.55,0.68,71.35,59.476,20.21,0.0,76.5,20.46,7.14,64.01,0.259,0.194
S03472,52.178,23.78,0.0,69.49,52.421,24.54,4.88,66.77,24.06,3.45,63.66,0.243,0.322
S02728,69.659,25.78,0.0,70.02,69.798,26.09,0.0,62.13,28.65,1.01,79.55,0.139,0.27
S06166,63.822,13.86,0.0,67.07,63.888,19.78,0.0,67.21,21.89,0.0,75.83,0.066,0.219
S04323,59.466,17.22,5.2,55.81,59.677,25.63,7.96,74.83,19.93,38.01,75.02,0.211,0.579
S04302,74.988,19.96,0.0,56.2,75.069,25.99,9.61,62.64,18.59,0.0,79.99,0.081,0.068
S08760,57.541,23.21,0.0,68.18,57.861,26.02,0.69,57.44,17.97,0.0,69.05,0.32,0.123
S07659,50.778,25.69,0.0,66.83,51.056,21.68,0.0,78.25,21.8,16.39,67.06,0.278,0.324
S07550,54.838,21.99,5.33,73.36,55.13,19.7,0.0,62.12,20.26,0.55,72.65,0.292,0.142
S03549,50.355,23.8,8.29,72.1,50.752,17.94,5.56,62.26,26.7,2.38,59.2,0.397,0.355
S03199,51.715,26.5,35.0,77.19,52.442,26.58,0.0,69.85,19.76,4.74,71.83,0.727,0.212
S06489,81.364,19.7,1.25,63.57,81.457,24.28,0.81,68.12,20.7,2.26,68.48,0.093,0.027
S08167,43.226,20.38,0.0,74.07,43.613,17.79,0.0,56.9,17.21,0.0,60.37,0.387,0.181
S00371,69.26,26.05,0.0,81.03,69.427,23.5,0.0,67.39,20.81,4.59,61.01,0.167,0.075
S06277,65.587,18.44,0.0,64.16,65.619,26.97,23.61,59.95,25.88,0.0,74.46,0.032,0.214
S07102,62.447,25.45,0.0,62.28,62.674,27.38,0.0,90.8,16.79,12.69,63.26,0.227,0.166
S02078,71.346,20.91,3.29,60.7,71.465,24.09,0.0,75.9,25.28,2.01,70.47,0.119,0.198
S07418,49.899,28.3,5.58,59.79,50.214,18.3,0.0,58.7,25.02,0.0,70.55,0.315,0.291
S05161,81.655,26.18,7.76,69.66,81.873,20.49,0.0,76.59,20.77,4.0,70.25,0.218,0.048
S09281,65.964,21.62,0.0,81.6,66.214,22.99,0.0,77.21,22.42,5.64,86.25,0.25,0.295
S05834,55.92,18.56,8.61,70.66,56.297,25.4,0.0,69.0,23.84,0.15,68.64,0.377,0.3
S00022,58.618,21.99,0.01,79.86,58.869,18.71,0.0,78.13,20.0,0.0,71.88,0.251,0.187
S00528,54.816,27.19,0.0,72.1,55.072,15.66,0.0,63.76,23.5,2.71,60.11,0.256,0.206
S00561,62.557,22.54,7.56,65.39,62.929,19.01,0.0,65.81,17.44,20.91,66.73,0.372,0.312
S09275,69.172,28.23,0.0,73.08,69.316,28.37,11.18,55.06,24.7,1.04,79.1,0.144,0.256
S02435,53.486,16.5,0.0,75.96,53.722,23.83,5.61,78.83,25.09,0.0,76.52,0.236,0.351
S06779,60.28,26.64,11.44,73.7,60.629,24.92,0.0,65.77,22.22,2.52,72.26,0.349,0.271
S04608,66.326,25.86,0.0,72.67,66.564,24.71,2.57,60.24,24.82,0.0,79.58,0.238,0.26
S01299,62.58,24.9,0.0,80.91,62.819,13.96,3.82,53.48,20.59,2.15,56.11,0.239,0.143
S06923,58.488,20.97,0.0,62.84,58.641,23.5,0.0,80.76,23.73,0.01,64.97,0.153,0.277
S04960,67.597,18.22,3.38,63.0,67.814,15.11,0.0,70.26,25.7,1.39,70.31,0.217,0.242
S04702,64.885,21.46,0.0,70.03,65.01,20.98,0.0,67.41,22.63,1.46,59.33,0.125,0.155
S09426,40.0,15.26,0.0,71.0,40.341,16.29,0.0,71.79,17.83,9.56,70.06,0.341,0.311
S01700,61.634,19.16,0.0,59.15,61.778,21.3,6.63,70.99,24.01,33.22,74.21,0.144,0.66
S08443,70.016,22.33,0.0,59.6,70.194,27.17,4.4,78.34,25.91,0.0,69.71,0.178,0.176
S00978,83.527,25.53,0.0,67.38,83.736,22.77,0.27,83.22,24.65,0.0,67.02,0.209,0.082
S09139,66.06,16.86,0.0,49.67,66.18,26.78,0.0,68.78,21.53,0.0,80.33,0.12,0.169
S01235,72.88,25.62,2.7,74.82,73.167,20.75,0.0,71.07,19.92,0.0,76.3,0.287,0.137
S03220,69.316,23.45,0.0,65.86,69.574,25.24,0.0,79.78,22.16,5.34,70.11,0.258,0.137
S09540,62.327,27.24,4.3,62.01,62.612,21.6,0.0,70.12,25.06,31.26,62.45,0.285,0.511
S04436,55.431,25.26,0.0,83.02,55.702,27.39,0.0,71.85,25.38,7.63,72.24,0.271,0.319
S09911,58.939,16.59,0.0,75.2,59.232,21.9,0.0,83.61,27.24,0.0,72.22,0.293,0.355
S05072,55.746,26.24,3.69,68.09,56.008,17.89,0.0,70.31,17.64,0.0,53.85,0.262,0.09
S05429,75.372,25.06,8.56,59.55,75.581,23.48,0.0,64.0,26.18,15.61,70.69,0.209,0.311
S03102,61.427,21.71,0.0,58.17,61.714,20.73,0.0,74.86,25.71,0.0,74.0,0.287,0.254
S04397,56.274,19.28,2.22,68.61,56.513,21.4,0.0,68.7,19.62,0.0,59.75,0.239,0.226
S07714,55.627,23.49,0.0,71.48,55.85,22.43,0.0,81.2,21.81,4.37,69.27,0.223,0.243
S08086,61.827,14.54,0.0,73.88,62.194,22.15,0.0,68.91,18.13,0.0,62.79,0.367,0.06
S06071,66.842,24.87,0.0,88.67,67.12,19.82,4.69,62.35,22.41,12.04,64.31,0.278,0.274
S04597,59.422,19.39,0.0,67.01,59.55,21.35,0.0,57.39,20.91,1.18,71.56,0.128,0.199
S00427,64.905,24.92,4.96,67.96,65.108,21.6,12.06,68.39,22.09,2.04,61.19,0.203,0.114
S04562,66.619,23.54,0.0,73.12,66.828,29.43,0.0,81.38,26.63,0.0,69.25,0.209,0.238
S07638,63.146,27.04,0.0,67.78,63.49,22.43,12.03,64.23,24.13,4.39,67.36,0.344,0.356
S02832,69.029,17.26,0.0,67.78,69.269,25.63,4.8,74.21,21.56,4.43,74.36,0.24,0.214
S08160,70.777,24.79,0.7,79.25,71.084,15.44,0.0,62.52,23.08,0.81,72.74,0.307,0.242
S09589,69.209,21.81,1.21,66.72,69.415,24.97,0.0,74.08,27.29,0.0,74.85,0.206,0.26
S03079,69.169,23.37,0.0,88.31,69.431,22.55,0.0,64.25,21.59,0.0,70.16,0.262,0.189
S06654,58.077,27.14,3.85,67.97,58.446,18.62,0.0,72.64,21.18,0.0,66.82,0.369,0.25
S03697,70.93,24.8,0.0,73.99,71.276,25.81,0.0,69.27,21.78,36.71,68.69,0.346,0.537
S01989,69.155,22.84,0.0,69.59,69.292,23.73,0.0,83.51,18.69,0.0,70.35,0.137,0.111
S09744,55.405,22.76,0.0,88.83,55.724,28.13,11.34,73.71,20.88,14.21,76.76,0.319,0.31
S08401,47.016,25.51,24.21,71.66,47.849,26.4,0.47,64.99,20.29,0.0,61.14,0.833,0.201
S09225,70.209,22.04,0.0,76.46,70.503,23.37,0.0,70.81,14.43,3.32,62.69,0.294,0.049
S01208,57.326,23.65,0.0,57.2,57.594,22.33,0.0,68.95,22.79,4.79,69.67,0.268,0.263
S09695,50.915,21.29,11.61,74.59,51.378,21.37,0.0,57.47,23.24,3.03,58.23,0.463,0.293
S01638,54.641,25.76,13.91,74.75,55.132,26.67,1.23,78.11,20.04,0.0,64.95,0.491,0.162
S04000,64.962,15.66,0.0,56.78,65.102,21.18,0.0,68.28,27.53,0.14,64.72,0.14,0.239
S08687,61.165,21.8,10.07,75.4,61.487,17.12,0.0,55.16,28.64,0.0,64.3,0.322,0.29
S08532,66.983,19.76,0.0,65.96,66.993,20.05,0.0,76.56,21.85,10.63,80.26,0.01,0.358
S05378,56.686,22.87,16.84,60.74,57.053,18.47,0.0,68.42,24.23,0.0,73.34,0.367,0.308
S02093,54.419,27.08,0.0,70.87,54.699,20.64,0.0,76.93,26.03,33.55,63.58,0.28,0.577
S06415,50.025,27.37,0.0,77.84,50.389,23.87,0.0,70.48,22.07,1.58,77.01,0.364,0.288
S02959,47.125,18.44,0.0,48.63,47.388,18.45,0.0,67.97,19.85,0.23,63.1,0.263,0.206
S00496,79.206,23.01,0.0,73.12,79.29,27.28,0.09,76.61,23.07,0.85,80.25,0.084,0.031
S09570,60.48,26.13,1.9,72.37,60.766,17.75,0.17,69.43,19.04,1.86,74.52,0.286,0.177
S07142,52.83,24.18,0.0,78.3,53.227,27.31,0.0,82.21,24.67,17.96,75.47,0.397,0.455
S01023,64.195,27.0,0.0,76.29,64.5,20.79,0.0,73.38,27.43,19.14,74.31,0.305,0.496
S06850,60.463,23.89,0.0,86.25,60.897,22.11,0.0,80.46,20.78,9.4,71.33,0.434,0.258
S06744,65.051,30.24,6.91,61.38,65.254,21.2,0.0,74.56,20.59,2.27,69.17,0.203,0.149
S04768,73.974,21.56,0.0,60.99,74.129,18.87,0.0,75.1,18.69,0.0,52.95,0.155,0.01
S05233,56.141,18.74,0.0,73.62,56.387,26.13,0.0,75.78,21.13,0.0,68.86,0.246,0.273
S03885,70.058,20.23,0.0,61.02,70.222,21.96,0.0,61.73,19.42,2.03,68.52,0.164,0.048
S07328,65.645,25.96,7.2,86.5,66.041,18.94,0.0,90.63,21.06,0.78,79.71,0.396,0.198
S04496,46.934,22.57,4.87,68.95,47.254,25.56,3.13,82.37,20.86,3.49,62.77,0.32,0.279
S01353,71.133,19.17,0.0,75.8,71.673,23.31,0.0,68.65,28.98,1.65,64.93,0.54,0.296
S00969,44.326,21.16,0.0,74.69,44.628,22.73,2.5,70.21,25.0,2.57,72.76,0.302,0.398
S05628,50.438,19.88,0.0,62.04,50.67,23.61,0.0,82.76,27.82,7.08,84.66,0.232,0.434
S03042,62.607,22.49,8.0,72.51,62.855,17.07,0.0,59.34,21.15,1.35,77.24,0.248,0.235
S00516,49.614,18.03,0.0,63.34,49.886,24.69,0.0,67.75,25.41,0.0,75.05,0.272,0.342
S06609,70.321,28.89,1.13,75.84,70.534,22.3,9.69,90.12,25.0,5.66,78.14,0.213,0.32
S06310,73.941,24.85,0.0,77.79,74.082,30.62,0.0,78.8,17.52,3.05,76.09,0.141,0.073
S03661,78.274,19.47,0.0,71.32,78.312,26.06,0.0,68.64,25.05,3.51,63.76,0.038,0.209
S04613,73.983,15.98,0.0,72.36,74.193,15.35,0.0,77.77,19.53,2.61,70.92,0.21,0.084
S02904,60.14,16.06,0.0,67.28,60.257,26.16,6.54,68.59,25.85,7.95,82.84,0.117,0.497
S04219,66.427,25.27,10.62,75.91,66.757,28.76,0.0,80.44,21.99,0.22,67.75,0.33,0.133
S05704,63.861,22.51,0.0,70.99,64.049,20.81,14.16,74.77,21.89,0.0,71.38,0.188,0.126
S07187,61.219,24.43,4.32,69.52,61.695,25.42,0.0,67.36,25.78,5.1,82.83,0.476,0.249
S07785,46.346,22.22,0.0,67.53,46.647,21.26,0.0,69.21,19.89,1.73,60.21,0.301,0.207
S07189,56.949,27.05,20.24,72.73,57.462,22.13,0.0,65.77,23.26,0.0,71.83,0.513,0.212
S00079,56.64,25.69,1.68,79.5,56.954,22.27,0.0,66.68,25.7,0.0,76.8,0.314,0.361
S07828,78.126,23.62,0.0,63.38,78.254,21.41,0.0,65.05,23.89,13.36,86.03,0.128,0.281
S05657,52.991,25.81,4.54,61.18,53.309,21.51,0.0,68.61,25.88,0.55,72.33,0.318,0.377
S08135,58.773,22.54,0.0,67.27,59.059,24.18,0.0,80.15,24.55,8.38,68.42,0.286,0.312
S06961,66.323,23.44,0.0,67.86,66.53,20.98,0.0,62.62,23.93,1.58,55.62,0.207,0.182
S01048,69.061,27.32,0.0,67.42,69.336,18.46,10.54,51.11,19.18,2.61,63.11,0.275,0.031
S05844,66.287,25.06,0.0,69.63,66.476,26.2,0.0,69.05,20.84,5.5,75.77,0.189,0.25
S00334,59.96,22.38,0.57,71.56,60.381,18.7,0.0,66.8,24.58,1.64,69.96,0.421,0.223
S04794,51.784,18.78,0.0,69.16,52.253,23.22,0.0,83.32,28.07,26.82,67.25,0.469,0.644
S08640,58.272,15.94,0.0,61.35,58.404,21.31,10.4,69.2,22.38,0.0,75.52,0.132,0.219
S06677,67.959,28.8,0.0,79.71,68.196,22.23,0.0,81.31,20.06,0.0,67.09,0.237,0.161
S09283,74.579,22.35,0.0,64.62,74.694,21.97,0.0,70.42,26.76,5.45,58.14,0.115,0.181
S03825,61.053,19.15,0.0,74.29,61.192,23.84,0.0,70.06,22.85,6.71,66.23,0.139,0.237
S05274,64.82,25.88,0.0,67.94,64.965,14.45,0.0,61.88,19.31,17.65,68.6,0.145,0.279
S05786,61.699,28.57,5.07,73.57,62.162,22.6,0.0,74.63,22.58,0.0,71.6,0.463,0.125
S04568,54.327,24.25,0.0,66.86,54.568,20.35,0.0,53.52,18.63,1.39,76.87,0.241,0.247
S03242,52.46,22.06,11.37,71.9,52.926,19.11,0.0,59.75,22.72,1.81,77.36,0.466,0.407
S04396,64.653,23.9,0.0,64.41,64.859,20.34,0.0,68.19,20.62,4.34,73.2,0.206,0.167
S03552,56.686,25.8,10.04,84.86,57.203,15.83,0.0,72.85,22.69,7.19,63.67,0.517,0.286
S01822,66.523,24.14,0.0,52.02,66.866,26.86,2.95,67.18,27.56,0.0,79.14,0.343,0.302
S08233,59.697,29.42,0.0,82.11,60.148,17.85,0.0,64.92,21.16,17.42,70.39,0.451,0.342
S08427,51.19,21.81,0.0,77.66,51.413,20.89,0.0,72.85,23.8,14.29,76.2,0.223,0.465
S04197,65.501,32.05,0.0,76.26,65.741,22.38,4.79,76.44,22.91,0.9,78.16,0.24,0.292
S06237,64.604,23.47,0.0,75.52,64.783,23.1,0.0,66.84,28.11,3.05,66.82,0.179,0.379
S00817,61.919,26.01,0.0,82.18,62.231,24.55,0.0,67.36,22.61,1.04,68.32,0.312,0.344
S07048,73.192,25.5,2.34,77.02,73.442,19.28,0.61,72.62,24.28,0.0,72.31,0.25,0.241
S04338,63.215,16.03,0.0,76.2,63.436,27.78,2.9,69.02,21.91,10.62,70.03,0.221,0.302
S00831,61.038,27.91,0.0,80.18,61.322,22.16,0.0,62.21,24.93,0.64,70.58,0.284,0.344
S09279,54.056,17.8,0.0,61.84,54.246,27.11,7.45,77.29,20.79,7.99,61.71,0.19,0.31
S00779,63.203,20.6,0.0,76.58,63.397,21.43,0.0,53.9,21.04,1.36,72.98,0.194,0.174
S03536,49.614,25.6,16.04,81.66,50.073,29.08,4.38,75.56,20.89,17.96,73.32,0.459,0.478
S05165,61.141,23.79,0.0,62.78,61.318,22.88,0.0,79.9,20.49,12.84,67.2,0.177,0.269
S03543,71.616,24.73,0.0,71.17,71.779,19.48,0.0,66.91,20.61,13.54,67.04,0.163,0.217
S00383,55.746,23.58,0.0,68.78,56.021,22.09,0.09,74.23,24.51,0.0,66.54,0.275,0.344
S05509,52.369,24.95,0.0,66.78,52.763,20.5,0.0,75.34,20.95,0.0,59.11,0.394,0.178
S09877,58.665,15.84,0.0,78.66,58.908,14.91,0.0,67.29,27.33,16.99,77.29,0.243,0.536
S01896,62.751,24.34,0.0,63.42,63.05,21.28,0.0,72.78,21.54,0.0,61.88,0.299,0.068
S07904,67.125,24.87,1.18,58.51,67.31,18.42,14.22,66.98,21.24,0.0,77.34,0.185,0.185
S04731,74.779,22.96,0.0,75.44,74.92,26.57,0.0,70.53,24.38,0.75,61.08,0.141,0.112
S01871,54.938,25.23,0.0,65.75,55.343,27.86,0.0,76.07,24.56,7.05,71.93,0.405,0.423
S05559,62.557,25.18,0.0,83.49,62.932,20.43,0.0,72.63,25.88,3.34,72.54,0.375,0.258
S06472,52.38,27.09,0.0,80.15,52.798,16.0,0.0,56.41,22.66,16.27,74.38,0.418,0.427
S07700,51.465,23.46,1.72,75.99,51.912,25.42,0.0,56.34,18.29,3.92,52.62,0.447,0.119
S03450,64.224,28.84,0.0,74.37,64.499,20.58,0.0,62.53,24.71,0.43,68.73,0.275,0.195
S09971,60.634,17.81,0.0,77.0,60.822,17.31,2.39,63.3,18.21,31.78,72.85,0.188,0.478
S05023,78.979,27.05,0.0,68.28,79.175,27.51,4.62,70.73,18.99,0.0,84.04,0.196,0.114
S06000,73.66,27.04,0.0,79.65,74.028,22.6,0.0,74.89,23.13,26.96,71.72,0.368,0.409
S06021,67.736,23.79,0.0,82.97,67.92,27.57,0.0,54.89,19.17,1.88,73.73,0.184,0.075
S06579,65.833,19.66,0.0,51.6,66.185,14.07,0.0,65.38,26.8,2.59,76.76,0.352,0.248
S05135,68.231,27.0,0.0,60.19,68.392,21.15,0.0,59.58,22.71,24.36,75.13,0.161,0.442
S04698,53.799,22.08,1.57,73.94,54.004,19.02,0.0,67.36,24.78,2.1,67.89,0.205,0.278
S09131,56.765,24.41,0.0,70.67,57.03,17.13,12.19,48.81,19.99,0.0,67.43,0.265,0.207
S03189,74.476,23.36,0.0,84.28,74.6,20.42,0.0,62.55,19.05,3.57,84.15,0.124,0.099
S06345,71.533,28.75,0.0,71.68,71.72,23.68,0.0,61.68,19.95,0.0,64.0,0.187,0.053
S09422,61.184,20.88,0.0,70.82,61.54,27.22,0.0,81.5,19.48,6.49,72.68,0.356,0.262
S04656,68.32,24.08,0.0,68.93,68.488,23.17,0.0,84.88,16.28,5.62,69.21,0.168,0.051
S06809,59.448,25.53,0.0,75.23,59.815,15.64,0.0,72.21,23.81,10.06,63.11,0.367,0.384
S01169,58.145,17.51,0.0,63.02,58.337,15.8,0.0,64.84,23.96,0.0,75.9,0.192,0.257
S05392,63.839,27.25,0.45,65.75,64.063,24.22,8.53,65.09,22.25,0.0,72.36,0.224,0.211
S04565,75.326,23.19,0.0,64.61,75.525,26.82,17.22,61.37,23.0,4.65,65.84,0.199,0.161
S03431,69.218,28.68,0.0,58.78,69.499,16.16,0.0,75.56,24.06,15.4,73.63,0.281,0.382
S05845,61.436,20.54,0.0,71.32,61.634,20.21,0.0,69.46,18.78,15.28,61.1,0.198,0.149
S01187,66.095,20.34,7.94,62.02,66.284,23.61,1.95,74.55,22.59,4.14,65.45,0.189,0.127
S01329,59.437,12.44,0.0,75.32,59.6,19.53,2.29,64.21,17.79,4.99,76.02,0.163,0.177
S07465,78.058,28.15,0.0,61.37,78.349,24.89,5.56,63.53,26.73,8.19,72.07,0.291,0.282
S02843,71.433,22.93,26.19,65.56,71.868,23.62,0.0,71.16,15.86,0.0,69.37,0.435,0.102
S06131,75.513,20.4,0.0,65.12,75.532,25.74,8.98,74.2,18.01,1.65,74.49,0.019,0.033
S08436,52.554,26.28,2.36,78.14,53.005,25.76,0.0,77.68,22.85,0.0,61.94,0.451,0.214
S04005,54.966,22.98,2.75,86.7,55.383,24.47,0.0,69.79,26.95,0.0,54.78,0.417,0.284
S09103,61.936,16.3,8.52,62.96,62.186,22.33,1.05,64.2,21.27,6.18,75.09,0.25,0.241
S01588,59.695,22.13,0.0,71.76,60.077,26.09,1.3,77.09,25.4,4.0,63.4,0.382,0.247
S04468,70.412,21.49,0.0,71.11,70.57,27.82,11.26,68.68,16.59,0.35,67.39,0.158,0.01
S01812,68.981,25.26,0.0,74.08,69.328,25.63,0.0,68.76,24.27,0.0,71.85,0.347,0.21
S08704,54.975,24.23,0.0,59.79,55.262,25.01,5.96,85.86,25.57,12.95,63.09,0.287,0.363
S00992,66.328,23.66,0.0,72.95,66.474,23.97,0.0,74.18,22.11,16.05,68.92,0.146,0.303
S01603,66.755,23.73,0.0,65.38,67.028,23.17,0.0,77.26,18.64,4.24,63.62,0.273,0.083
S03832,57.097,23.95,1.65,76.36,57.416,17.58,2.31,53.29,23.65,17.96,71.23,0.319,0.495
S03682,63.575,20.12,0.0,48.92,63.703,24.63,0.0,62.82,18.49,0.0,66.11,0.128,0.038
S05862,45.964,22.11,0.0,62.51,46.242,26.67,0.0,81.11,26.98,19.46,67.08,0.278,0.571
S06205,49.286,24.73,9.81,73.07,49.711,24.47,0.0,78.86,18.73,3.75,57.54,0.425,0.171
S09714,51.155,25.15,1.06,84.51,51.915,21.42,0.0,65.09,24.34,13.63,74.04,0.76,0.451
S01404,62.05,24.35,4.98,81.57,62.314,20.25,0.0,75.38,22.56,4.32,66.65,0.264,0.232
S07531,66.83,26.42,0.0,58.15,67.017,17.37,0.0,60.15,17.73,0.55,68.42,0.187,0.101
S01662,54.6,22.99,0.0,68.09,54.899,18.34,17.29,53.7,24.33,1.86,77.47,0.299,0.23
S09792,71.416,24.01,0.0,64.97,71.58,17.34,0.0,84.4,24.63,0.17,65.09,0.164,0.188
S08962,57.037,20.78,0.0,77.29,57.326,27.41,0.0,72.17,20.36,7.28,65.01,0.289,0.173
S07699,65.423,18.1,0.0,39.13,65.512,23.23,0.0,56.35,29.42,2.13,66.92,0.089,0.352
S04281,56.638,21.98,0.0,72.93,56.977,20.98,4.45,76.48,18.97,2.4,78.4,0.339,0.236
S00458,62.538,23.42,0.0,67.31,62.814,24.24,0.0,74.93,22.65,0.0,71.34,0.276,0.151
S06129,54.737,19.82,3.99,91.81,55.127,18.92,0.0,65.68,24.01,0.0,79.38,0.39,0.301
S09824,63.517,26.18,4.96,80.06,63.86,21.13,0.0,66.57,21.11,0.0,67.59,0.343,0.098
S03331,58.35,26.72,0.0,63.38,58.537,17.64,0.0,75.01,23.38,0.63,67.36,0.187,0.253
S04923,71.499,14.14,0.0,79.91,71.591,20.6,0.0,71.11,27.97,2.19,60.04,0.092,0.216
S06721,72.462,16.42,0.0,74.07,72.658,23.92,4.13,72.54,21.59,3.34,79.36,0.196,0.238
S06558,53.169,25.76,6.77,58.57,53.535,25.14,0.0,82.14,21.25,23.2,74.69,0.366,0.471
S00606,48.328,23.26,0.22,65.88,48.597,26.06,0.0,66.68,23.43,0.0,69.85,0.269,0.274
S01734,60.551,23.63,0.0,56.91,60.781,24.39,5.59,77.91,26.37,2.81,61.71,0.23,0.261
S07597,53.251,21.48,0.0,58.76,53.537,15.62,0.0,65.08,25.12,17.31,80.14,0.286,0.529
S00154,56.955,23.38,2.86,77.81,57.313,27.36,0.0,79.07,25.19,19.18,72.11,0.358,0.544
S05340,52.797,21.66,0.0,73.19,53.132,27.28,0.0,73.67,22.42,0.0,62.75,0.335,0.221
S05344,66.687,19.12,0.0,66.23,66.791,25.34,0.0,57.24,20.28,5.91,63.33,0.104,0.113
S09304,70.037,27.46,0.0,79.04,70.226,23.15,0.0,70.51,18.31,1.01,68.16,0.189,0.154
S08391,54.909,24.35,23.87,67.86,55.49,20.41,0.0,71.33,19.28,1.41,73.59,0.581,0.226
S02347,49.547,24.29,3.27,74.0,49.954,23.82,13.45,84.08,21.24,11.37,71.91,0.407,0.301
S06804,62.676,23.38,0.0,64.2,63.006,23.45,0.0,69.79,22.42,15.8,76.57,0.33,0.383
S06134,68.603,22.88,0.0,77.4,68.81,20.74,0.0,69.5,19.63,11.86,67.78,0.207,0.162
S09201,63.271,17.54,0.0,63.93,63.351,22.46,0.0,74.11,22.45,0.0,78.33,0.08,0.184
S03432,74.818,16.16,0.0,70.64,74.855,23.59,9.89,71.53,21.11,0.45,72.49,0.037,0.123
S05724,40.0,23.25,0.0,76.19,40.423,24.72,3.21,74.69,24.69,3.67,70.49,0.423,0.344
S07976,66.867,21.86,0.0,63.52,67.117,21.42,0.0,77.16,16.42,11.49,69.75,0.25,0.21
S01656,46.56,19.36,0.0,69.53,46.871,23.21,0.0,65.25,22.85,5.95,81.33,0.311,0.385
S04402,63.284,15.44,0.0,71.66,63.471,20.55,14.46,68.25,23.8,0.36,55.76,0.187,0.128
S07490,66.01,26.97,3.84,52.33,66.218,16.48,0.0,67.83,21.16,0.48,68.65,0.208,0.151
S02009,55.669,24.38,0.0,60.88,55.902,27.65,0.0,74.55,20.1,0.0,73.4,0.233,0.222
S09296,64.679,20.87,0.0,59.39,64.866,18.45,0.0,68.77,20.28,18.53,66.52,0.187,0.388
S03440,62.92,24.69,0.6,68.56,63.135,27.46,0.0,75.34,24.52,0.0,74.82,0.215,0.243
S03441,59.397,23.9,26.15,68.23,60.019,23.98,35.0,78.17,22.81,21.68,66.21,0.622,0.385
S00457,55.452,23.57,0.0,66.78,55.684,21.4,14.09,68.62,22.42,0.16,60.94,0.232,0.246
S01606,68.179,21.16,0.0,65.3,68.37,21.55,0.0,56.74,21.04,10.07,61.12,0.191,0.224
S01110,59.241,17.97,0.0,63.22,59.349,17.27,0.0,66.34,24.96,1.66,69.92,0.108,0.207
S02050,52.553,22.54,29.7,73.5,53.205,24.8,12.82,75.24,19.17,0.84,68.19,0.652,0.187
S08641,56.151,25.83,0.0,77.27,56.609,19.1,15.56,56.99,21.72,0.0,73.93,0.458,0.298
S05458,65.748,23.03,31.23,76.35,66.195,22.67,0.0,62.6,20.77,0.0,58.1,0.447,0.151
S03348,51.6,24.45,0.0,78.79,52.059,29.72,0.0,70.35,18.1,3.59,58.71,0.459,0.16
S08826,67.216,25.62,0.0,70.02,67.434,19.97,0.0,80.23,28.33,2.37,78.71,0.218,0.317
S04529,73.779,22.72,0.0,71.55,73.829,17.65,0.0,62.92,25.61,0.0,74.49,0.05,0.198
S01597,52.902,25.53,12.43,84.95,53.399,27.27,0.0,67.17,24.12,0.0,71.79,0.497,0.281
S01641,46.631,23.98,0.0,70.38,46.989,21.3,0.0,77.26,26.88,0.0,76.47,0.358,0.361
S08404,70.832,19.25,0.0,52.46,70.911,19.68,0.0,68.86,28.41,0.0,70.15,0.079,0.208
S03851,67.52,26.93,0.54,72.93,67.749,25.42,33.09,80.79,21.23,10.63,70.32,0.229,0.206
S03674,47.07,21.7,0.0,76.23,47.381,22.47,0.0,56.34,20.53,1.07,76.65,0.311,0.224
S08033,56.205,18.73,0.0,63.34,56.558,19.85,0.0,69.36,24.08,6.64,76.59,0.353,0.381
S06420,58.753,20.76,0.0,62.83,59.077,23.01,0.0,68.37,25.8,0.0,64.44,0.324,0.321
S05268,64.514,25.07,0.0,80.13,64.759,22.98,0.0,65.51,23.54,2.96,74.01,0.245,0.193
S04910,78.169,28.74,0.0,78.86,78.458,25.92,7.03,77.7,22.32,0.75,79.75,0.289,0.202
S01912,67.166,14.84,0.0,56.6,67.19,14.12,0.0,52.83,23.47,3.73,65.85,0.024,0.236
S07541,62.451,22.31,0.0,63.48,62.645,24.27,0.0,73.2,23.2,16.45,70.59,0.194,0.446
S08908,70.275,24.68,0.0,68.0,70.365,29.09,0.0,80.07,18.65,0.12,72.57,0.09,0.059
S01244,61.833,25.22,0.0,78.34,62.354,18.88,0.0,74.85,23.57,0.0,58.15,0.521,0.207
S01054,59.443,25.6,0.0,71.35,59.664,22.34,0.0,67.68,20.33,0.0,70.64,0.221,0.138
S05854,68.806,15.92,0.0,57.37,69.286,19.85,4.22,55.65,24.64,0.0,72.9,0.48,0.179
S01321,40.206,19.66,9.08,64.13,40.597,25.7,5.41,66.46,24.31,25.32,79.51,0.391,0.707
S05438,45.669,14.75,0.0,53.47,45.896,18.45,5.94,60.67,25.77,0.0,79.74,0.227,0.443
S09576,68.203,28.28,0.0,71.23,68.389,24.48,0.0,61.57,21.88,0.0,72.79,0.186,0.261
S03381,46.712,16.82,0.0,51.02,46.909,17.03,0.35,50.11,21.12,5.35,66.85,0.197,0.4
S02823,58.984,24.87,7.59,80.01,59.381,20.26,0.0,65.55,22.27,0.0,72.67,0.397,0.267
S05610,53.213,23.13,0.0,67.55,53.438,24.73,13.77,65.48,24.26,0.19,77.43,0.225,0.378
S04737,68.209,24.57,12.9,74.93,68.671,22.11,0.0,71.3,22.22,0.0,72.62,0.462,0.204
S01408,58.306,28.63,0.0,74.37,58.658,15.65,2.53,69.49,21.61,13.44,69.57,0.352,0.343
S04111,52.141,19.41,0.0,66.09,52.336,28.27,0.0,75.75,24.8,0.58,67.55,0.195,0.31
S08460,73.887,17.62,0.0,71.07,74.017,20.64,0.0,82.68,17.53,0.63,70.51,0.13,0.074
S01450,78.048,23.99,0.0,74.34,78.114,17.99,0.0,83.81,27.15,7.13,79.55,0.066,0.314
S01986,65.28,22.63,0.0,70.68,65.432,25.18,1.6,79.27,19.37,1.44,66.18,0.152,0.2
S02218,52.149,16.11,0.0,61.35,52.285,25.96,0.0,63.03,16.77,15.79,63.17,0.136,0.335
S03959,50.108,26.22,7.63,66.94,50.486,19.62,0.0,71.26,22.13,1.11,69.7,0.378,0.341
S02274,52.942,26.88,0.0,59.95,53.175,22.91,7.21,60.14,23.89,5.73,54.75,0.233,0.341
S03109,55.625,22.8,0.0,65.43,55.756,25.95,0.0,74.08,24.91,3.23,67.33,0.131,0.341
S02505,61.891,24.13,5.06,63.28,62.234,14.02,0.0,65.22,17.46,4.84,75.71,0.343,0.167
S00896,71.383,25.84,14.11,74.54,71.701,20.26,0.0,83.35,20.13,0.0,78.17,0.318,0.113
S00970,62.548,27.69,0.0,79.62,62.887,23.01,3.16,66.33,23.31,4.64,64.7,0.339,0.212
S04201,68.363,25.39,0.0,79.31,68.504,24.58,10.84,58.12,20.23,5.75,74.93,0.141,0.209
S02072,72.237,24.7,0.0,62.16,72.279,19.81,3.54,64.97,24.72,4.3,64.69,0.042,0.222
S00297,75.578,25.73,11.15,62.38,75.933,15.32,0.0,73.89,23.32,0.0,73.12,0.355,0.127
S06252,54.989,24.19,0.0,61.28,55.258,22.25,0.0,60.51,22.61,2.43,61.15,0.269,0.181
S01019,67.447,19.92,0.0,80.01,67.668,27.41,0.0,69.66,20.51,7.72,74.19,0.221,0.259
S05594,64.603,27.62,19.23,75.18,65.04,25.83,2.24,67.33,20.18,0.0,62.64,0.437,0.175
S02075,59.903,22.05,0.0,72.41,60.263,16.88,0.0,61.11,20.71,0.0,72.21,0.36,0.176
S01487,70.343,22.24,0.0,71.9,70.504,24.1,1.79,69.17,19.77,2.54,68.11,0.161,0.095
S07373,90.0,20.99,0.0,50.94,90.016,21.72,0.0,70.0,26.49,25.63,60.31,0.016,0.376
S02572,56.857,23.87,0.0,74.32,57.046,24.52,0.0,75.68,21.55,6.86,70.63,0.189,0.278
S01387,64.715,20.36,0.0,64.7,64.939,24.83,0.0,67.91,22.26,13.45,73.86,0.224,0.323
S03411,57.748,21.41,0.0,78.23,58.014,27.09,0.0,64.68,22.67,0.0,75.09,0.266,0.23
S00529,69.384,27.27,2.63,91.97,69.591,21.63,0.0,71.75,19.41,0.0,78.11,0.207,0.156
S00678,55.03,24.52,0.0,57.25,55.176,27.32,0.0,83.14,25.35,0.0,81.68,0.146,0.417
S07001,57.481,24.53,0.0,56.7,57.61,19.53,0.0,70.62,23.47,1.39,82.85,0.129,0.344
S03791,68.648,25.39,0.0,77.62,68.91,24.58,0.0,72.72,25.53,0.0,79.54,0.262,0.259
S09460,59.491,16.76,0.0,72.84,59.744,21.26,0.0,73.49,21.93,0.0,60.72,0.253,0.229
S00809,49.004,22.76,0.24,85.23,49.424,24.89,0.0,76.2,21.74,0.0,68.13,0.42,0.304
S05179,64.036,24.37,4.33,64.85,64.214,26.99,0.0,79.5,20.82,32.8,63.59,0.178,0.414
S00150,63.54,21.92,0.0,61.86,63.829,26.39,0.0,72.16,23.2,4.04,66.9,0.289,0.251
S08676,53.624,19.69,0.0,69.2,53.909,23.92,0.0,76.23,21.22,15.85,77.04,0.285,0.376
S04932,83.763,22.39,7.88,56.68,83.808,28.0,0.89,76.41,21.92,0.09,76.64,0.045,0.066
S00127,52.382,25.14,0.0,71.43,52.705,21.44,0.0,62.69,26.99,0.0,78.56,0.323,0.395
S08611,58.256,25.16,0.0,68.4,58.562,17.27,0.0,54.93,24.55,0.0,60.1,0.306,0.19
S08697,60.692,24.72,11.26,82.34,61.158,21.17,14.38,71.87,22.75,1.71,61.15,0.466,0.205
S00874,66.308,23.35,0.0,74.12,66.443,27.34,0.0,59.31,24.3,0.0,69.21,0.135,0.238
S02060,74.078,25.16,4.25,75.93,74.286,24.86,0.0,62.12,27.14,5.76,70.53,0.208,0.298
S04797,67.496,23.27,0.0,81.09,67.799,17.44,0.0,65.56,24.84,1.3,69.44,0.303,0.241
S06091,82.266,25.01,2.06,69.53,82.472,24.19,0.0,65.07,25.45,1.58,75.65,0.206,0.17
S01309,50.893,16.89,0.0,58.42,51.048,20.19,0.0,72.93,23.95,0.0,86.35,0.155,0.388
S05881,76.605,20.48,0.12,68.7,76.788,21.52,3.45,61.82,24.82,1.1,70.21,0.183,0.106
S00409,61.244,22.91,0.0,74.18,61.438,16.33,0.0,63.67,26.81,4.25,57.2,0.194,0.322
S09498,50.073,26.23,0.0,80.46,50.45,28.78,4.68,93.97,23.69,10.52,74.62,0.377,0.44
S02608,59.745,25.71,0.0,53.97,60.073,18.0,0.0,58.23,22.58,0.0,69.77,0.328,0.177
S09047,65.666,22.86,0.0,60.21,65.857,23.75,1.19,59.5,24.75,0.0,71.0,0.191,0.181
S08477,54.725,30.43,0.0,57.94,55.085,24.59,15.78,72.15,23.12,2.61,60.38,0.36,0.217
S09543,62.339,26.11,0.0,67.42,62.596,23.71,0.0,75.02,22.32,1.93,73.23,0.257,0.201
S08005,53.753,28.3,0.0,85.81,54.111,23.29,0.0,75.36,25.72,17.32,74.18,0.358,0.616
S02694,65.815,23.27,0.0,72.08,65.971,27.26,0.0,69.57,22.88,7.62,72.05,0.156,0.276
S03805,61.404,12.78,0.0,77.92,61.63,26.41,14.66,70.31,23.07,0.0,84.97,0.226,0.241
S04022,60.361,21.52,0.0,69.51,60.749,20.94,0.0,58.52,20.76,0.97,65.28,0.388,0.124
S05497,58.495,19.9,0.0,70.46,58.686,26.96,0.0,72.14,20.99,0.0,62.15,0.191,0.211
S01102,59.329,23.34,9.21,74.6,59.695,19.46,0.0,70.53,23.7,6.19,61.63,0.366,0.275
S02434,64.47,22.59,0.0,73.89,64.592,22.79,0.0,63.72,18.05,0.0,74.62,0.122,0.194
S08764,62.952,21.34,4.3,73.77,63.21,23.11,0.0,67.29,23.15,17.31,65.92,0.258,0.354
S08206,55.001,20.68,0.0,78.65,55.279,27.31,0.0,64.31,22.83,0.69,76.08,0.278,0.265
S09623,60.833,24.15,0.0,59.94,61.027,22.92,8.94,70.85,22.31,9.04,70.07,0.194,0.315
S05972,54.997,15.64,0.0,59.01,55.267,20.43,0.0,68.94,25.31,13.7,78.56,0.27,0.425
S03150,59.014,25.83,0.0,86.04,59.388,22.5,0.0,63.16,22.04,0.0,72.48,0.374,0.199
S00074,57.917,26.4,3.78,72.24,58.178,19.55,0.0,66.68,18.76,12.39,57.06,0.261,0.163
S07012,74.8,26.79,2.07,80.0,74.998,25.74,0.0,71.1,22.7,1.97,83.29,0.198,0.192
S08128,54.04,25.47,0.0,62.18,54.321,17.41,0.0,53.59,18.36,0.41,62.05,0.281,0.196
S02664,58.195,20.2,0.0,78.18,58.439,26.24,0.0,71.5,23.69,0.0,62.71,0.244,0.215
S05811,66.589,18.93,0.0,68.26,66.743,25.39,0.0,60.35,23.54,0.92,83.59,0.154,0.293
S01207,75.457,18.24,0.0,66.29,75.548,28.59,0.0,60.66,24.07,7.83,63.49,0.091,0.151
S06880,48.697,22.73,12.81,74.3,49.076,17.89,0.0,65.87,23.19,8.07,56.31,0.379,0.352
S01860,65.791,25.28,0.0,77.67,66.081,28.11,0.0,67.62,22.2,1.78,67.22,0.29,0.246
S06916,56.26,23.91,0.0,80.35,56.89,18.99,0.0,65.67,27.68,15.05,73.83,0.63,0.482
S09879,72.186,22.53,0.0,72.8,72.382,26.51,0.0,63.97,21.96,1.0,60.99,0.196,0.113
S06679,74.912,25.23,0.0,67.41,75.01,23.99,0.0,76.08,22.13,0.98,76.28,0.098,0.182
S07350,60.955,17.78,6.52,73.16,61.113,17.89,0.0,73.23,23.63,2.74,72.2,0.158,0.295
S08517,63.907,22.6,0.0,64.13,64.212,26.42,8.57,66.94,20.89,14.87,80.49,0.305,0.342
S00293,62.47,24.93,0.0,74.82,62.611,20.93,0.0,62.69,21.68,0.0,68.08,0.141,0.166
S06552,51.156,23.19,0.0,74.83,51.547,24.79,0.0,73.82,26.05,13.38,70.24,0.391,0.532
S00532,58.99,24.97,0.0,73.23,59.216,25.08,0.0,82.62,24.05,13.84,72.36,0.226,0.376
S02844,60.917,22.31,0.0,82.84,61.179,21.43,0.0,72.37,25.56,2.3,76.46,0.262,0.263
S07881,62.832,21.39,0.0,63.9,62.879,26.93,0.0,66.48,23.68,27.79,68.05,0.047,0.554
S06066,59.343,25.29,35.0,64.6,59.88,18.04,0.0,56.75,20.41,2.47,66.23,0.537,0.251
S07602,51.063,24.44,9.07,75.32,51.514,26.23,0.0,73.08,21.47,0.0,75.96,0.451,0.286
S09155,65.77,23.99,3.99,78.81,66.048,20.61,0.0,70.91,23.1,1.94,71.68,0.278,0.187
S06591,58.114,24.83,0.0,75.8,58.558,21.72,0.0,67.53,22.35,0.0,65.87,0.444,0.266
S00732,49.472,24.91,0.0,98.0,49.911,24.71,0.0,71.33,21.42,3.18,60.12,0.439,0.249
S05021,62.111,27.01,7.3,64.15,62.364,20.51,0.0,49.19,24.63,5.37,71.56,0.253,0.363
S03975,64.063,22.14,0.0,76.68,64.236,22.62,0.0,62.67,28.14,7.59,63.19,0.173,0.354
S05046,65.689,19.3,0.0,74.49,65.984,28.15,0.0,56.63,28.51,12.46,80.41,0.295,0.511
S03968,48.975,24.66,4.15,77.12,49.393,25.24,0.0,65.09,22.93,1.79,60.37,0.418,0.293
S08607,58.701,16.65,0.0,51.05,58.787,13.79,6.19,61.22,25.15,2.98,74.82,0.086,0.266
S01861,76.052,24.71,0.0,81.58,76.11,29.09,0.0,69.79,25.22,0.0,59.2,0.058,0.142
S04726,60.598,24.69,0.0,63.43,60.854,25.93,4.36,75.65,28.15,5.51,69.21,0.256,0.234
S09789,69.512,23.35,0.0,71.39,69.698,22.21,0.0,80.97,24.46,0.0,75.1,0.186,0.142
S06340,59.112,25.58,0.0,68.51,59.745,19.75,0.0,63.21,26.63,16.88,72.3,0.633,0.502
S08461,49.837,23.95,9.58,57.8,50.289,21.68,0.0,66.19,25.93,5.16,77.79,0.452,0.413
S05014,42.791,22.19,0.0,61.32,43.106,23.53,0.0,61.1,20.35,7.79,66.54,0.315,0.343
S08925,46.219,24.25,0.0,84.25,46.589,18.53,0.0,61.8,27.16,24.6,80.85,0.37,0.633
S09367,48.358,21.93,0.0,72.65,48.714,23.51,0.0,65.64,20.73,0.0,68.87,0.356,0.332
S01460,51.319,25.09,4.07,69.39,51.696,22.45,0.0,66.69,18.78,5.29,63.28,0.377,0.143
S08852,73.17,19.27,0.0,80.31,73.297,20.91,0.0,81.12,24.16,2.25,79.31,0.127,0.198
S07795,53.008,21.88,0.0,66.12,53.25,23.83,5.28,84.54,20.67,5.66,62.35,0.242,0.262
S00761,66.435,26.38,0.0,79.96,66.734,25.61,0.0,84.74,25.66,0.0,85.12,0.299,0.222
S04413,66.069,26.65,0.06,74.99,66.145,14.21,0.0,65.46,16.79,4.86,67.22,0.076,0.103
S02835,67.232,23.2,4.65,83.57,67.426,17.2,0.0,65.35,20.77,0.0,66.41,0.194,0.126
S07363,48.533,30.5,0.0,76.05,48.869,21.95,0.8,81.56,25.59,0.94,80.62,0.336,0.339
S08309,57.429,22.99,1.96,63.22,57.725,24.28,0.0,73.71,26.98,0.0,66.41,0.296,0.299
S08374,60.302,26.51,0.0,66.05,60.464,27.4,0.0,59.96,22.67,0.0,70.31,0.162,0.265
S08342,48.828,30.08,3.99,57.44,49.25,23.02,0.0,70.74,25.11,0.0,47.98,0.422,0.232
S03864,69.448,27.81,9.26,71.4,69.774,19.55,0.0,61.49,26.63,3.1,77.24,0.326,0.232
S06182,63.914,27.07,0.0,71.61,64.059,13.8,0.0,71.91,21.76,0.0,68.92,0.145,0.201
S00840,73.204,26.14,0.0,65.9,73.311,23.0,0.0,62.76,22.31,0.0,58.26,0.107,0.067
S06189,49.419,21.61,0.0,78.77,49.647,24.68,0.0,67.41,20.09,37.59,67.19,0.228,0.629
S07880,56.233,28.1,7.74,70.68,56.767,19.7,0.0,60.8,23.97,0.0,78.33,0.534,0.331
S05313,70.217,21.66,0.0,64.7,70.41,24.74,15.25,64.78,24.53,18.9,67.92,0.193,0.352
S07022,61.994,20.88,0.0,70.06,62.237,18.03,0.0,69.08,24.24,0.0,60.46,0.243,0.192
S04298,78.992,20.55,2.44,62.37,79.098,17.86,0.0,40.05,24.25,0.0,64.72,0.106,0.033
S05518,56.852,16.08,0.0,60.72,57.353,19.5,0.0,71.29,25.41,9.31,81.68,0.501,0.392
S00175,69.899,19.92,0.0,69.92,70.017,19.51,0.0,70.56,20.01,14.43,67.69,0.118,0.266
S08240,63.375,29.33,8.89,75.38,63.818,23.92,0.0,75.95,20.19,6.68,76.06,0.443,0.25
S04626,60.77,15.44,3.42,62.79,60.851,20.25,10.11,63.96,22.43,7.46,67.37,0.081,0.271
S01880,57.295,20.72,0.0,58.39,57.488,24.23,1.78,63.64,26.45,2.43,61.81,0.193,0.322
S03091,68.896,22.34,4.08,65.32,69.095,23.23,0.0,59.44,20.89,0.0,74.14,0.199,0.206
S02420,71.465,24.61,5.1,69.48,71.66,29.45,0.0,73.74,17.32,0.0,71.49,0.195,0.1
S04911,57.741,16.89,0.0,68.01,58.041,23.05,7.76,71.7,20.38,0.0,75.06,0.3,0.212
S02422,68.296,21.53,0.0,61.29,68.432,18.83,0.0,72.28,18.82,13.94,68.43,0.136,0.2
S02706,53.954,22.93,1.44,61.13,54.245,25.71,0.0,65.51,21.4,3.33,73.17,0.291,0.284
S04856,65.507,28.06,0.2,70.86,65.884,19.11,0.0,53.94,19.8,14.12,80.32,0.377,0.308
S03031,69.657,21.69,0.0,75.38,69.952,29.59,0.0,58.01,22.63,32.82,76.11,0.295,0.509
S08314,48.227,21.9,0.0,85.17,48.619,25.87,0.0,57.39,21.14,0.0,77.46,0.392,0.291
S00727,56.133,27.04,2.74,70.0,56.471,23.1,3.42,81.06,20.12,5.42,78.27,0.338,0.206
S05125,52.456,22.15,0.0,77.77,52.822,24.07,0.0,71.2,24.47,0.99,95.38,0.366,0.412
S06563,75.19,23.03,0.0,60.67,75.258,27.56,0.0,64.46,24.7,0.99,72.08,0.068,0.202
S08905,62.429,22.74,3.41,68.78,62.643,17.25,0.0,60.76,24.08,3.35,62.74,0.214,0.242
S02563,59.34,24.62,0.0,67.3,59.755,19.91,0.0,81.25,18.99,0.0,74.06,0.415,0.166
S07100,67.166,22.99,2.52,66.59,67.421,24.83,0.0,70.38,22.48,2.1,70.98,0.255,0.207
S07513,60.161,26.23,0.0,72.72,60.269,26.52,0.0,71.51,18.24,13.49,75.07,0.108,0.269
S08277,62.806,20.11,6.33,70.79,63.128,23.4,0.0,69.52,20.57,0.0,68.89,0.322,0.153
S08089,55.613,22.22,0.0,80.75,55.833,28.03,4.58,77.19,21.94,0.18,64.81,0.22,0.226
S02861,57.648,21.25,0.0,64.84,57.841,24.58,0.0,54.95,25.11,0.79,82.4,0.193,0.388
S00796,58.77,21.89,0.0,78.94,58.942,18.98,0.0,83.09,26.2,1.13,77.38,0.172,0.426
S06368,68.557,23.03,19.73,68.77,68.883,24.82,0.0,66.57,24.79,0.0,59.29,0.326,0.187
S02325,66.93,26.36,0.0,87.4,67.143,21.2,6.69,54.18,20.78,22.59,71.15,0.213,0.325
S01199,66.911,22.77,0.0,63.29,67.091,21.33,0.0,55.78,20.64,2.3,81.78,0.18,0.179
S06904,54.302,30.33,1.48,55.84,54.683,25.17,0.0,63.41,21.16,0.0,78.45,0.381,0.291
S05075,69.14,20.02,0.0,63.55,69.243,22.48,0.0,74.78,22.1,0.0,83.09,0.103,0.203
S07296,77.767,25.72,0.0,66.4,77.836,25.94,0.0,77.38,26.18,11.38,60.86,0.069,0.225
S07885,70.285,23.31,0.0,68.6,70.489,18.06,0.0,57.32,18.42,8.74,60.03,0.204,0.036
S04563,64.634,25.58,3.57,61.12,64.88,22.97,0.0,58.4,22.99,0.0,65.53,0.246,0.12
S05189,54.51,21.27,0.0,83.06,54.829,23.04,0.0,87.61,20.69,2.65,67.38,0.319,0.176
S07107,64.899,22.0,0.0,70.42,65.085,22.78,0.0,60.74,24.8,0.0,66.17,0.186,0.245
S05386,66.749,20.49,1.9,70.59,66.973,26.01,0.0,67.67,19.25,0.0,71.42,0.224,0.097
S08431,54.235,22.52,0.0,88.18,54.558,18.72,0.0,56.2,19.18,1.05,67.04,0.323,0.197
S00176,63.078,14.31,0.0,53.77,63.189,18.42,0.0,65.13,21.6,1.32,62.99,0.111,0.068
S05288,57.929,22.47,0.0,77.2,58.294,17.89,0.0,74.04,22.39,2.44,68.61,0.365,0.2
S09674,57.403,24.94,0.0,69.42,57.742,17.44,0.0,74.82,23.19,0.95,77.23,0.339,0.283
S00762,61.224,25.33,0.0,77.12,61.537,23.57,0.0,77.28,23.68,8.42,72.2,0.313,0.309
S08806,47.049,16.82,0.0,66.26,47.362,24.68,16.91,61.9,20.46,1.25,79.06,0.313,0.299
S01065,59.529,20.62,13.26,67.76,59.869,17.03,0.0,79.39,25.87,5.17,66.39,0.34,0.255
S05265,42.438,23.35,0.0,63.16,42.801,19.98,19.54,71.01,23.29,1.15,63.44,0.363,0.373
S06194,51.512,22.48,0.0,57.58,51.711,22.97,0.0,69.61,19.8,0.94,80.08,0.199,0.245
S08929,70.769,22.07,1.6,61.37,70.842,22.81,0.0,69.83,23.23,0.93,71.04,0.073,0.175
S00662,60.538,27.45,0.38,66.12,60.903,21.43,0.0,56.42,19.11,0.18,56.92,0.365,0.061
S04937,73.745,24.29,0.0,76.02,73.896,21.68,0.0,62.04,24.9,7.41,74.62,0.151,0.296
S01771,74.591,20.01,2.72,75.78,74.725,25.56,3.11,60.3,18.85,4.4,61.54,0.134,0.072
S08645,45.1,24.27,0.0,87.27,45.483,25.57,6.06,65.96,20.1,2.37,75.12,0.383,0.309
S05308,60.561,24.27,0.2,69.67,60.815,20.1,0.0,66.93,25.37,6.5,81.9,0.254,0.432
S03858,68.889,22.35,20.16,70.93,69.246,22.6,0.0,73.01,19.8,0.45,64.65,0.357,0.094
S04388,73.257,24.61,0.0,72.42,73.408,24.84,0.0,67.0,21.93,35.5,58.75,0.151,0.485
S00357,58.542,21.36,0.0,54.63,58.768,19.71,0.0,67.8,22.0,1.62,64.09,0.226,0.162
S01391,62.419,25.71,0.0,79.75,62.589,14.43,0.0,63.73,24.42,18.8,75.32,0.17,0.423
S07605,75.396,21.5,0.0,62.3,75.574,22.0,9.92,73.51,22.51,0.82,65.34,0.178,0.145
S03422,60.701,18.17,0.0,80.69,61.004,22.57,8.0,68.2,27.55,0.0,64.43,0.303,0.302
S05644,55.341,26.91,29.5,66.68,55.962,23.18,0.0,80.71,22.66,0.0,71.65,0.621,0.268
S04151,65.564,17.77,0.0,67.13,65.643,23.69,0.0,76.81,23.86,43.71,74.99,0.079,0.725
S01858,69.446,24.63,0.0,68.7,69.753,18.67,0.0,84.33,20.33,1.05,80.28,0.307,0.123
S05503,55.864,20.07,0.0,78.34,56.074,24.34,15.27,56.05,20.59,5.94,66.56,0.21,0.316
S08653,56.817,24.49,0.0,78.05,57.12,17.12,0.0,61.33,23.61,7.26,73.24,0.303,0.371
S00310,65.723,22.61,0.0,88.62,65.962,19.05,0.0,75.1,26.9,9.82,75.08,0.239,0.362
S06216,47.918,28.81,0.0,75.2,48.195,22.99,0.0,71.62,23.42,33.1,72.4,0.277,0.666
S02317,62.159,15.38,2.88,66.9,62.273,20.32,0.0,90.0,17.21,0.0,75.0,0.114,0.143
S08909,65.209,13.95,0.0,64.78,65.317,26.49,7.2,63.56,20.22,0.0,59.54,0.108,0.16
S03152,54.285,22.09,0.0,65.42,54.592,22.31,0.48,59.43,24.04,4.22,77.35,0.307,0.295
S03951,50.063,26.75,34.45,82.37,50.745,24.78,0.0,77.91,24.77,0.0,75.92,0.682,0.307
S07386,56.843,26.0,0.0,66.05,57.068,24.68,11.79,71.05,22.28,1.58,73.23,0.225,0.301
S05813,62.418,27.43,7.22,76.1,62.763,27.33,0.0,66.39,20.36,0.0,66.26,0.345,0.207
S01655,64.367,22.35,0.0,80.04,64.579,26.0,5.34,62.1,23.41,2.46,71.65,0.212,0.207
S02433,72.907,17.27,5.46,57.13,73.099,24.41,14.06,72.74,21.59,0.24,64.27,0.192,0.111
S00614,62.049,14.0,0.0,65.51,62.059,16.59,0.0,69.67,25.11,2.37,65.37,0.01,0.262
S04711,66.095,22.04,0.0,62.25,66.217,22.98,5.99,85.85,24.95,5.89,64.13,0.122,0.276
S01532,63.086,15.53,0.0,58.28,63.158,22.6,0.0,59.05,22.93,2.2,78.74,0.072,0.257
S01289,58.003,21.32,9.98,55.0,58.264,22.31,0.0,75.67,17.26,0.0,66.86,0.261,0.01
S04094,48.576,21.48,0.0,89.59,48.964,19.55,0.0,53.79,22.48,1.96,58.67,0.388,0.258
S06715,62.619,20.32,0.0,67.74,62.935,22.61,0.0,76.21,19.88,1.09,59.28,0.316,0.131
S06599,58.42,24.12,0.0,56.31,58.675,24.54,0.0,68.35,22.24,30.74,56.21,0.255,0.402
S02529,52.963,16.15,0.0,71.05,53.075,27.46,0.0,73.15,24.54,0.26,73.74,0.112,0.349
S02711,60.065,21.04,0.0,75.59,60.386,19.23,0.0,72.81,24.57,14.2,73.01,0.321,0.43
S07758,69.327,20.09,0.0,75.71,69.502,25.02,0.0,65.94,26.73,0.0,51.68,0.175,0.199
S00694,43.987,15.01,9.49,63.75,44.268,23.62,0.0,65.14,23.9,6.05,72.52,0.281,0.427
S09468,50.956,22.57,34.66,62.15,51.552,27.47,0.0,68.46,21.3,21.54,65.29,0.596,0.409
S09300,51.322,24.22,0.0,73.98,51.641,22.98,0.0,67.63,24.56,0.0,74.54,0.319,0.306
S09664,74.163,25.6,0.0,76.09,74.385,20.05,0.0,58.29,25.05,3.05,69.82,0.222,0.24
S08138,59.041,24.66,0.0,76.15,59.331,26.01,1.42,63.37,20.22,8.09,77.92,0.29,0.34
S04225,62.708,22.67,0.0,77.99,62.976,17.18,0.0,64.19,15.5,4.38,80.64,0.268,0.096
S04517,59.119,22.1,4.54,65.68,59.364,22.84,0.0,67.74,19.18,0.76,65.42,0.245,0.216
S01197,58.858,19.74,0.0,69.91,59.055,26.15,15.32,68.5,23.13,5.17,67.77,0.197,0.244
S07626,56.06,23.89,0.0,45.73,56.329,24.69,0.0,72.88,24.67,4.2,78.56,0.269,0.346
S08938,63.566,18.1,0.0,66.42,63.683,24.26,0.47,77.63,21.62,3.72,68.85,0.117,0.211
S04638,67.805,25.22,3.38,77.99,68.06,16.07,5.46,66.07,19.04,0.0,64.6,0.255,0.064
S07994,81.96,21.38,0.0,65.05,82.009,18.4,0.0,66.38,23.34,2.03,82.24,0.049,0.14
S03243,55.589,23.56,0.0,75.71,55.843,25.14,0.0,66.55,21.56,0.0,66.83,0.254,0.188
S03520,63.087,21.12,0.0,50.98,63.222,24.87,0.0,59.55,24.71,17.48,77.02,0.135,0.459
S09683,58.83,19.87,0.0,63.67,59.117,24.46,0.0,88.54,26.22,5.96,71.47,0.287,0.364
S00038,65.795,24.46,0.0,79.21,66.16,21.51,4.12,80.86,25.08,0.0,65.06,0.365,0.233
S00640,52.021,18.22,0.0,67.96,52.319,20.73,0.0,66.9,23.3,1.4,62.16,0.298,0.2
S06054,54.458,27.68,0.0,63.14,54.644,25.27,14.21,69.82,23.6,26.1,63.87,0.186,0.467
S07938,59.265,18.35,3.14,61.66,59.377,28.71,0.0,67.47,23.03,1.92,66.27,0.112,0.273
S07406,49.178,18.68,0.0,83.87,49.509,17.16,0.0,61.51,23.79,0.0,68.36,0.331,0.331
S08775,63.181,16.98,0.0,66.27,63.423,17.4,0.0,76.06,21.58,0.0,59.48,0.242,0.07
S09818,67.562,20.89,0.0,71.07,67.739,26.63,0.0,84.25,20.43,1.81,66.38,0.177,0.155
S02213,74.938,26.27,0.0,68.36,75.098,25.13,11.68,62.54,21.55,0.94,60.28,0.16,0.049
S06279,67.714,23.23,2.22,81.93,67.991,23.33,0.0,80.26,20.5,4.58,70.26,0.277,0.207
S03297,61.765,25.54,3.29,77.71,62.099,19.38,21.48,54.27,23.16,1.23,68.57,0.334,0.251
S05201,50.699,22.6,0.0,78.0,51.144,23.77,1.4,73.45,21.95,7.91,62.53,0.445,0.306
S09930,59.411,21.29,0.0,75.82,59.624,26.32,0.0,73.13,27.68,10.8,75.63,0.213,0.436
S04346,72.35,21.78,8.39,65.17,72.543,21.24,0.0,62.43,25.25,0.0,66.16,0.193,0.192
S05666,76.27,26.21,18.19,72.86,76.586,22.85,0.0,74.03,23.16,4.24,66.45,0.316,0.168
S05086,53.904,20.53,0.0,69.12,54.077,17.97,0.0,74.31,21.71,12.21,69.09,0.173,0.355
S01282,65.209,29.43,13.93,58.78,65.687,21.15,1.2,62.43,22.93,26.46,60.91,0.478,0.424
S02719,65.052,23.56,2.07,69.16,65.309,24.73,0.0,73.98,21.17,10.36,72.95,0.257,0.17
S05994,57.093,20.54,0.0,63.51,57.257,25.54,0.0,78.66,22.96,3.77,73.51,0.164,0.266
S03742,42.101,25.81,0.86,65.94,42.445,24.22,0.0,71.8,27.09,1.9,67.27,0.344,0.408
S03258,65.548,17.66,0.0,62.68,65.671,17.83,0.0,82.98,26.16,3.83,64.68,0.123,0.216
S04284,61.169,17.35,0.0,69.27,61.32,21.94,0.0,73.47,22.67,3.07,79.31,0.151,0.329
S09120,74.154,21.13,12.38,65.11,74.32,24.75,6.75,70.28,23.1,5.21,70.96,0.166,0.193
S02010,47.82,21.07,5.67,68.62,48.144,26.87,0.0,71.64,22.5,1.49,65.63,0.324,0.305
S03179,65.935,18.19,0.0,68.75,66.115,24.56,4.25,66.14,24.19,2.72,71.98,0.18,0.222
S04723,56.809,24.07,0.0,70.55,57.092,22.58,0.93,68.68,20.1,0.0,73.36,0.283,0.222
S09202,69.527,25.07,2.36,84.12,70.021,23.83,0.0,47.78,24.16,11.09,73.99,0.494,0.323
S07494,64.127,26.77,0.0,69.31,64.303,24.44,0.0,65.79,22.61,3.34,72.42,0.176,0.166
S01050,67.336,28.64,0.77,78.78,67.614,24.62,0.0,86.19,21.71,1.39,72.52,0.278,0.116
S08513,53.573,24.43,0.0,82.55,53.892,25.48,10.01,72.49,20.88,17.06,70.01,0.319,0.397
S02502,50.631,25.29,0.0,71.16,50.93,23.45,0.0,84.19,24.0,0.0,75.81,0.299,0.361
S03277,62.031,19.96,0.0,41.99,62.119,24.02,0.0,77.39,23.92,21.68,68.62,0.088,0.488
S02987,57.433,26.38,0.0,73.78,57.718,22.8,0.0,73.77,23.4,9.33,83.87,0.285,0.34
S04547,57.559,24.94,0.0,70.83,57.907,26.83,0.0,71.72,21.63,19.17,77.64,0.348,0.464
S02913,63.763,23.75,8.35,64.54,64.028,25.87,0.0,60.65,22.88,7.34,82.63,0.265,0.354
S08097,68.754,24.87,0.0,79.96,69.0,25.93,4.11,61.2,18.8,0.0,74.33,0.246,0.166
S01220,53.135,16.71,0.0,79.3,53.341,18.58,0.0,53.02,26.55,6.91,69.68,0.206,0.408
S04450,54.855,24.91,0.0,61.8,55.238,22.42,2.37,69.74,21.36,11.75,65.56,0.383,0.351
S01476,49.385,18.46,0.0,66.83,49.531,28.94,0.0,67.07,28.24,0.0,81.04,0.146,0.476
S02886,54.935,25.87,0.0,82.5,55.328,23.44,0.0,73.96,20.23,30.55,59.83,0.393,0.488
S05802,56.599,19.05,0.0,68.79,56.755,18.09,12.89,72.31,19.69,17.38,74.37,0.156,0.422
S06740,68.101,22.98,0.0,69.48,68.239,22.6,0.0,70.89,22.28,0.0,69.49,0.138,0.202
S02054,43.089,20.34,0.29,67.38,43.469,24.5,0.0,63.85,22.03,19.07,73.5,0.38,0.565
S06989,75.387,18.51,0.0,64.96,75.397,28.98,0.0,75.93,24.84,0.0,76.53,0.01,0.21
S07080,58.213,24.53,0.0,63.3,58.406,17.41,0.0,61.44,20.54,5.02,70.87,0.193,0.272
S05738,52.681,22.51,0.0,74.87,52.905,23.64,2.54,68.83,20.75,24.56,79.75,0.224,0.531
S07916,71.386,19.89,9.85,79.82,71.684,21.86,0.0,75.29,24.11,1.84,67.29,0.298,0.287
S05690,75.042,20.58,0.0,55.19,75.104,26.06,0.0,76.0,22.1,0.0,76.67,0.062,0.178
S02521,69.494,23.0,0.0,69.2,69.608,19.39,0.0,60.33,25.88,3.48,74.92,0.114,0.23
S04024,61.654,26.13,0.0,82.12,61.922,24.76,0.0,65.11,18.37,5.66,62.71,0.268,0.085
S09046,59.523,15.21,0.0,63.02,59.63,21.68,0.0,62.52,21.81,6.21,78.69,0.107,0.273
S03459,57.613,20.22,3.31,69.73,57.763,24.44,0.0,66.03,23.08,1.46,76.08,0.15,0.283
S01495,59.911,22.77,2.38,71.56,60.267,25.45,2.67,70.11,25.9,10.26,53.75,0.356,0.277
S02396,61.472,18.93,0.0,79.03,61.892,17.23,0.0,66.75,18.95,0.0,75.48,0.42,0.191
S05371,63.935,21.33,0.0,69.49,64.115,21.76,0.0,70.19,22.42,1.47,72.43,0.18,0.192
S02866,64.586,29.41,0.0,71.53,64.814,20.97,0.0,66.77,19.17,25.89,68.44,0.228,0.342
S07137,45.035,23.36,0.0,89.4,45.386,22.25,0.0,63.8,22.47,0.97,64.05,0.351,0.341
S04992,63.735,19.58,0.0,70.31,63.851,23.15,2.43,61.81,25.52,2.86,72.26,0.116,0.356
S00350,64.886,21.27,0.0,79.28,65.065,22.0,0.0,56.13,24.79,3.53,71.03,0.179,0.28
S02443,57.721,16.45,0.0,63.75,57.812,24.1,5.44,75.71,22.89,0.0,66.6,0.091,0.232
S02069,64.861,24.13,12.41,76.09,65.178,19.72,0.0,65.32,20.15,1.31,60.3,0.317,0.106
S04235,52.257,20.05,0.0,73.85,52.472,23.17,15.92,71.53,27.2,14.49,65.32,0.215,0.506
S07392,66.713,25.98,0.0,62.19,66.942,19.74,0.0,66.35,24.63,0.85,60.48,0.229,0.193
S00087,49.978,21.46,0.0,77.02,50.33,16.82,0.0,78.46,18.98,0.0,61.86,0.352,0.211
S07291,57.482,20.45,0.0,62.8,57.697,20.73,0.0,54.63,25.94,7.95,70.87,0.215,0.448
S00306,68.534,27.95,0.0,64.14,68.706,22.92,0.0,79.41,19.3,6.8,75.15,0.172,0.196
S09041,68.298,24.3,0.0,73.79,68.599,18.84,0.0,62.39,20.98,7.44,66.37,0.301,0.203
S09190,66.691,21.45,0.0,55.12,66.887,17.27,12.29,68.75,22.94,6.5,65.61,0.196,0.23
S00919,64.026,22.75,3.78,60.56,64.27,27.74,0.0,65.07,23.42,28.46,64.62,0.244,0.536
S02058,56.552,29.63,3.65,85.65,56.838,28.11,0.0,70.75,22.58,1.3,63.73,0.286,0.19
S08094,67.882,23.61,0.0,74.29,68.005,24.05,11.03,71.17,18.9,0.0,78.88,0.123,0.174
S02780,61.616,22.84,0.0,69.13,61.804,25.53,0.0,81.17,21.88,10.23,64.09,0.188,0.346
S08202,47.297,24.71,3.95,61.77,47.588,26.53,0.0,75.25,24.86,0.0,62.51,0.291,0.339
S03970,44.272,24.16,8.71,75.17,44.866,23.58,0.0,68.01,24.91,0.0,60.74,0.594,0.37
S06568,54.174,17.32,0.0,69.32,54.281,26.05,0.0,73.93,22.08,10.98,69.03,0.107,0.359
S03077,58.666,14.82,3.3,59.54,58.868,21.63,0.0,58.27,18.81,1.36,66.56,0.202,0.21
S04998,73.675,26.19,11.57,66.75,73.99,28.04,0.0,66.52,24.49,3.23,61.71,0.315,0.169
S06026,61.289,21.22,0.0,64.44,61.494,24.58,5.68,69.15,19.92,1.98,67.19,0.205,0.152
S08538,60.05,24.93,0.0,68.92,60.61,22.36,17.4,54.55,22.81,2.84,74.52,0.56,0.277
S03573,56.704,21.04,0.0,74.52,56.99,23.91,13.4,90.97,20.81,0.0,69.73,0.286,0.229
S09492,52.763,23.03,0.0,81.81,53.024,19.55,0.0,61.59,23.97,1.79,63.18,0.261,0.311
S04995,56.237,26.59,0.0,67.12,56.579,15.51,0.0,62.06,23.28,0.0,68.72,0.342,0.262
S00454,57.699,20.56,12.67,71.42,58.068,27.4,0.0,76.43,25.21,6.22,70.26,0.369,0.333
S00337,53.361,20.4,0.0,64.63,53.793,18.22,0.0,72.31,23.18,1.12,63.6,0.432,0.307
S06731,68.525,21.22,0.0,79.08,68.748,25.2,0.0,85.44,20.37,0.86,64.81,0.223,0.233
S03722,73.947,24.22,1.08,70.44,74.084,28.32,0.0,69.75,24.7,1.07,77.94,0.137,0.196
S09499,54.506,21.97,0.0,74.25,55.161,25.73,0.0,76.32,23.92,1.72,87.37,0.655,0.322
S07480,63.575,27.4,0.0,66.59,63.82,24.34,0.0,63.81,22.24,3.51,65.46,0.245,0.196
S07435,70.08,22.21,0.0,67.41,70.23,21.03,0.0,64.59,23.46,3.62,69.15,0.15,0.189
S05501,72.29,23.71,0.0,79.58,72.413,24.87,0.0,69.66,21.6,17.01,75.3,0.123,0.227
S06190,67.473,23.75,0.0,53.98,67.536,23.97,0.0,65.1,24.0,4.93,62.31,0.063,0.183
S09458,53.861,23.8,0.0,66.04,54.147,25.96,0.0,65.47,21.77,0.67,81.14,0.286,0.31
S07510,60.34,26.04,8.66,72.32,60.711,31.74,0.09,74.45,20.82,0.0,67.44,0.371,0.15
S08370,61.667,23.72,0.0,74.56,61.955,21.69,5.02,51.03,20.23,7.65,66.33,0.288,0.216
S09604,64.663,20.32,0.0,58.14,64.782,17.74,0.0,61.71,23.66,0.0,69.51,0.119,0.23
S00507,66.169,24.33,5.74,69.23,66.292,26.41,2.76,77.17,19.31,1.36,70.79,0.123,0.154
S03690,53.667,25.37,0.0,70.62,54.04,16.9,0.0,48.05,26.4,14.62,71.14,0.373,0.488
S07770,56.657,23.47,0.0,63.29,56.939,25.97,0.0,62.66,22.36,0.0,65.22,0.282,0.193
S00586,57.807,30.91,0.0,65.44,58.234,20.8,0.0,55.3,21.49,1.39,64.2,0.427,0.215
S05105,54.443,27.28,0.0,72.5,54.823,20.83,0.0,69.13,22.57,25.59,76.93,0.38,0.562
S07431,58.839,25.17,2.33,75.2,59.039,19.57,0.0,59.38,20.76,1.45,73.44,0.2,0.182
S01985,63.818,30.4,0.0,75.5,64.153,28.24,0.0,60.56,26.14,1.57,71.42,0.335,0.302
S04860,67.328,16.71,0.0,64.76,67.493,19.8,0.0,62.32,23.24,14.45,74.2,0.165,0.34
S03231,58.731,23.37,0.0,66.36,59.125,25.48,0.0,78.87,26.77,0.81,62.35,0.394,0.22
S05167,77.281,22.11,0.0,61.47,77.383,26.1,0.0,75.87,21.18,38.79,75.18,0.102,0.538
S03648,61.39,22.99,0.0,62.91,61.605,14.43,0.0,47.73,22.58,0.0,65.79,0.215,0.289
S07573,64.678,18.97,0.0,68.77,64.874,17.68,0.0,59.89,24.19,0.0,68.39,0.196,0.201
S03746,63.847,23.34,0.0,71.96,64.118,23.13,15.97,59.03,20.69,0.59,53.38,0.271,0.085
S00584,64.086,14.9,0.0,54.61,64.156,24.44,8.45,56.83,29.61,2.48,64.09,0.07,0.324
S04467,57.745,24.61,1.31,65.12,58.099,25.95,0.0,71.98,21.42,0.0,70.7,0.354,0.186
S02089,80.286,20.78,0.0,64.73,80.411,25.85,0.0,72.87,21.85,0.11,84.22,0.125,0.129
S05310,67.715,25.87,3.14,75.88,67.905,17.82,0.0,67.26,22.86,12.04,70.57,0.19,0.232
S08299,56.443,23.69,0.0,63.2,56.649,28.37,6.29,69.25,23.34,5.28,72.71,0.206,0.307
S00111,69.012,15.94,0.0,66.05,69.151,23.67,0.0,69.31,25.59,0.7,72.68,0.139,0.258
S00402,66.32,24.91,0.0,78.57,66.618,22.22,0.0,81.63,18.87,0.0,60.87,0.298,0.057
S07756,54.392,24.49,0.0,79.19,54.771,26.22,7.38,82.44,24.29,0.13,87.38,0.379,0.409
S01706,69.683,25.07,8.95,73.39,70.036,25.29,1.0,69.21,23.32,0.0,71.49,0.353,0.181
S01366,61.986,21.74,0.0,71.55,62.209,22.82,9.08,62.58,22.84,0.0,75.39,0.223,0.265
S07156,59.111,17.97,0.0,48.08,59.174,22.91,0.0,71.91,22.14,4.46,60.18,0.063,0.26
S05613,54.917,27.97,0.0,71.78,55.257,21.25,5.46,70.35,22.38,1.15,71.91,0.34,0.257
S00170,53.305,18.37,0.0,67.9,53.462,24.77,0.0,92.69,25.17,0.0,59.74,0.157,0.272
S06712,56.578,17.68,3.18,68.68,56.861,20.71,0.0,68.05,16.96,0.0,52.9,0.283,0.104
S09611,71.441,25.28,0.0,72.19,71.615,22.5,13.44,76.2,24.2,14.73,66.26,0.174,0.252
S09529,66.142,22.79,0.0,59.59,66.315,21.13,0.0,82.12,25.71,1.43,64.9,0.173,0.146
S05904,62.245,22.25,13.87,74.46,62.535,21.26,0.0,71.32,17.38,0.33,89.88,0.29,0.172
S06196,51.687,26.03,0.0,70.85,51.979,26.2,0.0,81.86,18.92,1.05,70.08,0.292,0.159
S07254,56.442,27.08,0.32,72.53,56.839,18.64,0.0,66.98,27.34,6.12,74.91,0.397,0.438
S07475,57.862,27.59,0.0,72.98,58.115,22.52,0.0,76.72,26.88,33.22,72.52,0.253,0.677
S01385,56.793,27.05,0.0,63.94,57.154,23.4,0.0,69.45,21.7,0.74,73.91,0.361,0.258
S02656,77.71,30.44,0.0,84.58,78.085,16.78,0.0,70.12,23.57,11.09,68.98,0.375,0.21
S04409,66.139,26.89,24.59,76.12,66.617,24.54,0.0,63.58,24.64,12.8,80.92,0.478,0.391
S01739,46.209,19.47,0.0,83.1,46.554,22.33,0.0,71.38,20.97,2.19,79.02,0.345,0.332
S03504,67.622,24.54,0.0,64.42,67.75,31.2,0.0,67.39,23.5,0.0,64.85,0.128,0.19
S09104,78.476,21.04,0.0,69.72,78.566,19.62,0.0,79.1,22.32,3.96,70.88,0.09,0.126
S07006,68.605,22.72,0.0,73.93,68.777,28.47,0.0,88.56,24.68,5.32,62.53,0.172,0.213
S08238,50.667,21.63,0.0,73.3,51.012,23.11,0.0,67.47,17.95,0.0,76.46,0.345,0.212
S04313,68.264,22.95,0.0,79.91,68.515,25.91,5.77,78.38,26.53,28.91,75.29,0.251,0.6
S00985,75.712,18.83,0.0,58.45,75.803,26.65,0.0,74.64,16.68,0.0,67.78,0.091,0.103
S06912,51.878,23.2,0.0,64.65,52.144,14.4,0.0,71.84,20.68,0.99,79.07,0.266,0.311
S07654,50.248,26.55,6.66,72.05,50.549,21.39,0.0,64.69,22.71,0.0,73.35,0.301,0.274
S01211,67.562,21.91,0.0,57.83,67.796,23.71,0.0,82.08,22.81,1.62,64.37,0.234,0.198
S09974,71.408,20.76,1.94,75.51,71.537,19.74,6.12,52.57,25.08,0.0,79.22,0.129,0.264
S08035,42.031,21.22,0.0,74.83,42.427,28.82,2.8,58.37,25.27,0.22,91.41,0.396,0.479
S00094,78.948,13.88,0.0,63.39,78.989,17.35,0.0,68.5,24.13,0.0,78.22,0.041,0.139
S02849,63.9,26.9,0.0,65.92,64.173,27.27,0.0,71.31,22.61,0.0,65.34,0.273,0.189
S05261,51.369,21.71,0.0,63.82,51.735,24.87,0.0,65.09,24.63,15.61,76.35,0.366,0.421
S04004,67.55,24.46,4.66,54.99,67.789,22.43,0.0,78.74,24.06,0.0,62.06,0.239,0.159
S08085,71.302,20.47,13.99,73.56,71.605,29.53,2.69,75.6,16.34,0.0,58.55,0.303,0.024
S03949,52.367,23.09,0.0,72.47,52.638,22.89,0.0,65.48,23.84,19.78,73.07,0.271,0.538
S02085,68.41,26.23,0.0,80.27,68.714,24.43,0.0,72.01,22.54,0.0,74.79,0.304,0.231
S05266,58.769,25.97,22.22,70.5,59.2,22.82,0.0,68.16,18.33,0.0,63.91,0.431,0.151
S03991,60.118,29.08,0.0,64.77,60.257,21.26,0.0,71.73,21.63,0.0,69.3,0.139,0.204
S06622,60.572,25.62,0.0,76.98,60.729,22.38,0.0,71.96,25.96,8.42,80.45,0.157,0.361
S09636,64.932,18.06,2.65,77.33,65.136,16.01,0.0,72.19,19.06,2.04,71.3,0.204,0.1
S00489,76.978,24.06,0.0,52.94,77.092,25.36,0.0,73.87,22.0,11.43,71.26,0.114,0.226
S04505,66.258,18.47,0.0,70.33,66.4,24.01,1.65,78.06,21.45,4.53,67.52,0.142,0.171
S07050,52.763,23.79,0.0,68.25,53.223,22.13,4.54,67.74,22.85,8.52,74.31,0.46,0.374
S03229,66.493,24.08,0.0,68.2,66.655,27.31,0.0,76.76,16.59,0.0,68.22,0.162,0.07
S00359,58.224,22.79,1.55,72.76,58.546,23.93,6.07,73.21,21.9,1.32,70.12,0.322,0.219
S03571,61.45,26.03,0.71,52.4,61.762,26.37,0.0,81.7,20.03,3.25,65.32,0.312,0.151
S04283,66.962,24.96,0.0,90.37,67.181,23.23,0.0,50.82,19.19,0.09,61.64,0.219,0.069
S01265,61.435,29.05,0.29,62.27,61.701,17.61,0.0,51.59,19.57,1.7,68.45,0.266,0.158
S00364,75.704,23.08,0.0,55.39,75.815,25.41,12.5,66.5,23.14,0.0,81.83,0.111,0.108
S05694,73.814,30.81,0.0,56.56,74.029,20.7,0.0,81.61,21.58,1.7,58.9,0.215,0.063
S04031,60.06,25.38,0.0,82.68,60.414,19.98,0.0,85.24,23.66,0.29,68.5,0.354,0.307
S06488,58.149,24.4,3.27,69.63,58.477,23.39,0.0,62.34,19.03,5.37,72.23,0.328,0.221
S03341,51.183,25.85,7.13,72.83,51.613,27.31,0.77,55.2,19.96,11.26,75.75,0.43,0.393
S01931,61.98,20.0,0.0,69.58,62.087,22.48,23.33,66.45,20.99,1.74,59.88,0.107,0.186
S00907,49.727,26.28,0.0,78.81,50.114,24.82,0.0,56.86,23.79,6.42,63.4,0.387,0.324
S09986,64.989,21.62,0.0,52.64,65.15,15.86,0.0,60.43,23.19,0.86,73.69,0.161,0.208
S00114,58.271,23.37,0.0,73.06,58.448,21.23,8.31,79.05,20.24,0.0,60.45,0.177,0.221
S01519,63.933,24.35,0.0,61.15,64.052,26.92,0.0,66.93,22.26,42.23,71.36,0.119,0.615
S02509,53.65,21.8,4.81,59.6,53.946,23.27,0.0,64.67,22.48,0.0,70.56,0.296,0.307
S03266,57.458,24.04,0.0,91.9,57.766,26.48,2.94,74.02,27.24,8.4,65.07,0.308,0.435
S04392,80.163,17.18,0.0,53.63,80.208,21.23,0.0,62.7,22.58,4.56,64.45,0.045,0.043
S02131,70.543,29.35,0.31,85.77,70.756,22.3,0.0,67.16,22.98,3.91,72.75,0.213,0.225
S00602,65.441,23.73,0.0,75.86,65.698,23.4,0.0,65.43,23.55,0.49,75.87,0.257,0.255
S03738,68.606,27.71,0.0,71.48,68.903,22.53,0.0,69.76,26.85,15.91,62.15,0.297,0.39
S03521,51.415,21.86,0.0,64.94,51.637,25.07,4.19,56.38,20.15,0.31,78.95,0.222,0.263
S03917,62.837,20.47,0.0,65.7,63.029,20.49,0.0,65.88,22.66,34.02,67.43,0.192,0.432
S09968,67.028,21.43,0.0,81.59,67.191,19.69,0.34,78.27,20.84,1.92,78.54,0.163,0.075
S01474,56.23,21.99,0.0,65.57,56.481,24.79,0.0,68.62,20.19,0.03,60.97,0.251,0.156
S05226,57.027,26.51,0.0,76.53,57.299,18.85,0.0,72.27,18.46,0.0,63.58,0.272,0.113
S03895,76.518,22.71,0.0,75.35,76.903,27.03,0.0,67.77,19.29,6.9,69.5,0.385,0.077
S07689,50.086,15.98,0.0,69.21,50.235,22.02,0.0,72.92,22.44,0.0,79.53,0.149,0.306
S03509,62.984,22.11,1.96,59.23,63.374,23.54,0.0,74.12,21.2,11.04,76.93,0.39,0.281
S02956,70.522,26.68,4.3,76.53,70.76,21.39,0.0,64.09,20.41,0.0,70.75,0.238,0.17
S08211,56.585,25.15,15.78,61.08,57.013,27.0,0.0,80.37,19.04,0.0,64.61,0.428,0.198
S08350,60.122,22.78,15.35,66.39,60.553,16.87,0.0,63.52,20.21,1.04,69.38,0.431,0.109
S03446,62.552,24.51,4.86,53.58,62.709,21.63,0.0,55.85,23.93,0.0,65.72,0.157,0.189
S08072,59.496,23.32,0.0,81.85,59.734,25.86,0.0,77.64,22.75,1.58,63.41,0.238,0.186
S04376,65.38,26.75,8.44,53.14,65.692,21.4,0.0,65.9,26.51,4.59,64.22,0.312,0.218
S07695,66.457,23.35,0.0,63.49,66.703,20.33,0.0,57.21,18.89,0.0,64.44,0.246,0.01
S00555,43.608,21.25,0.0,54.39,43.892,21.09,0.0,67.16,20.96,5.13,64.57,0.284,0.363
S03601,69.731,27.2,3.2,58.62,69.823,28.76,4.85,79.44,26.33,9.84,64.24,0.092,0.216
S08725,62.555,24.43,11.13,60.98,62.86,22.28,0.0,85.51,22.96,0.62,86.59,0.305,0.31
S09357,45.345,22.02,0.0,69.02,45.677,28.28,0.0,65.24,26.92,3.13,80.13,0.332,0.504
S00989,71.024,25.17,1.83,65.91,71.342,24.32,0.0,60.75,22.92,4.4,75.61,0.318,0.101
S07705,73.901,16.94,0.0,66.91,73.929,26.75,3.28,71.09,20.36,0.0,75.0,0.028,0.105
S06895,64.208,22.33,0.0,71.06,64.394,20.75,2.11,52.44,22.66,15.04,68.63,0.186,0.298
S02027,63.041,17.98,0.0,67.08,63.218,32.69,0.0,79.55,24.19,6.24,85.28,0.177,0.357
S07530,67.894,27.65,2.26,74.4,68.105,23.38,0.0,77.25,18.13,2.23,61.31,0.211,0.185
S07498,60.429,25.26,0.0,70.47,60.763,25.45,18.75,72.01,22.96,0.0,85.12,0.334,0.37
S02600,67.536,24.63,0.0,60.81,67.708,18.85,0.0,62.3,21.32,0.56,68.61,0.172,0.116
S09973,57.518,21.33,3.28,66.99,57.77,20.39,1.95,68.57,24.87,0.0,64.41,0.252,0.283
S07313,57.319,23.99,0.0,65.88,57.763,18.54,0.0,65.99,17.84,0.0,62.83,0.444,0.097
S05815,53.61,25.38,0.0,79.8,53.98,25.53,0.0,77.14,20.18,1.26,70.56,0.37,0.209
S06858,58.748,27.67,0.0,70.37,59.01,25.26,7.3,78.08,24.76,5.0,65.97,0.262,0.263
S01097,56.512,19.31,0.0,61.13,56.686,21.44,0.0,81.95,17.13,4.82,72.38,0.174,0.187
S04672,43.089,21.05,0.0,65.17,43.398,23.68,0.0,74.56,18.62,12.4,66.33,0.309,0.427
S06169,59.611,26.52,12.3,78.47,60.141,18.44,0.0,76.79,20.19,7.43,73.42,0.53,0.164
S01910,55.332,25.37,0.0,64.16,55.582,25.03,0.0,86.25,22.33,0.09,66.25,0.25,0.246
S05113,61.678,20.42,0.0,74.33,61.915,22.71,0.0,72.91,24.48,5.48,70.91,0.237,0.263
S01115,66.677,22.97,0.0,78.69,66.724,26.88,0.0,67.05,21.62,7.02,53.79,0.047,0.157
S06388,70.26,27.06,0.0,77.45,70.454,16.58,0.0,77.48,24.85,0.0,76.49,0.194,0.181
S09702,44.631,27.16,0.0,66.06,45.0,31.66,2.48,79.46,25.85,11.19,73.35,0.369,0.475
S09850,61.611,19.52,0.0,64.68,61.856,17.61,0.0,74.21,22.7,6.86,60.94,0.245,0.236
S02846,52.234,24.48,0.0,52.99,52.542,19.83,0.0,84.65,26.44,0.0,64.13,0.308,0.409
S08689,64.129,20.56,0.0,71.01,64.205,14.96,8.55,63.77,23.51,0.0,72.49,0.076,0.192
S06384,76.537,25.38,0.0,70.27,76.647,23.29,0.0,81.64,23.15,0.0,76.58,0.11,0.208
S02052,72.868,26.49,0.0,78.67,73.156,16.41,0.0,64.32,20.19,0.0,90.88,0.288,0.154
S05575,55.377,21.18,0.0,65.21,55.591,12.0,0.0,52.19,23.04,0.66,64.72,0.214,0.272
S07040,63.189,18.01,0.0,71.9,63.303,25.03,0.0,72.05,19.94,0.0,60.69,0.114,0.075
S10000,60.446,24.77,0.0,63.98,60.666,25.54,0.0,68.35,22.82,1.41,72.88,0.22,0.175
S07205,56.832,21.0,0.0,70.08,57.083,18.93,4.62,70.38,22.25,1.25,65.27,0.251,0.235
S09189,56.848,16.38,0.0,59.56,57.018,27.82,0.0,79.71,23.95,4.39,68.29,0.17,0.268
S01259,65.749,17.13,0.0,61.02,65.895,23.0,0.0,68.99,21.52,0.32,75.39,0.146,0.206
S05280,62.868,25.44,0.0,79.32,63.167,25.1,0.0,73.63,23.28,2.78,69.26,0.299,0.296
S07224,55.99,19.42,0.0,57.35,56.199,21.47,0.0,62.98,21.59,0.0,76.05,0.209,0.281
S03979,49.242,22.54,0.0,72.13,49.505,16.97,0.0,53.22,24.36,0.0,63.98,0.263,0.28
S06250,70.613,19.65,0.0,68.93,70.719,19.49,0.0,62.7,21.96,0.2,64.46,0.106,0.077
S09130,65.651,24.47,0.0,73.24,65.979,15.45,10.21,81.65,24.78,2.01,67.85,0.328,0.251
S02920,50.168,14.5,7.26,53.38,50.327,26.62,0.0,80.87,22.54,1.11,66.32,0.159,0.292
S00404,59.231,22.88,0.0,70.03,59.452,27.37,0.0,67.13,25.56,1.72,71.14,0.221,0.255
S05971,63.775,22.98,30.66,67.38,64.365,21.89,2.84,67.0,23.56,0.1,68.01,0.59,0.131
S07561,72.14,23.52,4.03,58.93,72.357,22.84,0.0,75.32,26.21,0.0,66.6,0.217,0.225
S08523,60.427,23.77,0.0,70.86,60.602,16.65,0.0,55.17,20.66,0.07,71.9,0.175,0.203
S04922,55.74,14.13,0.0,57.1,55.913,24.7,0.0,43.55,27.97,3.34,69.96,0.173,0.312
S04294,50.015,24.48,0.0,74.84,50.373,22.42,0.0,72.19,21.6,0.0,68.16,0.358,0.266
S04530,62.075,23.96,0.0,66.27,62.271,18.73,3.14,65.43,22.23,0.0,64.01,0.196,0.206
S00845,66.866,28.77,0.0,92.1,67.125,22.51,0.0,71.54,27.46,0.0,79.24,0.259,0.238
S06229,67.098,29.48,0.0,72.71,67.339,20.68,2.79,73.44,21.66,0.0,59.31,0.241,0.145
S05640,59.687,23.16,6.33,57.51,59.977,20.57,0.0,61.2,19.23,0.33,62.47,0.29,0.125
S03396,61.077,23.44,0.0,67.68,61.366,22.75,0.0,87.77,21.8,2.63,53.27,0.289,0.209
S04082,62.808,24.8,0.0,57.81,62.903,22.26,0.0,64.42,25.03,0.0,69.6,0.095,0.23
S02074,55.944,25.53,0.0,54.01,56.247,22.41,0.0,68.28,25.5,0.57,64.84,0.303,0.261
S04659,71.182,18.91,0.0,80.06,71.462,25.67,0.0,75.14,27.69,0.23,78.76,0.28,0.227
S00438,61.259,17.7,0.0,62.07,61.346,22.21,21.14,73.5,26.39,1.31,61.83,0.087,0.252
S04588,52.361,26.64,0.0,64.06,52.605,18.29,0.0,55.86,23.81,9.13,68.77,0.244,0.393
S08158,71.709,24.4,0.0,77.23,71.885,25.5,2.34,65.38,22.81,1.57,79.9,0.176,0.148
S04382,56.984,23.96,9.04,69.23,57.302,17.95,0.0,67.97,25.37,2.44,82.26,0.318,0.32
S03894,57.889,19.85,0.0,70.85,58.118,20.16,0.0,64.9,18.71,20.37,66.81,0.229,0.406
S03855,47.548,18.68,0.0,69.1,47.835,24.33,0.0,50.42,28.71,0.0,77.81,0.287,0.471
S09820,63.614,26.31,12.57,77.66,63.937,26.24,0.0,69.96,21.14,0.0,66.18,0.323,0.142
S05951,72.538,19.97,7.94,56.32,72.71,18.65,0.0,54.54,16.15,0.0,73.56,0.172,0.057
S00535,45.623,20.64,0.0,69.46,46.227,22.67,0.0,65.48,24.66,5.9,73.1,0.604,0.391
S05925,71.065,24.46,0.0,76.79,71.213,24.07,1.19,86.44,20.4,0.0,70.0,0.148,0.033
S06686,70.583,21.98,0.0,75.67,70.737,17.68,0.0,74.66,18.38,0.3,64.39,0.154,0.073
S00918,63.777,23.86,0.0,66.16,63.95,20.88,0.0,81.76,21.52,3.04,65.21,0.173,0.151
S05251,68.447,26.04,8.54,89.53,68.81,22.99,0.0,71.79,22.04,9.44,60.44,0.363,0.255
S07545,63.988,19.59,0.0,70.26,64.14,21.01,2.6,60.92,30.17,0.14,66.1,0.152,0.325
S02011,66.62,18.07,0.0,63.35,66.715,22.43,7.57,85.96,21.59,0.0,59.38,0.095,0.121
S05544,66.759,22.74,0.0,82.14,66.99,26.31,0.0,77.94,24.15,10.26,66.27,0.231,0.378
S08900,62.798,22.38,0.0,68.45,62.983,23.73,0.0,67.33,21.53,0.61,76.98,0.185,0.258
S06369,61.303,23.63,0.0,53.16,61.456,16.86,0.0,69.55,20.9,0.9,76.14,0.153,0.221
S08285,47.228,17.29,0.0,54.64,47.446,25.51,0.0,74.1,21.98,0.34,70.44,0.218,0.175
S06630,68.611,23.44,0.0,67.3,68.842,24.46,0.0,78.23,25.63,5.46,70.55,0.231,0.244
S09645,69.061,27.1,0.0,83.67,69.317,25.37,0.0,65.41,20.51,0.0,88.18,0.256,0.173
S09932,57.007,21.78,2.49,67.74,57.279,26.12,7.65,72.94,22.4,9.33,63.77,0.272,0.322
S00927,60.715,27.01,0.0,78.49,60.957,19.98,0.0,67.25,26.59,4.91,64.83,0.242,0.297
S00143,65.472,16.93,0.0,68.54,65.549,24.65,0.0,66.66,22.59,0.46,67.89,0.077,0.144
S08555,63.587,15.71,0.0,68.53,63.987,24.15,0.0,65.73,22.44,0.0,60.17,0.4,0.132
S03049,59.483,24.72,0.0,92.19,59.86,24.91,0.0,76.03,18.84,15.32,70.93,0.377,0.237
S03591,63.9,20.5,0.0,81.32,64.084,24.8,0.0,68.16,27.31,0.0,73.34,0.184,0.314
S08980,72.434,26.99,0.0,73.17,72.611,23.98,0.0,79.9,22.95,9.17,76.01,0.177,0.188
S00389,56.655,20.6,0.0,65.11,56.803,25.41,0.0,68.11,16.91,4.55,70.04,0.148,0.122
S02419,64.276,26.91,3.63,68.76,64.478,14.33,0.0,71.25,23.08,0.0,83.29,0.202,0.289
S00717,77.719,28.16,0.0,86.71,77.853,26.21,0.0,83.77,21.83,1.15,64.36,0.134,0.057
S00828,72.006,21.95,0.0,78.54,72.184,26.5,4.31,76.58,23.78,1.55,77.34,0.178,0.206
S00899,65.906,20.58,0.0,72.63,66.084,25.57,0.0,66.28,19.57,0.0,80.08,0.178,0.184
S00734,64.62,22.45,4.77,66.36,64.863,26.0,7.7,57.4,21.44,3.62,80.63,0.243,0.142
S00136,60.056,19.72,0.0,76.45,60.203,18.41,4.24,56.03,23.57,1.34,65.45,0.147,0.231
S06092,40.714,16.01,0.0,60.97,40.982,22.38,0.0,74.25,25.23,0.0,69.38,0.268,0.426
S08269,71.243,17.33,4.88,82.34,71.368,15.16,11.28,50.17,25.35,9.52,84.26,0.125,0.326
S04446,56.796,23.52,0.0,78.57,56.995,20.53,1.02,78.7,22.31,0.0,61.15,0.199,0.181
S03942,67.568,21.59,0.0,59.71,67.698,27.07,0.0,54.43,22.6,3.6,75.31,0.13,0.182
S01974,55.021,22.22,0.0,69.95,55.327,30.43,0.0,61.53,22.83,4.36,75.19,0.306,0.22
S05137,51.574,21.61,0.0,58.75,51.762,23.17,0.0,64.68,22.36,3.15,71.04,0.188,0.303
S09085,58.767,24.64,0.0,70.56,59.234,21.43,0.0,70.77,23.49,17.24,64.51,0.467,0.388
S06852,43.318,12.86,0.0,74.97,43.488,21.29,0.0,73.03,25.56,3.16,78.25,0.17,0.476
S07097,56.213,23.95,6.41,67.38,56.565,27.85,0.0,62.07,20.67,1.38,68.88,0.352,0.17
S05217,63.458,18.95,0.0,76.27,63.574,22.43,0.0,86.93,27.8,2.72,73.21,0.116,0.306
S07532,54.969,19.2,0.0,77.04,55.254,18.79,0.0,66.61,23.58,7.79,72.0,0.285,0.405
S03632,52.148,21.46,0.0,62.24,52.417,19.89,0.46,65.01,24.96,23.11,71.8,0.269,0.527
S02819,57.228,19.96,0.0,62.51,57.425,29.23,1.83,72.85,19.29,1.8,67.64,0.197,0.137
S08655,61.643,21.86,0.0,64.8,61.834,25.22,0.0,61.3,25.31,2.16,88.38,0.191,0.339
S07958,64.114,23.82,7.99,71.42,64.451,23.68,0.0,66.94,26.62,0.15,73.58,0.337,0.242
S04525,62.993,25.21,7.72,87.19,63.406,22.04,0.0,57.82,21.74,7.39,69.98,0.413,0.297
S04212,49.08,20.16,0.0,55.84,49.429,21.59,0.0,70.99,22.73,0.0,58.97,0.349,0.241
S06924,67.815,23.52,0.0,60.87,67.958,25.28,0.0,80.36,22.76,0.0,76.44,0.143,0.132
S03903,56.943,22.4,2.65,67.09,57.168,21.13,0.0,63.03,26.05,8.01,68.52,0.225,0.347
S00147,57.938,25.3,0.0,89.2,58.206,22.87,0.0,71.24,24.07,0.0,63.9,0.268,0.225
S00912,58.869,23.41,26.69,78.14,59.341,24.53,0.0,68.87,20.05,1.24,61.9,0.472,0.115
S04106,60.645,13.6,0.0,71.46,60.782,16.29,0.0,66.95,22.1,9.98,61.17,0.137,0.332
S02541,52.814,23.45,0.0,64.4,53.074,19.68,0.0,69.43,22.3,0.0,66.36,0.26,0.303
S08950,46.207,26.97,0.0,80.52,46.584,17.65,0.0,65.74,20.44,5.08,79.45,0.377,0.399
S01941,73.58,24.36,0.0,82.27,73.656,25.37,0.0,79.04,25.28,1.75,72.51,0.076,0.24
S04816,59.997,17.02,0.0,71.96,60.126,23.05,35.0,54.47,19.05,0.0,54.92,0.129,0.043
S05906,40.0,27.27,0.0,66.72,40.363,23.3,1.63,79.39,29.6,0.0,83.54,0.363,0.534
S05619,69.246,23.48,0.0,69.25,69.336,19.77,0.0,63.43,23.59,0.0,76.09,0.09,0.22
S08334,57.126,15.65,0.0,81.25,57.403,23.67,0.0,85.41,18.82,0.0,72.47,0.277,0.133
S09811,69.019,21.56,0.65,70.49,69.179,23.36,4.72,70.27,20.64,1.64,57.07,0.16,0.045
S07455,50.635,19.57,2.23,73.64,51.016,22.38,0.0,54.15,21.21,15.02,70.88,0.381,0.448
S09938,48.785,22.82,0.0,53.82,49.029,16.55,0.0,75.2,22.16,3.26,57.46,0.244,0.352
S01156,70.445,24.94,0.83,79.1,70.629,14.37,0.0,67.34,19.7,0.49,59.54,0.184,0.01
S08295,66.23,25.23,0.0,84.77,66.466,25.09,0.0,73.78,19.98,1.18,75.15,0.236,0.192
S08494,54.423,23.82,16.2,72.08,55.041,23.87,0.0,63.5,23.04,4.44,80.48,0.618,0.268
S03759,56.031,22.93,0.68,72.55,56.313,27.12,34.81,75.67,21.37,0.58,68.59,0.282,0.21
S02825,62.04,27.14,0.0,72.29,62.306,19.53,0.0,72.44,22.44,8.3,68.08,0.266,0.204
S03310,67.613,24.46,0.0,64.34,67.789,23.9,4.38,80.91,23.23,10.88,73.49,0.176,0.28
S00279,70.191,21.4,0.0,65.47,70.404,18.51,0.0,53.13,26.17,12.28,62.1,0.213,0.281
S08544,63.118,17.18,0.0,68.44,63.288,23.52,0.0,77.62,23.34,20.73,74.51,0.17,0.459
S07173,65.449,21.41,0.0,70.71,65.63,25.23,0.0,66.89,22.04,2.74,69.59,0.181,0.182
S03123,69.115,24.53,9.84,78.65,69.478,24.68,0.0,77.42,14.86,0.0,62.01,0.363,0.057
S00530,61.962,14.16,0.0,64.11,62.054,20.77,0.0,56.16,22.78,0.0,83.44,0.092,0.302
S01729,68.727,19.34,0.0,59.44,68.864,25.61,0.0,64.22,24.2,5.61,76.11,0.137,0.324
S08825,50.015,25.42,12.17,63.41,50.592,20.78,0.0,66.76,24.64,0.0,71.95,0.577,0.389
S05018,56.04,26.96,0.0,79.66,56.606,27.17,2.08,82.27,23.03,0.0,58.72,0.566,0.165
S05634,60.993,14.36,0.0,64.45,61.093,18.12,0.23,63.63,18.73,0.0,66.44,0.1,0.094
S09488,62.819,27.65,0.0,83.68,63.155,25.57,0.0,68.57,25.91,3.56,81.69,0.336,0.311
S03234,60.755,21.38,0.0,72.11,61.118,16.05,0.0,73.74,26.32,0.0,78.89,0.363,0.278
S08844,73.756,26.02,4.86,89.96,73.988,27.1,2.91,86.84,26.25,0.0,74.91,0.232,0.16
S08073,64.568,22.31,0.0,68.89,64.713,25.88,6.64,76.0,23.1,15.65,72.5,0.145,0.366
S08412,69.507,28.58,0.0,81.07,69.707,24.5,11.15,73.35,19.54,0.0,81.44,0.2,0.13
S01372,51.238,24.94,8.84,63.17,51.623,17.46,0.0,66.81,21.49,1.43,63.2,0.385,0.207
S00887,57.844,27.37,2.48,78.78,58.244,26.16,0.0,65.87,18.82,1.43,65.04,0.4,0.089
S07614,75.678,20.46,0.0,59.19,75.742,30.44,7.88,87.6,22.15,0.0,70.27,0.064,0.145
S03219,60.86,24.98,0.0,79.51,61.088,19.85,2.34,71.7,21.37,2.39,80.85,0.228,0.189
S06860,50.997,22.08,4.96,71.67,51.33,25.03,0.61,81.13,26.05,10.37,70.5,0.333,0.455
S01680,65.004,16.97,0.0,60.83,65.142,25.22,0.0,72.89,21.66,0.0,63.51,0.138,0.148
S09999,55.518,21.35,0.0,72.89,55.866,22.58,9.26,72.21,21.52,1.72,77.24,0.348,0.197
S05486,65.597,22.34,0.0,72.17,65.835,22.9,0.0,63.35,20.89,1.18,75.36,0.238,0.223
S08302,45.987,22.88,0.0,78.71,46.445,21.88,0.0,64.8,22.02,1.37,57.02,0.458,0.214
S04732,66.526,26.34,16.4,92.84,67.081,23.99,0.0,67.08,24.6,3.94,73.92,0.555,0.267
S07823,45.585,28.63,0.0,58.33,45.774,28.49,0.0,54.44,22.18,6.76,73.09,0.189,0.4
S08145,73.684,17.55,0.0,78.6,73.721,23.31,0.0,87.13,25.87,1.48,61.66,0.037,0.163
S00751,72.227,25.89,0.0,63.59,72.431,22.96,0.0,83.48,22.73,12.53,70.62,0.204,0.226
S03429,53.319,19.03,0.0,57.93,53.459,26.44,8.18,67.27,25.29,0.0,84.51,0.14,0.377
S09572,53.278,22.91,0.0,76.3,53.647,31.74,0.0,63.86,20.51,0.0,61.98,0.369,0.252
S08836,51.897,22.89,0.0,82.14,52.263,20.07,0.0,57.06,20.71,1.86,67.97,0.366,0.313
S04165,60.322,22.25,1.52,63.0,60.508,23.99,2.31,61.28,23.89,1.81,77.44,0.186,0.279
S00081,65.866,22.39,0.0,76.97,65.991,23.3,0.0,58.25,22.68,0.0,68.95,0.125,0.193
S04350,65.691,24.4,0.0,75.27,65.92,23.64,0.0,73.3,28.48,2.8,71.93,0.229,0.338
S01263,53.29,24.91,0.0,78.65,53.498,23.08,6.23,94.01,22.52,2.03,66.16,0.208,0.21
S01261,64.352,27.83,0.08,73.73,64.629,22.47,0.0,68.42,24.06,3.38,65.63,0.277,0.267
S05874,73.561,17.74,0.0,75.88,73.731,23.16,0.0,73.44,24.86,0.0,85.85,0.17,0.159
S06451,55.342,25.69,11.43,66.87,55.715,28.24,0.0,64.71,23.17,7.16,68.82,0.373,0.311
S07211,54.488,18.39,3.58,58.43,54.657,15.54,0.0,70.47,21.18,1.57,62.22,0.169,0.228
S08914,69.276,16.12,0.0,72.12,69.557,25.21,0.0,68.21,25.65,2.99,61.52,0.281,0.196
S08599,55.491,25.49,0.0,62.21,55.774,25.68,6.24,74.9,21.28,14.05,72.04,0.283,0.424
S07141,58.931,23.01,0.76,66.23,59.192,25.69,0.0,81.01,23.71,14.03,66.64,0.261,0.317
S03995,63.781,22.62,0.0,78.44,63.95,25.04,0.0,85.46,24.91,3.24,65.2,0.169,0.271
S06056,62.576,22.9,0.0,84.52,62.82,23.17,0.0,86.85,25.85,1.34,70.15,0.244,0.217
S05680,65.465,14.92,0.0,73.33,65.74,18.29,0.0,68.55,17.3,0.86,77.77,0.275,0.133
S05859,65.504,26.68,0.0,57.78,65.755,18.15,0.0,68.67,20.63,0.08,57.52,0.251,0.138
S03456,69.518,27.23,0.0,71.26,69.733,18.75,0.0,62.48,27.19,0.57,73.35,0.215,0.199
S06887,66.181,27.9,0.0,64.4,66.33,20.21,0.0,69.12,21.18,1.32,67.18,0.149,0.15
S08580,61.155,24.32,0.0,62.6,61.259,19.84,0.0,72.74,24.28,6.73,71.21,0.104,0.289
S05109,72.526,24.85,0.0,51.7,72.675,25.08,0.0,60.17,16.96,0.97,69.8,0.149,0.087
S03622,65.82,17.38,0.0,55.79,65.923,24.29,10.79,82.24,17.02,3.65,73.33,0.103,0.103
S09900,64.708,24.44,0.0,84.98,64.922,23.2,0.0,61.52,22.6,0.0,70.54,0.214,0.182
S01359,64.57,23.0,0.0,67.56,64.741,14.98,0.0,76.54,22.43,1.77,74.07,0.171,0.251
S05069,68.599,24.91,0.0,95.0,68.955,23.75,0.0,60.55,24.75,27.24,55.69,0.356,0.451
S06590,51.027,15.6,0.0,66.2,51.231,27.01,0.0,68.93,20.94,3.7,68.98,0.204,0.274
S07606,53.929,19.45,0.0,64.13,54.134,21.59,0.0,70.02,14.59,0.35,58.2,0.205,0.055
S04739,45.985,22.93,17.11,75.23,46.58,25.42,0.0,61.38,21.84,9.03,74.39,0.595,0.497
S06299,57.757,27.29,0.0,66.78,58.196,28.95,4.34,78.43,22.28,0.71,61.89,0.439,0.239
S06742,53.168,23.37,21.99,63.71,53.674,26.51,0.0,69.98,22.61,13.53,69.55,0.506,0.405
S05560,44.141,24.1,3.22,69.56,44.65,24.57,0.0,61.39,27.92,7.17,67.21,0.509,0.532
S06150,65.823,21.64,0.0,77.17,66.049,23.32,0.0,80.01,17.54,1.89,57.03,0.226,0.092
S09946,56.28,20.88,0.0,70.03,56.501,23.1,0.0,67.76,20.65,1.08,57.04,0.221,0.219
S06124,70.518,15.61,0.0,61.66,70.6,22.07,0.0,68.59,25.16,13.11,67.54,0.082,0.31
S01458,62.101,22.96,0.0,80.84,62.435,27.72,0.0,74.81,27.03,0.64,55.22,0.334,0.187
S01869,62.083,18.53,0.0,76.18,62.385,23.45,0.0,73.28,25.04,11.54,77.5,0.302,0.392
S07678,48.096,17.96,0.0,53.59,48.413,29.96,0.0,75.08,22.98,0.0,76.95,0.317,0.28
S08649,54.86,15.99,4.73,79.32,55.312,27.96,0.0,75.5,26.53,6.42,72.22,0.452,0.341
S07241,61.996,21.45,0.0,64.25,62.158,25.03,13.6,70.91,20.22,13.79,72.54,0.162,0.267
S02507,65.633,16.16,0.0,76.47,65.815,20.89,0.0,57.82,23.14,2.62,69.3,0.182,0.249
S08888,54.453,24.35,23.7,76.9,55.021,21.72,0.0,58.97,22.94,1.31,68.95,0.568,0.271
S03868,64.242,28.0,0.0,51.75,64.445,22.74,0.0,69.96,19.47,0.0,53.52,0.203,0.044
S00292,72.85,25.22,0.56,66.0,73.019,17.99,0.0,65.65,23.82,3.84,59.71,0.169,0.144
S01687,70.425,27.14,0.0,77.7,70.746,25.77,0.0,64.49,21.98,0.0,85.57,0.321,0.107
S05435,67.218,25.28,0.0,76.75,67.475,28.38,1.91,61.01,22.5,7.23,64.21,0.257,0.188
S05259,56.566,25.38,0.0,76.68,56.814,25.8,0.0,73.31,21.58,0.92,73.24,0.248,0.248
S03227,56.038,25.57,0.0,58.23,56.309,24.47,0.0,74.92,24.15,1.13,69.52,0.271,0.238
S03153,57.223,23.24,0.0,79.45,57.504,18.29,0.0,74.92,24.49,1.66,64.65,0.281,0.205
S09010,58.092,19.79,2.37,75.93,58.339,24.33,14.99,77.91,21.87,19.98,65.19,0.247,0.349
S07865,74.621,21.65,0.0,79.82,74.721,26.06,0.0,65.54,21.96,3.26,70.49,0.1,0.157
S02914,82.929,15.46,0.0,71.09,82.939,24.04,0.0,71.83,23.0,1.75,86.07,0.01,0.132
S08106,63.699,20.85,0.0,65.05,63.906,24.19,0.0,88.69,26.98,0.0,71.43,0.207,0.335
S08420,63.05,25.26,0.0,77.47,63.268,24.57,11.84,70.35,27.43,5.43,66.55,0.218,0.347
S05683,47.492,19.41,0.0,61.91,47.754,23.62,0.0,56.51,23.85,2.7,74.76,0.262,0.34
S09303,63.333,25.05,0.0,68.77,63.601,27.4,0.0,70.66,24.36,0.85,63.72,0.268,0.262
S00559,57.023,22.19,0.0,70.24,57.282,19.19,0.43,51.69,24.82,0.0,69.72,0.259,0.262
S06639,61.615,20.09,0.0,65.95,61.747,18.19,0.0,85.78,23.34,0.0,67.76,0.132,0.227
S09033,71.326,23.49,0.0,68.92,71.479,16.86,0.0,69.49,20.32,7.47,69.97,0.153,0.163
S06543,67.445,25.12,0.0,68.74,67.662,21.6,0.0,68.82,22.84,10.97,62.78,0.217,0.258
S01943,58.484,21.75,0.0,67.69,58.708,20.66,0.0,74.02,20.13,0.0,74.21,0.224,0.219
S00541,49.761,26.19,13.46,66.64,50.231,20.73,4.39,69.11,23.27,0.0,70.73,0.47,0.302
S07273,65.818,26.14,0.0,63.9,66.064,29.33,7.55,75.1,26.44,0.0,72.23,0.246,0.261
S09929,60.133,20.19,0.0,67.09,60.408,15.34,0.0,56.26,25.86,0.0,74.69,0.275,0.271
S07993,64.126,26.82,8.13,68.16,64.407,22.26,0.0,69.7,21.27,24.39,77.2,0.281,0.432
S09819,51.346,22.31,2.39,66.09,51.646,19.03,2.11,65.5,23.58,18.54,76.95,0.3,0.536
S04694,40.253,21.28,0.0,74.25,40.586,16.89,0.0,75.8,18.16,3.71,72.66,0.333,0.317
S01526,67.672,19.24,0.0,73.07,67.791,18.89,0.0,90.22,24.28,3.78,65.5,0.119,0.223
S05924,75.735,23.99,2.9,77.3,75.951,21.9,0.0,72.82,25.42,0.0,73.12,0.216,0.133
S05195,67.399,25.64,7.69,75.06,67.714,21.53,0.0,74.21,20.99,20.11,61.2,0.315,0.285
S00515,78.033,19.62,0.0,77.83,78.13,23.4,6.9,75.19,24.74,0.0,66.43,0.097,0.097
S08360,65.671,19.83,0.0,67.79,65.856,20.47,2.32,68.8,20.09,0.0,74.12,0.185,0.204
S02822,59.178,15.43,0.0,68.75,59.358,22.56,0.0,65.46,25.82,0.0,73.73,0.18,0.305
S05573,41.801,25.12,0.0,73.94,42.202,24.53,1.13,65.69,25.82,11.61,79.98,0.401,0.589
S06273,64.144,26.32,1.69,70.81,64.411,21.06,0.0,77.66,24.74,1.5,66.25,0.267,0.215
S07334,63.959,26.33,0.0,69.03,64.171,23.61,1.18,57.35,23.91,9.61,64.09,0.212,0.307
S06493,74.369,31.32,0.0,71.46,74.571,25.06,0.0,56.8,19.81,1.8,57.96,0.202,0.059
S07784,67.697,22.39,0.0,58.29,67.87,24.05,0.0,58.87,25.35,27.98,79.01,0.173,0.493
S06175,44.777,23.63,11.12,62.88,45.222,17.2,0.0,75.59,27.65,3.73,72.38,0.445,0.391
S02655,63.954,22.27,0.0,78.98,64.152,27.61,0.0,65.47,22.81,2.09,75.63,0.198,0.236
S04214,51.747,22.66,0.0,71.83,51.955,21.78,0.0,71.52,18.35,2.43,59.14,0.208,0.143
S04198,61.782,25.45,0.0,60.07,62.041,23.75,0.0,59.22,22.3,3.72,66.1,0.259,0.211
S01757,60.694,19.41,0.0,64.92,60.851,17.48,0.0,63.06,23.77,24.34,79.12,0.157,0.511
S01281,59.794,22.89,0.0,67.98,59.964,23.14,15.15,75.03,18.81,0.0,66.58,0.17,0.201
S02100,74.32,24.19,0.0,67.44,74.417,24.6,0.0,73.97,22.61,2.93,71.52,0.097,0.113
S00932,68.961,25.07,0.0,73.33,69.136,22.93,0.0,75.58,25.94,0.53,71.84,0.175,0.18
S04855,63.677,22.93,0.0,81.8,63.908,16.46,0.0,73.24,26.79,0.0,66.14,0.231,0.323
S09943,63.106,21.51,7.24,84.51,63.349,19.14,0.0,63.2,23.58,0.0,71.93,0.243,0.261
S08151,54.818,20.96,24.81,70.15,55.343,23.97,1.58,81.78,27.46,0.0,76.63,0.525,0.379
S09107,59.724,21.17,18.99,74.73,60.093,23.06,0.0,77.42,19.02,3.44,81.59,0.369,0.331
S02787,67.321,23.77,0.0,64.96,67.619,27.85,0.0,75.24,21.7,0.0,68.12,0.298,0.169
S04583,61.051,23.19,5.35,70.58,61.292,24.94,0.0,60.22,25.35,0.73,71.81,0.241,0.255
S02140,50.639,25.72,0.0,70.07,50.959,25.5,14.39,67.56,15.59,1.93,63.84,0.32,0.174
S09434,57.003,19.59,0.0,73.33,57.272,25.36,0.0,77.09,21.32,1.33,77.29,0.269,0.238
S00205,61.111,18.28,2.07,68.62,61.363,19.45,0.0,79.35,22.07,0.0,80.66,0.252,0.333
S02855,52.421,24.24,0.0,78.72,52.707,22.56,0.0,77.15,26.89,2.29,75.01,0.286,0.33
S08134,51.765,28.58,0.0,91.23,52.095,23.83,0.0,69.08,19.89,0.0,64.4,0.33,0.196
S00485,64.214,22.01,0.0,81.87,64.375,17.89,0.0,63.85,26.94,3.4,73.26,0.161,0.276
S03578,58.71,21.66,10.3,66.74,58.925,28.26,0.0,75.08,24.56,5.42,51.9,0.215,0.221
S08943,52.483,28.66,0.0,67.72,52.844,24.8,6.7,70.52,18.83,15.78,63.87,0.361,0.371
S08892,71.303,16.76,0.0,56.18,71.349,25.04,0.0,77.64,20.24,0.0,63.38,0.046,0.194
S02519,64.136,20.79,7.61,79.35,64.463,19.15,2.66,65.5,22.98,0.0,72.84,0.327,0.232
S02015,43.929,21.98,0.0,64.09,44.173,22.11,0.0,47.34,24.22,24.02,73.86,0.244,0.601
S07580,59.819,22.61,0.0,76.13,60.031,28.23,0.0,67.93,25.79,1.59,68.68,0.212,0.34
S02379,62.944,21.15,0.0,69.3,63.049,25.76,0.0,61.98,24.87,7.91,78.99,0.105,0.346
S09773,52.061,16.53,0.0,62.15,52.163,19.45,0.0,74.68,19.41,2.37,70.79,0.102,0.189
S09990,78.846,27.49,0.0,68.06,79.045,18.34,0.0,68.38,25.7,2.61,66.36,0.199,0.145
S07592,84.143,24.78,0.0,65.99,84.302,26.95,0.0,64.94,23.38,0.0,64.97,0.159,0.076
S08667,53.253,26.83,0.0,79.94,53.552,24.46,7.65,72.23,22.55,2.56,65.06,0.299,0.343
S02488,69.97,12.0,0.0,50.19,70.005,25.84,8.18,58.95,27.88,0.03,70.24,0.035,0.259
S01125,58.749,26.24,10.55,56.86,59.147,20.07,0.0,73.64,22.95,14.9,68.77,0.398,0.317
S02353,58.37,24.67,16.56,76.45,58.834,24.0,0.0,72.07,22.7,4.76,77.35,0.464,0.302
S02864,70.501,21.96,9.64,78.93,70.749,16.44,0.0,56.9,20.89,15.37,75.18,0.248,0.275
S01645,55.646,28.01,0.0,65.26,55.936,17.36,0.0,67.37,22.25,0.98,71.77,0.29,0.285
S09027,63.642,24.85,4.68,83.35,63.879,21.37,0.0,68.54,19.91,2.57,74.2,0.237,0.173
S04416,70.592,22.19,0.0,65.07,70.649,22.59,0.0,69.97,28.18,23.48,67.13,0.057,0.4
S02256,73.423,23.87,0.0,58.75,73.433,27.06,2.31,72.94,28.38,3.12,71.51,0.01,0.248
S03050,50.904,22.41,0.0,74.35,51.195,25.19,2.4,71.11,21.8,1.14,68.18,0.291,0.272
S04273,54.391,23.01,0.0,74.6,54.638,18.34,0.0,68.6,21.65,4.09,78.85,0.247,0.252
S07845,47.69,29.89,0.0,79.66,48.274,24.77,2.24,71.63,23.82,22.54,67.7,0.584,0.491
S06598,69.994,22.3,0.0,72.1,70.176,24.42,13.47,71.62,16.94,2.45,71.78,0.182,0.051
S08716,57.648,22.35,0.0,71.4,57.963,23.08,0.0,54.8,25.23,0.0,73.19,0.315,0.333
S09634,47.544,18.27,0.0,50.43,47.751,24.6,0.0,76.3,20.43,0.23,61.51,0.207,0.185
S07754,60.834,19.56,0.0,57.16,61.051,23.28,0.0,65.35,23.42,2.91,68.88,0.217,0.32
S00823,63.95,27.06,3.22,79.67,64.192,27.02,1.83,69.53,23.57,12.16,79.84,0.242,0.303
S07381,59.88,18.6,0.0,68.94,60.107,14.94,0.0,76.7,21.26,3.72,70.79,0.227,0.241
S00256,72.056,27.99,0.0,80.39,72.281,13.89,2.9,61.68,25.58,0.0,83.98,0.225,0.234
S04035,53.241,29.47,0.0,69.88,53.598,26.18,0.0,63.78,22.16,0.0,71.98,0.357,0.262
S08586,59.177,17.57,0.0,77.99,59.358,19.88,0.0,63.2,27.59,23.21,76.33,0.181,0.536
S03907,73.913,22.38,0.0,65.68,74.142,27.4,24.76,81.14,24.0,1.12,80.55,0.229,0.19
S01315,46.047,18.83,0.0,66.95,46.501,28.05,0.0,76.79,25.16,1.31,80.23,0.454,0.375
S06440,60.429,17.24,0.0,68.7,60.533,26.52,0.0,56.5,27.17,0.0,78.91,0.104,0.297
S08801,55.989,23.31,8.81,69.29,56.374,24.36,0.22,69.77,19.12,1.09,59.45,0.385,0.231
S00010,68.893,27.8,0.0,55.01,69.094,28.84,0.0,56.49,19.37,0.0,56.8,0.201,0.043
S06154,57.511,26.96,0.0,54.12,57.848,17.81,0.0,67.09,22.34,0.0,70.06,0.337,0.183
S09500,64.401,26.95,22.51,69.43,64.749,23.52,0.0,81.05,25.3,9.26,68.09,0.348,0.303
S05451,61.967,26.04,0.0,72.36,62.129,28.89,0.0,66.86,19.04,0.0,49.09,0.162,0.01
S03186,66.461,19.94,0.0,75.61,66.639,25.45,0.0,76.22,19.29,0.0,75.28,0.178,0.142
S08136,53.045,22.97,0.0,52.32,53.216,20.46,0.0,71.92,25.66,0.0,66.86,0.171,0.351
S05082,61.604,26.59,0.0,80.77,61.865,23.46,0.0,78.85,17.37,1.25,70.94,0.261,0.124
S02134,62.108,23.81,0.38,80.33,62.548,14.61,0.0,58.4,23.15,2.33,67.83,0.44,0.194
S05727,55.094,24.57,0.0,57.04,55.327,20.94,0.0,79.17,22.3,4.65,72.56,0.233,0.279
S07365,62.789,24.37,0.0,66.67,62.923,24.2,0.0,74.94,28.48,4.68,75.43,0.134,0.334
S00067,64.389,25.02,5.74,76.27,64.658,23.01,0.0,84.42,17.9,23.97,68.74,0.269,0.379
S07212,65.302,25.44,8.95,82.93,65.642,23.85,0.0,76.05,23.1,0.02,73.16,0.34,0.239
S07986,54.872,23.45,0.0,84.48,55.041,19.41,0.0,69.28,23.96,3.18,67.77,0.169,0.294
S05095,60.521,20.58,0.0,78.7,60.775,21.11,0.0,52.51,22.85,0.51,51.89,0.254,0.121
S02001,66.738,19.24,0.0,47.71,66.829,23.53,0.0,79.73,24.27,1.23,74.39,0.091,0.196
S04721,49.458,21.63,0.0,75.06,49.795,24.8,0.0,72.65,24.07,0.0,74.2,0.337,0.359
S06824,65.161,26.19,0.0,71.36,65.371,25.76,13.94,88.88,22.2,0.04,75.59,0.21,0.172
S02734,51.258,16.85,5.17,50.58,51.556,19.79,0.0,63.36,22.06,0.0,71.27,0.298,0.267
S09859,80.668,28.05,0.0,62.31,80.866,20.77,0.0,71.46,23.8,3.68,67.46,0.198,0.171
S03337,67.958,21.79,0.0,75.38,68.119,27.02,0.0,76.12,23.21,0.19,72.72,0.161,0.159
S01433,60.883,27.41,0.0,62.41,61.13,16.03,0.0,56.96,25.26,17.56,67.74,0.247,0.462
S00332,59.025,18.76,0.0,59.49,59.273,21.51,6.28,55.04,20.2,0.0,49.27,0.248,0.143
S04591,57.821,22.41,2.71,70.72,58.204,22.07,0.0,59.32,22.29,3.04,68.11,0.383,0.216
S01683,68.745,20.97,0.0,67.42,68.939,16.44,0.0,75.83,21.14,4.85,65.91,0.194,0.129
S02890,69.307,18.58,0.0,64.97,69.46,23.39,0.0,62.95,23.93,22.37,71.01,0.153,0.459
S06696,70.931,18.92,0.0,68.37,71.074,24.23,0.0,54.42,21.91,1.34,68.6,0.143,0.104
S06716,64.461,22.17,0.0,74.29,64.667,18.53,0.0,68.75,26.19,0.0,61.5,0.206,0.298
S07525,55.76,23.23,0.0,65.73,55.938,22.56,9.71,75.75,24.59,18.49,74.04,0.178,0.516
S07047,61.219,26.37,0.0,56.88,61.403,24.14,0.0,68.53,28.4,0.0,75.53,0.184,0.4
S04729,62.656,23.48,0.0,65.22,62.868,26.32,0.0,73.78,23.36,4.0,64.04,0.212,0.186
S02952,60.899,18.42,0.0,65.06,61.031,24.81,0.0,80.44,20.49,0.95,78.93,0.132,0.183
S05056,72.236,15.53,0.0,64.76,72.277,13.8,0.0,62.83,23.19,1.76,63.61,0.041,0.091
S08475,73.128,18.11,0.0,63.82,73.263,19.75,0.0,66.55,19.5,0.0,68.35,0.135,0.092
S02668,57.422,20.23,0.0,80.82,57.721,24.46,0.0,67.92,23.26,0.0,75.27,0.299,0.36
S00957,51.426,15.33,0.0,63.93,51.668,32.69,0.0,75.9,30.2,17.79,83.77,0.242,0.644
S02013,50.423,13.98,0.0,76.53,50.646,22.96,0.0,65.09,22.74,0.0,67.04,0.223,0.292
S03048,70.751,19.46,0.0,69.07,70.952,25.57,0.0,60.48,24.97,0.42,75.0,0.201,0.214
S00759,57.488,21.61,10.4,71.29,58.042,28.97,0.0,74.64,18.87,0.0,74.16,0.554,0.201
S03938,60.743,22.24,2.34,54.8,61.079,24.71,0.0,68.49,25.27,1.87,68.7,0.336,0.34
S05436,59.686,21.74,2.58,77.82,59.829,25.49,0.0,63.45,25.72,1.84,74.24,0.143,0.341
S04460,48.34,22.55,21.2,70.26,49.026,20.94,0.0,70.76,21.81,0.0,65.71,0.686,0.263
S04311,61.479,19.37,0.0,70.88,61.696,16.41,12.85,59.77,25.25,3.8,74.03,0.217,0.359
S09063,67.94,29.0,0.0,75.98,68.279,25.82,0.0,70.49,18.69,0.0,66.74,0.339,0.109
S05932,68.499,21.42,0.0,70.08,68.621,26.86,12.87,49.45,20.08,0.0,63.02,0.122,0.076
S04307,56.18,30.22,15.18,64.42,56.634,17.65,2.82,64.34,23.27,3.34,77.17,0.454,0.27
S07951,74.687,24.79,0.0,66.79,74.951,24.82,0.0,70.36,22.17,2.59,65.43,0.264,0.115
S05477,58.079,27.96,7.02,59.11,58.377,24.37,0.0,71.62,26.44,1.86,79.27,0.298,0.368
S08626,61.52,25.62,9.73,49.45,61.821,21.56,0.0,69.74,18.68,0.0,61.59,0.301,0.139
S02187,58.442,20.44,0.0,64.35,58.983,20.92,0.0,67.81,26.12,0.0,68.17,0.541,0.283
S01365,55.65,26.63,0.0,58.15,55.948,26.58,21.24,77.37,21.13,0.0,72.56,0.298,0.305
S04027,62.694,21.76,0.0,76.51,62.962,14.09,4.83,85.19,21.12,10.33,67.99,0.268,0.312
S02549,62.915,20.66,0.0,61.36,63.122,24.57,0.0,74.69,26.82,18.1,74.12,0.207,0.442
S09173,64.059,17.28,0.0,75.26,64.283,25.72,0.0,75.41,22.51,0.0,74.11,0.224,0.248
S02812,62.298,19.94,2.21,75.46,62.583,24.9,0.0,74.72,21.6,1.56,67.98,0.285,0.191
S03930,57.146,23.69,0.0,71.06,57.42,22.53,0.0,85.41,22.64,8.24,75.43,0.274,0.352
S02373,60.661,20.5,0.0,66.68,60.833,24.58,0.0,71.27,21.57,1.35,72.27,0.172,0.237
S07362,54.735,19.58,0.0,82.26,55.085,17.54,0.0,73.22,22.76,0.0,66.16,0.35,0.2
S03870,56.403,17.28,3.92,75.73,56.656,25.4,13.85,67.66,20.82,0.24,67.47,0.253,0.249
S02090,52.788,25.86,9.24,71.31,53.281,20.94,0.0,75.33,19.67,0.0,58.89,0.493,0.216
S04518,46.532,24.88,0.0,66.87,46.907,23.89,0.0,67.98,24.57,11.46,61.62,0.375,0.423
S07647,44.628,20.24,0.0,75.89,45.016,23.07,0.0,78.64,23.02,1.72,71.79,0.388,0.361
S05968,63.855,17.52,0.0,65.25,64.094,24.16,0.0,69.83,25.16,0.29,65.95,0.239,0.241
S08923,58.099,16.49,0.0,74.68,58.269,21.41,0.0,80.42,26.54,0.32,75.25,0.17,0.418
S05529,67.326,22.79,0.0,83.63,67.515,22.36,0.99,62.08,24.93,20.07,77.84,0.189,0.437
S04980,67.827,22.69,1.98,67.99,68.008,25.42,0.0,73.07,28.21,20.64,75.76,0.181,0.549
S03647,69.02,27.57,0.0,71.24,69.174,21.6,0.0,74.31,24.59,0.14,72.82,0.154,0.304
S06936,70.141,15.71,0.0,67.75,70.204,21.83,0.86,70.76,21.01,3.21,74.36,0.063,0.169
S00374,62.741,21.34,0.0,58.9,62.967,23.77,0.0,80.79,22.22,10.15,79.24,0.226,0.417
S05557,64.949,21.17,0.0,80.19,65.168,22.41,0.0,76.84,23.18,0.0,73.85,0.219,0.285
S07347,78.868,22.8,0.0,77.04,78.98,22.06,2.23,73.75,18.84,8.06,67.29,0.112,0.057
S06847,64.319,17.09,8.38,65.87,64.576,22.68,0.0,73.56,19.84,2.19,71.97,0.257,0.176
S02911,66.757,25.24,0.0,66.63,66.907,22.49,2.87,67.07,19.1,4.26,62.99,0.15,0.025
S09546,70.236,16.94,1.5,56.14,70.326,29.26,3.26,79.27,28.26,11.63,65.32,0.09,0.444
S03101,64.437,22.49,6.2,73.84,64.698,16.88,9.01,67.27,26.53,0.0,67.77,0.261,0.253
S04127,61.761,25.46,4.3,74.24,62.017,28.49,0.0,72.81,24.0,0.0,74.38,0.256,0.328
S07320,74.689,24.24,4.35,77.19,74.986,15.47,0.0,56.93,22.13,22.78,76.78,0.297,0.376
S01103,62.997,22.76,1.92,77.66,63.129,23.99,0.0,82.05,23.88,0.0,76.12,0.132,0.263
S00401,67.371,25.61,14.91,88.01,67.654,24.62,0.0,62.13,25.26,2.82,78.47,0.283,0.247
S01511,83.035,15.9,0.0,67.46,83.074,21.37,0.0,76.69,20.77,1.61,73.66,0.039,0.012
S08336,56.936,23.4,0.0,62.62,57.078,18.64,2.3,71.16,24.65,9.11,69.71,0.142,0.381
S06838,59.421,23.02,0.0,74.22,59.709,23.41,0.0,45.84,21.22,3.2,81.96,0.288,0.303
S07824,63.936,23.52,0.69,77.86,64.216,22.76,0.0,65.25,22.06,0.0,73.28,0.28,0.186
S02580,52.261,29.57,0.0,81.29,52.682,23.63,0.0,70.03,21.42,0.0,78.97,0.421,0.273
S00009,55.469,24.03,12.29,59.38,55.772,18.61,0.0,66.78,17.5,6.56,75.27,0.303,0.247
S00894,58.663,28.34,0.0,70.53,59.029,22.13,0.0,75.33,22.77,2.63,58.87,0.366,0.173
S02791,67.604,28.02,0.0,79.94,67.852,16.53,0.0,63.44,19.61,0.0,66.53,0.248,0.074
S09143,49.805,25.23,13.33,61.52,50.198,19.51,0.0,60.37,22.11,1.46,65.85,0.393,0.276
S03932,66.853,15.01,0.0,69.91,67.025,15.95,0.0,81.3,26.2,15.26,71.13,0.172,0.37
S05227,63.839,20.95,0.86,85.06,64.126,24.39,0.0,71.87,21.14,7.52,69.42,0.287,0.217
S03022,61.37,19.04,0.0,71.83,61.49,19.3,7.5,62.25,26.92,25.29,81.4,0.12,0.622
S02087,58.625,21.78,0.0,62.98,58.788,21.42,0.0,62.77,20.85,3.06,60.63,0.163,0.12
S04526,50.798,16.17,0.0,73.86,51.12,25.22,0.0,59.07,22.13,2.55,71.27,0.322,0.202
S06753,52.419,19.05,0.0,79.12,52.708,21.04,0.0,69.54,24.9,0.0,72.8,0.289,0.245
S06723,63.421,26.73,0.0,64.52,63.592,25.93,0.0,79.11,21.92,4.88,75.88,0.171,0.223
S03230,51.045,19.0,0.0,52.41,51.267,22.42,0.0,51.86,20.01,0.0,73.79,0.222,0.193
S04578,75.781,21.88,0.0,76.3,76.186,27.38,0.0,62.31,24.45,1.1,61.85,0.405,0.118
S06730,67.16,20.19,0.0,79.49,67.282,26.07,4.33,78.72,20.86,4.41,69.2,0.122,0.164
S04948,50.093,25.9,0.0,96.29,50.542,23.41,0.0,67.57,21.97,0.0,68.29,0.449,0.313
S05622,66.825,26.1,0.0,76.72,67.024,19.2,0.31,61.53,23.81,0.0,83.94,0.199,0.294
S01109,68.481,20.91,0.0,56.01,68.677,22.62,0.0,65.67,18.9,2.83,63.41,0.196,0.092
S08058,45.157,22.73,0.0,73.67,45.488,21.04,0.0,70.26,22.15,13.79,65.02,0.331,0.425
S05397,58.772,18.82,0.0,59.98,59.013,21.54,0.0,69.91,25.21,11.87,57.79,0.241,0.357
S05940,77.082,18.78,0.0,66.09,77.117,19.43,0.0,66.84,24.08,0.0,63.34,0.035,0.083
S01537,72.069,19.77,0.0,66.33,72.29,27.25,19.11,64.32,24.23,0.88,74.72,0.221,0.203
S06544,56.002,23.74,1.79,60.14,56.31,17.5,0.0,61.81,21.27,0.0,57.67,0.308,0.248
S05240,58.705,26.6,2.17,76.81,59.023,17.66,0.0,65.35,21.11,15.53,68.94,0.318,0.263
S01555,61.702,20.48,0.0,61.53,61.764,23.1,26.44,65.68,23.98,10.11,77.08,0.062,0.344
S04384,75.768,27.4,7.14,71.65,76.09,26.49,27.87,67.89,24.89,1.12,80.66,0.322,0.208
S08123,48.252,25.49,2.95,73.91,48.579,23.96,0.0,72.11,20.12,0.0,56.96,0.327,0.144
S09586,67.894,23.5,0.0,66.59,68.119,25.74,22.11,84.92,21.85,0.0,76.78,0.225,0.167
S09893,60.454,18.69,0.0,79.06,60.597,25.97,0.23,67.03,24.6,1.99,66.36,0.143,0.279
S01839,59.123,25.37,0.0,71.88,59.427,20.71,0.0,58.75,21.29,2.91,69.35,0.304,0.2
S00080,65.743,26.51,4.79,66.15,66.174,17.69,0.0,70.6,20.21,5.65,71.98,0.431,0.23
S03990,65.079,15.22,0.0,65.39,65.454,23.88,0.0,65.09,26.25,6.36,66.0,0.375,0.344
S06001,66.097,28.34,7.14,57.01,66.618,18.67,3.45,72.36,25.69,0.31,90.86,0.521,0.323
S04514,76.016,22.91,1.87,84.98,76.186,23.78,0.0,69.39,21.41,0.73,71.89,0.17,0.118
S02357,59.765,14.27,0.0,71.57,59.955,21.39,0.0,63.99,22.88,1.35,66.37,0.19,0.195
S09768,52.92,16.45,0.0,69.03,53.106,18.84,0.0,60.98,23.68,0.57,69.63,0.186,0.376
S04136,75.703,27.81,6.17,67.58,75.98,28.3,18.09,80.52,21.36,3.04,83.43,0.277,0.164
S08635,64.935,27.03,0.0,61.63,65.115,25.34,0.0,69.66,19.91,2.59,52.45,0.18,0.129
S07970,80.565,25.86,2.59,62.78,80.654,23.55,0.0,59.43,24.91,1.44,83.81,0.089,0.187
S09995,63.825,19.28,0.0,62.92,64.164,17.0,0.0,57.28,22.42,13.57,62.88,0.339,0.212
S04244,56.383,22.59,0.12,66.33,56.524,21.1,0.0,63.87,25.45,18.22,67.66,0.141,0.516
S08783,47.407,21.8,0.0,73.05,47.724,22.65,1.26,76.28,25.17,0.0,59.79,0.317,0.292
S02462,65.653,25.57,0.0,69.06,65.781,20.85,0.0,63.4,24.21,1.99,72.01,0.128,0.249
S07537,55.431,23.24,0.0,74.75,55.707,24.48,2.76,78.08,15.85,0.0,61.37,0.276,0.082
S08912,71.028,28.02,5.73,79.8,71.298,21.62,6.25,71.64,21.66,2.98,70.87,0.27,0.168
S06588,57.759,20.17,0.0,72.31,58.008,28.45,2.47,73.84,23.05,2.12,55.55,0.249,0.181
S04395,66.593,26.02,24.94,79.99,67.166,23.91,0.0,69.24,25.57,0.0,67.25,0.573,0.273
S03475,41.797,23.34,0.0,61.48,42.092,24.31,0.0,66.56,18.68,0.0,64.28,0.295,0.28
S09211,57.98,24.07,0.0,78.66,58.241,22.15,0.0,71.47,22.6,2.17,61.31,0.261,0.167
S05888,63.47,20.43,0.0,70.32,63.508,26.18,11.65,95.85,21.7,7.43,72.77,0.038,0.227
S02940,68.357,21.21,0.0,83.36,68.527,23.19,0.0,71.34,21.46,6.66,71.16,0.17,0.178
S06831,61.372,23.36,0.0,69.32,61.569,21.35,0.0,68.29,21.15,5.64,70.37,0.197,0.247
S06210,51.548,26.11,1.89,88.46,51.911,21.97,5.27,71.73,22.9,5.48,70.22,0.363,0.324
S04234,64.89,26.39,0.0,65.01,65.116,27.17,2.3,73.59,25.52,0.02,69.63,0.226,0.178
S03011,59.218,14.33,0.0,76.42,59.4,23.2,0.0,66.56,21.99,0.0,75.41,0.182,0.257
S04903,66.221,26.92,0.0,80.54,66.605,20.49,9.63,66.28,21.75,9.47,65.72,0.384,0.143
S06873,49.212,22.52,0.0,63.17,49.478,24.54,0.0,79.43,25.46,0.0,72.85,0.266,0.423
S01754,63.47,20.98,0.0,67.75,63.659,22.94,0.0,69.65,22.08,13.5,66.86,0.189,0.291
S07371,71.76,21.45,3.35,56.27,71.951,23.55,0.0,68.57,28.0,0.0,70.74,0.191,0.208
S00184,66.715,27.29,0.0,60.52,67.047,20.02,0.0,59.37,26.41,0.0,76.09,0.332,0.297
S05902,65.036,24.42,0.0,50.99,65.202,24.28,0.0,72.53,22.27,15.81,76.44,0.166,0.428
S04929,66.845,22.66,2.18,60.71,67.098,18.51,0.0,74.13,27.77,1.67,82.3,0.253,0.325
S08102,69.235,25.72,0.0,73.06,69.417,27.67,0.08,74.03,22.98,1.35,72.0,0.182,0.153
S07634,48.1,19.52,0.0,55.19,48.339,23.24,0.0,81.23,24.71,1.72,73.88,0.239,0.414
S09807,56.117,24.8,2.95,67.61,56.399,19.01,0.0,71.4,26.17,13.34,70.28,0.282,0.45
S06394,76.147,24.38,5.83,64.27,76.356,21.44,11.65,62.26,24.21,0.0,53.38,0.209,0.038
S07782,86.182,26.93,0.0,66.98,86.302,21.14,0.0,70.0,21.96,10.56,61.54,0.12,0.212
S06012,46.997,20.56,20.27,79.06,47.483,24.18,1.67,61.13,22.36,2.14,72.99,0.486,0.342
S03393,68.286,21.94,0.0,72.66,68.502,20.52,0.0,66.57,27.64,21.23,67.15,0.216,0.428
S02761,76.22,25.95,1.98,76.19,76.402,25.38,0.0,71.06,20.76,0.0,60.08,0.182,0.042
S02639,62.04,21.89,0.0,73.6,62.189,27.93,0.0,58.81,25.12,4.35,81.68,0.149,0.296
S06990,80.063,17.91,0.0,72.99,80.136,21.19,0.0,62.58,20.66,6.44,74.77,0.073,0.056
S01646,64.976,18.48,0.0,67.15,65.016,25.58,8.88,73.84,23.86,24.79,75.34,0.04,0.491
S05084,64.029,18.15,0.0,61.02,64.241,22.68,0.0,79.42,24.19,0.0,63.94,0.212,0.196
S06785,67.8,18.19,1.42,78.67,68.024,22.38,0.0,76.27,21.33,10.96,62.92,0.224,0.174
S02638,60.019,20.85,2.99,61.75,60.239,30.63,0.0,62.51,27.83,2.19,79.31,0.22,0.324
S05829,60.281,29.32,0.0,67.03,60.627,20.71,0.0,79.4,22.36,0.0,81.7,0.346,0.283
S00690,62.026,14.34,0.0,70.0,62.224,18.79,0.0,64.46,23.9,0.0,72.55,0.198,0.281
S05411,70.773,22.78,2.62,59.62,70.923,21.15,2.35,78.48,19.75,9.93,78.83,0.15,0.217
S01586,44.868,30.41,0.0,71.28,45.378,20.56,0.0,60.97,23.08,3.75,80.71,0.51,0.394
S09691,68.66,22.77,0.0,61.92,68.915,18.59,0.29,79.24,19.29,10.18,70.41,0.255,0.2
S09746,69.611,19.64,0.0,63.82,69.746,25.18,0.0,60.07,21.17,2.21,67.34,0.135,0.131
S03777,62.572,27.25,0.0,71.03,62.898,25.9,0.0,66.66,21.15,21.9,64.7,0.326,0.423
S09972,61.361,29.6,2.87,65.12,61.706,24.63,0.0,63.33,25.5,1.62,86.75,0.345,0.351
S05116,64.818,18.69,0.0,68.81,64.952,19.83,0.0,67.03,23.16,1.06,79.71,0.134,0.245
S02421,64.381,26.08,0.0,65.55,64.636,19.93,19.64,80.48,20.59,1.77,72.97,0.255,0.246
S00859,67.36,18.82,7.21,60.65,67.645,18.84,0.0,66.82,21.92,0.16,63.51,0.285,0.118
S01776,63.608,22.07,0.0,65.9,63.738,18.23,0.0,70.95,21.79,2.38,74.45,0.13,0.224
S05757,45.38,21.59,0.0,64.84,45.691,24.6,0.0,70.55,28.12,2.23,76.65,0.311,0.54
S02024,60.13,20.8,0.0,80.54,60.329,26.14,0.0,82.1,25.69,0.0,67.65,0.199,0.289
S00577,66.648,20.05,0.0,66.9,66.747,25.36,35.0,70.68,23.57,4.01,63.22,0.099,0.129
S08415,70.571,22.11,0.0,75.6,70.728,18.51,0.0,66.25,23.27,1.86,73.45,0.157,0.131
S03323,68.341,23.32,2.22,70.37,68.54,24.09,0.0,67.7,17.71,2.26,71.92,0.199,0.121
S08455,66.52,26.15,0.0,75.45,66.762,20.8,0.0,72.38,26.77,0.66,69.84,0.242,0.314
S05782,74.23,22.69,0.0,69.29,74.355,21.47,0.0,70.02,23.47,0.53,71.19,0.125,0.169
S09141,70.607,19.01,7.87,78.23,70.708,20.05,0.0,69.73,25.2,5.68,61.1,0.101,0.17
S02498,67.61,15.13,0.0,74.84,67.909,19.91,0.0,72.17,24.95,0.0,76.79,0.299,0.221
S02471,43.116,24.94,6.41,77.28,43.597,22.12,0.0,63.05,23.62,0.0,66.9,0.481,0.41
S05342,56.234,23.35,0.0,67.86,56.448,26.6,3.14,72.04,25.16,0.0,71.27,0.214,0.28
S01711,55.281,20.9,0.0,57.68,55.512,22.66,14.0,67.94,24.54,0.0,72.5,0.231,0.245
S01141,56.663,21.52,0.0,76.39,56.893,18.3,0.0,76.02,22.36,0.0,67.31,0.23,0.244
S04952,57.163,20.98,0.0,57.49,57.348,20.6,0.0,66.13,21.2,2.84,65.36,0.185,0.207
S04497,72.411,23.23,0.0,58.77,72.467,15.48,0.0,50.88,14.45,0.0,74.96,0.056,0.022
S06301,55.128,24.48,0.0,78.25,55.688,20.92,0.0,66.06,23.69,0.48,61.89,0.56,0.253
S09037,74.029,24.04,5.16,62.29,74.295,19.95,0.0,63.44,20.97,3.87,78.42,0.266,0.132
S01196,73.767,18.13,0.0,67.46,74.083,27.66,5.44,78.63,29.04,0.0,71.27,0.316,0.271
S02996,60.006,23.79,0.0,63.69,60.221,25.7,0.0,77.83,24.99,0.0,73.76,0.215,0.24
S02834,68.73,25.01,0.0,58.14,68.884,27.69,1.17,73.78,25.74,6.2,78.24,0.154,0.352
S00431,59.445,21.35,16.15,68.56,59.831,16.74,0.0,65.04,19.86,11.62,76.07,0.386,0.368
S04909,48.94,24.07,0.0,72.51,49.28,27.34,0.0,77.1,26.67,1.38,70.1,0.34,0.316
S09663,52.481,21.48,3.18,76.92,52.882,23.96,0.0,84.45,23.2,0.0,74.38,0.401,0.334
S02109,59.972,20.84,0.0,58.86,60.105,24.04,0.0,63.3,23.19,0.0,75.33,0.133,0.291
S05381,55.758,24.08,7.03,78.34,56.023,19.94,0.0,63.85,21.03,1.66,65.3,0.265,0.312
S02204,64.819,17.35,0.0,67.66,64.895,22.55,0.0,64.87,22.03,0.0,89.0,0.076,0.243
S09287,58.617,19.99,0.0,50.33,58.848,23.41,0.0,74.33,23.54,1.82,69.99,0.231,0.359
S06600,51.99,25.25,5.17,71.71,52.325,18.16,0.0,57.27,25.56,12.94,72.54,0.335,0.549
S00291,72.659,21.65,11.47,68.56,72.834,22.7,0.0,65.22,29.22,0.08,75.12,0.175,0.233
S04318,74.383,25.86,0.0,72.14,74.452,22.42,0.0,61.58,25.81,0.0,73.92,0.069,0.175
S06453,83.869,18.95,0.0,63.47,84.081,25.34,7.39,79.59,27.51,0.0,72.09,0.212,0.097
S09463,61.176,26.28,0.0,73.57,61.426,25.88,0.0,74.29,21.7,1.01,63.7,0.25,0.193
S04100,55.059,29.08,0.0,75.48,55.411,27.99,0.0,86.54,23.78,1.72,57.29,0.352,0.234
S07323,77.985,23.96,0.82,75.94,78.135,25.63,0.0,68.31,20.17,0.0,75.41,0.15,0.105
S01805,57.893,25.25,0.0,63.04,58.145,29.84,0.0,56.64,22.04,21.0,80.81,0.252,0.542
S02508,56.974,15.33,0.0,73.28,57.219,24.54,8.53,68.05,22.09,6.53,66.26,0.245,0.26
S07694,61.278,21.81,12.63,64.06,61.578,24.2,0.0,71.37,20.41,1.18,78.27,0.3,0.184
S04186,55.514,25.25,0.0,65.02,55.751,22.71,17.31,61.78,25.32,7.68,71.56,0.237,0.388
S01036,45.856,21.36,2.1,77.26,46.229,22.68,0.0,78.34,19.28,2.92,72.28,0.373,0.255
S03783,56.43,21.25,1.53,73.25,56.749,22.8,0.0,63.54,20.44,0.63,77.07,0.319,0.197
S04515,72.792,19.75,0.0,51.79,72.872,24.13,0.0,70.25,26.85,0.41,66.62,0.08,0.202
S04631,64.807,22.24,0.0,60.57,64.92,24.52,0.0,66.79,21.85,0.0,64.7,0.113,0.139
S07310,69.059,24.65,0.0,61.97,69.294,22.28,0.0,59.11,21.49,6.66,61.65,0.235,0.043
S00375,61.752,13.76,0.0,70.69,61.978,21.82,0.0,62.62,23.75,10.01,66.57,0.226,0.406
S00443,55.501,16.32,0.0,53.3,55.655,15.05,0.0,56.36,21.23,5.49,56.41,0.154,0.263
S02341,67.278,22.24,0.0,69.65,67.428,24.8,0.0,53.36,23.32,0.0,61.09,0.15,0.199
S05941,47.164,23.92,4.9,75.12,47.577,29.55,0.0,66.12,20.25,6.85,64.71,0.413,0.385
S01884,76.835,21.22,0.0,79.77,77.038,21.75,3.46,66.76,19.25,0.0,60.8,0.203,0.032
S08421,65.097,18.1,0.0,70.67,65.245,17.85,0.0,75.78,21.33,7.16,73.49,0.148,0.171
S00106,70.785,23.28,0.0,74.48,70.983,24.79,12.64,77.56,20.91,0.0,72.48,0.198,0.147
S09822,55.358,23.74,0.0,64.47,55.652,23.63,0.0,80.78,26.68,8.83,67.89,0.294,0.448
S09074,59.667,27.22,0.0,83.06,60.073,17.18,0.0,62.81,22.06,3.27,73.89,0.406,0.272
S02715,65.876,19.71,0.0,73.02,65.972,24.81,0.0,69.71,25.56,0.0,76.23,0.096,0.279
S00618,74.508,14.25,0.0,62.52,74.531,23.5,0.0,65.76,25.93,0.0,48.0,0.023,0.15
S02183,54.021,24.51,0.0,83.84,54.424,20.99,0.0,68.26,30.35,1.44,75.49,0.403,0.479
S08672,69.301,25.7,0.0,53.38,69.449,24.68,1.51,64.02,19.67,0.0,75.13,0.148,0.191
S07168,69.697,21.47,0.04,70.48,69.822,22.56,0.0,44.49,22.28,7.5,71.19,0.125,0.305
S09966,57.714,23.81,3.49,81.67,58.063,20.25,0.0,71.73,20.64,0.63,70.97,0.349,0.208
S00863,61.989,22.02,0.0,66.4,62.203,18.49,0.0,70.82,18.07,0.76,63.38,0.214,0.118
S06060,60.954,21.14,0.0,73.81,61.203,26.82,0.0,60.58,16.78,0.05,62.24,0.249,0.162
S01413,58.342,16.94,4.08,62.05,58.941,20.73,0.0,91.2,17.34,0.14,60.97,0.599,0.136
S01039,61.539,22.01,0.0,64.6,61.689,25.83,0.0,71.96,16.62,1.89,74.1,0.15,0.12
S03127,60.69,22.68,0.0,56.49,60.91,25.63,0.0,74.63,19.98,0.0,79.42,0.22,0.235
S00660,61.194,22.19,0.0,62.99,61.436,20.05,0.0,55.95,26.16,6.61,80.23,0.242,0.332
S04103,53.999,22.0,0.0,61.74,54.287,18.79,0.0,80.64,22.95,2.85,69.29,0.288,0.236
S08949,61.409,27.47,0.0,63.33,61.654,25.01,0.0,87.08,22.6,13.83,70.72,0.245,0.29
S07468,45.435,23.78,0.0,76.56,45.788,23.44,2.56,89.15,23.41,0.0,64.68,0.353,0.337
S08593,47.148,18.92,0.0,79.07,47.387,22.22,4.22,68.9,25.16,0.0,73.9,0.239,0.341
S09437,48.626,31.72,12.99,77.78,49.189,25.0,28.63,80.02,26.42,3.89,62.62,0.563,0.329
S06383,67.264,21.51,0.0,65.76,67.411,26.09,0.0,75.33,20.51,0.0,75.33,0.147,0.219
S08688,61.149,24.25,0.0,63.83,61.446,21.23,0.0,71.16,21.16,5.01,79.89,0.297,0.261
S01214,56.253,23.87,0.0,75.63,56.548,24.74,0.0,70.14,26.88,1.52,80.06,0.295,0.382
S01611,65.549,23.43,0.0,80.59,66.073,27.31,10.75,79.33,26.31,1.38,69.39,0.524,0.201
S03036,71.634,19.66,0.0,69.86,71.737,22.92,0.0,78.7,17.96,1.17,76.09,0.103,0.11
S00813,60.191,26.44,0.0,72.8,60.571,20.4,0.0,63.19,21.3,0.0,66.86,0.38,0.205
S06940,58.894,25.62,0.0,73.03,59.14,22.78,0.0,65.92,24.09,1.94,70.68,0.246,0.346
S09263,51.337,21.83,3.43,69.05,51.62,23.91,0.0,61.39,27.37,0.0,78.72,0.283,0.442
S07492,72.735,21.19,0.0,64.41,72.84,18.2,0.0,48.84,22.88,4.27,64.96,0.105,0.273
S01319,55.271,25.81,15.81,85.71,55.701,16.15,0.0,73.73,23.59,3.45,76.91,0.43,0.279
S01181,72.234,24.48,0.0,85.29,72.515,21.82,0.0,69.16,28.59,21.79,74.32,0.281,0.472
S03029,56.459,23.79,0.0,66.94,56.808,22.73,0.0,67.38,19.02,6.16,64.26,0.349,0.155
S09218,62.732,27.64,0.0,77.2,62.975,22.92,0.0,66.46,21.8,0.0,76.16,0.243,0.258
S03675,68.932,16.39,0.0,57.79,69.011,15.83,0.0,68.81,22.95,0.0,74.54,0.079,0.223
S07936,55.168,23.47,7.66,73.28,55.546,22.11,20.74,78.14,14.65,0.0,59.17,0.378,0.026
S03423,52.028,26.47,0.0,63.41,52.324,27.15,17.38,73.01,20.1,0.0,74.21,0.296,0.236
S06890,74.944,25.48,0.0,71.04,75.121,20.79,0.0,65.67,23.63,5.74,68.77,0.177,0.193
S07301,53.793,25.52,1.7,59.56,54.041,24.82,0.0,71.84,24.72,1.61,62.43,0.248,0.291
S05025,63.744,18.96,0.0,78.77,63.956,21.97,0.0,65.93,24.34,0.0,64.47,0.212,0.235
S00284,62.886,27.47,1.77,68.3,63.241,26.76,0.0,79.47,17.26,0.0,63.27,0.355,0.117
S01761,46.859,16.62,0.0,49.93,47.016,21.33,1.54,81.83,19.53,0.0,69.47,0.157,0.202
S08407,57.808,21.09,0.0,73.24,58.063,24.04,0.0,58.35,25.28,3.55,69.97,0.255,0.317
S05818,63.335,27.1,0.0,88.76,63.592,24.14,0.0,70.7,25.35,0.0,71.02,0.257,0.266
S09191,67.787,24.62,10.51,78.23,68.222,16.64,0.0,64.74,21.0,7.75,77.28,0.435,0.164
S07633,41.96,25.75,0.0,74.68,42.35,21.79,0.0,75.21,23.92,0.0,70.35,0.39,0.443
S09596,76.364,23.23,0.0,59.84,76.379,21.61,0.0,65.14,23.44,0.0,76.39,0.015,0.158
S09347,57.313,19.54,0.0,77.73,57.456,20.09,0.0,77.16,27.42,0.0,67.66,0.143,0.312
S08111,45.147,15.58,0.0,66.52,45.45,23.91,0.0,73.32,24.28,20.4,67.36,0.303,0.588
S02302,67.654,21.79,1.5,70.6,67.895,28.34,0.0,61.6,19.64,1.47,68.2,0.241,0.128
S07834,66.671,20.99,0.0,66.24,66.858,22.81,7.08,65.11,17.4,10.25,73.31,0.187,0.247
S00199,63.488,23.22,0.0,65.31,63.746,19.26,14.05,78.31,25.77,6.39,69.47,0.258,0.345
S08344,57.98,26.88,0.0,78.6,58.379,22.06,11.61,78.49,24.49,2.19,77.54,0.399,0.364
S04267,65.132,20.92,0.0,64.44,65.584,23.37,0.73,63.39,21.89,0.0,72.65,0.452,0.119
S05414,67.57,23.97,12.51,79.87,67.891,20.37,0.0,79.89,24.22,0.0,57.74,0.321,0.159
S04189,51.626,26.01,0.0,86.1,52.117,26.93,0.0,69.31,22.51,5.17,71.98,0.491,0.339
S08959,73.729,19.6,0.0,63.87,74.004,15.02,0.0,66.45,22.0,0.53,67.47,0.275,0.128
S05958,55.724,19.18,0.0,69.69,55.901,27.71,2.6,69.02,24.31,0.0,71.62,0.177,0.291
S05102,40.0,27.59,0.0,69.72,40.531,19.07,0.0,65.17,21.67,0.0,56.92,0.531,0.328
S02537,68.561,23.16,5.94,83.5,68.788,29.87,35.0,91.35,21.3,0.0,73.46,0.227,0.114
S09192,52.271,26.67,2.0,59.69,52.556,21.27,8.62,83.66,18.48,12.55,62.08,0.285,0.235
S09065,57.38,21.96,0.0,62.2,57.517,25.25,0.0,68.26,24.69,0.0,69.73,0.137,0.275
S03834,65.811,17.04,13.89,65.16,66.114,23.43,2.93,58.59,21.75,0.0,66.42,0.303,0.161
S03481,63.444,23.37,2.9,68.23,63.683,25.74,0.0,89.75,22.15,0.0,76.31,0.239,0.21
S06932,54.407,28.59,0.0,75.61,54.671,22.5,3.27,66.97,24.68,12.45,73.85,0.264,0.364
S07049,74.325,20.3,0.0,48.82,74.436,16.88,0.0,72.51,19.96,0.0,67.67,0.111,0.124
S04623,50.406,23.03,0.0,68.26,50.777,25.08,5.74,70.08,19.72,1.42,83.05,0.371,0.25
S00241,54.335,17.86,0.0,74.86,54.647,24.23,7.36,72.01,18.94,0.0,70.63,0.312,0.271
S04895,62.664,15.81,0.0,73.63,62.758,26.1,5.26,77.31,18.83,17.91,65.65,0.094,0.301
S03080,67.5,19.31,0.0,81.2,67.638,20.38,0.0,76.15,23.72,0.0,81.37,0.138,0.264
S00627,52.707,25.29,0.0,75.96,52.989,26.42,5.54,72.79,19.44,8.9,55.26,0.282,0.271
S09679,51.71,25.83,5.51,92.63,52.191,23.08,0.0,77.37,22.21,0.0,78.64,0.481,0.337
S09204,69.008,29.65,21.72,59.82,69.403,25.13,0.0,54.6,21.48,4.06,76.15,0.395,0.164
S08598,66.485,18.65,0.0,57.07,66.529,28.65,0.0,68.33,17.86,0.0,71.76,0.044,0.147
S06294,60.037,30.28,1.03,74.86,60.369,22.64,1.55,60.81,21.81,1.38,76.06,0.332,0.253
S06247,59.446,22.12,0.0,67.66,59.704,29.58,23.79,70.68,22.74,3.47,67.83,0.258,0.249
S09834,60.525,26.5,15.36,73.78,60.963,21.59,0.0,57.66,25.33,2.58,71.55,0.438,0.273
S09924,58.928,22.12,0.0,62.71,59.232,24.35,6.16,65.52,25.24,1.56,74.43,0.304,0.294
S03706,67.329,19.75,0.0,70.25,67.423,16.83,0.0,64.62,25.75,1.87,78.7,0.094,0.263
S06084,60.203,24.1,22.24,84.23,60.675,18.33,0.0,70.64,26.63,0.9,72.4,0.472,0.249
S02688,59.906,27.11,0.0,79.78,60.336,17.82,0.0,65.55,19.32,1.29,60.54,0.43,0.01
S06364,62.977,25.83,0.0,57.68,63.324,25.08,0.0,73.91,28.28,0.28,86.92,0.347,0.39
S05002,72.852,18.2,0.0,60.51,73.019,21.45,0.0,67.65,24.79,0.77,60.86,0.167,0.169
S09483,64.436,15.94,0.0,55.72,64.559,25.08,0.0,62.25,21.38,1.85,64.88,0.123,0.146
S00600,63.83,23.32,0.0,73.87,63.984,25.08,12.54,72.18,19.35,0.0,66.12,0.154,0.101
S02797,66.732,21.43,28.69,83.12,67.186,24.32,3.49,72.69,24.07,0.0,86.9,0.454,0.232
S00336,63.276,27.22,0.0,73.44,63.587,26.67,0.0,62.43,18.96,0.0,74.68,0.311,0.213
S09956,79.412,23.93,13.24,54.17,79.59,17.31,0.0,61.84,21.45,0.0,73.37,0.178,0.062
S09979,78.612,22.32,0.0,72.45,79.067,22.12,0.0,68.71,27.5,0.0,78.84,0.455,0.221
S04071,65.1,30.45,0.41,76.76,65.369,19.01,0.0,59.26,26.03,2.36,76.11,0.269,0.246
S03068,61.369,21.24,0.0,70.87,61.654,25.01,0.0,77.75,23.62,6.22,61.91,0.285,0.281
S08562,67.192,24.39,3.99,63.48,67.474,18.88,0.0,69.74,22.7,1.39,80.87,0.282,0.245
S09526,58.992,21.84,0.0,84.96,59.265,22.45,0.19,63.22,24.88,0.0,66.76,0.273,0.227
S06571,70.263,24.42,0.0,64.35,70.375,28.62,0.0,68.37,26.61,0.0,78.7,0.112,0.306
S02437,61.809,26.22,0.0,63.31,62.08,27.21,0.0,77.27,22.94,0.0,73.54,0.271,0.181
S03497,63.224,19.17,0.0,65.16,63.389,24.45,0.0,79.65,23.12,7.1,68.67,0.165,0.208
S09799,57.242,26.67,0.0,78.26,57.596,24.02,10.56,64.25,21.18,6.9,70.04,0.354,0.331
S05362,60.394,27.8,7.15,74.1,60.781,23.18,0.0,78.07,24.71,0.98,75.15,0.387,0.247
S08338,42.64,16.16,0.0,72.22,43.104,18.46,0.0,61.9,22.23,0.62,88.33,0.464,0.406
S07910,51.274,25.92,5.59,68.84,51.586,23.42,2.96,63.93,23.42,0.0,78.1,0.312,0.386
S06950,62.819,25.71,0.0,72.49,63.09,24.42,0.0,76.84,25.14,20.86,72.22,0.271,0.392
S01203,58.457,20.54,0.74,63.06,58.646,17.28,0.0,52.74,18.79,0.0,74.29,0.189,0.141
S01814,52.461,26.0,13.37,69.97,52.894,22.86,0.0,66.51,24.11,2.32,74.64,0.433,0.319
S01042,60.892,28.55,6.67,74.69,61.345,19.0,0.0,57.17,17.91,2.19,66.86,0.453,0.127
S03494,57.027,19.92,0.0,72.37,57.228,19.27,0.0,61.0,19.96,11.08,76.22,0.201,0.358
S08482,49.205,27.38,0.0,68.35,49.508,21.88,0.0,65.57,20.6,2.07,65.73,0.303,0.271
S07759,69.395,23.62,0.0,77.79,69.49,23.99,0.0,67.56,27.01,5.15,70.65,0.095,0.267
S08731,53.529,23.89,0.0,83.85,53.866,18.64,0.0,58.97,21.7,1.25,58.03,0.337,0.236
S01268,49.661,24.9,0.46,74.63,49.997,24.49,0.0,75.78,21.11,6.92,69.32,0.336,0.275
S01866,67.623,18.86,0.0,65.62,67.741,18.97,0.0,70.64,26.34,0.0,79.07,0.118,0.243
S04038,69.269,20.59,0.0,71.53,69.453,21.5,0.0,76.97,25.94,2.13,75.64,0.184,0.259
S08876,72.832,27.58,0.0,73.62,72.98,20.68,0.0,68.21,25.23,5.08,77.76,0.148,0.238
S08608,61.048,25.28,0.0,68.43,61.321,24.19,0.0,74.3,19.24,0.0,83.7,0.273,0.217
S03800,73.635,20.41,0.0,77.01,73.834,19.06,1.29,85.99,26.06,0.0,73.67,0.199,0.232
S07126,61.047,14.46,0.0,64.27,61.228,17.15,0.0,72.41,26.81,25.0,73.46,0.181,0.55
S01561,53.686,19.01,0.0,58.3,54.045,27.5,1.63,62.28,20.24,0.0,71.26,0.359,0.264
S09411,77.075,28.53,3.29,86.28,77.337,21.75,0.0,65.92,27.19,5.1,83.13,0.262,0.326
S00367,61.64,26.3,0.0,74.73,61.857,19.67,0.0,58.92,22.19,1.19,70.71,0.217,0.245
S04476,67.582,23.17,0.89,77.55,67.835,25.75,0.0,84.97,24.58,0.0,70.61,0.253,0.219
S07882,70.29,22.65,0.0,71.49,70.478,19.52,0.0,68.02,26.44,1.94,72.01,0.188,0.165
S00722,55.16,17.81,3.39,72.88,55.504,19.22,0.0,68.33,25.1,11.41,73.67,0.344,0.373
S05931,59.911,22.37,2.52,66.17,60.256,26.75,0.0,82.09,23.19,0.31,73.78,0.345,0.285
S05363,61.36,23.31,0.0,57.79,61.523,21.68,0.0,74.29,23.9,0.0,64.93,0.163,0.226
S03419,67.017,20.08,0.0,67.1,67.183,23.46,0.0,63.65,23.39,0.0,72.06,0.166,0.22
S03723,64.242,29.17,0.0,80.19,64.46,22.9,0.0,67.18,26.01,0.0,71.42,0.218,0.291
S05933,49.916,22.75,0.0,76.84,50.319,21.41,7.97,58.63,23.37,0.39,66.25,0.403,0.296
S05428,60.086,26.74,0.0,60.3,60.249,20.86,0.0,75.25,24.54,5.47,80.35,0.163,0.283
S05353,58.252,19.41,0.0,66.96,58.344,25.13,0.0,61.48,22.72,1.1,65.73,0.092,0.229
S04213,63.531,24.1,0.0,64.23,63.739,26.39,0.0,70.0,21.03,13.53,63.07,0.208,0.289
S03771,69.56,25.07,0.0,82.45,69.709,26.99,11.67,84.76,23.52,3.99,74.93,0.149,0.157
S01361,58.957,20.12,0.0,48.9,59.045,27.15,2.67,78.77,23.46,3.76,74.67,0.088,0.276
S04261,68.394,25.31,0.0,71.63,68.624,19.87,0.0,53.01,19.51,2.77,68.65,0.23,0.141
S07280,73.763,20.95,0.0,72.56,73.923,21.67,0.0,63.34,24.75,0.0,76.65,0.16,0.19
S02251,56.44,26.51,0.0,70.74,56.73,22.1,0.0,62.33,20.49,2.48,65.83,0.29,0.191
S03799,70.138,26.96,0.0,76.05,70.395,29.49,0.2,76.34,22.69,13.27,63.45,0.257,0.258
S04575,70.969,22.99,0.33,82.38,71.165,17.16,0.0,62.51,25.17,12.72,67.11,0.196,0.274
S04270,67.172,17.45,0.0,71.68,67.271,27.39,0.0,66.63,26.31,9.94,72.93,0.099,0.397
S05832,61.699,26.58,0.0,72.01,62.023,28.65,0.0,68.14,26.06,0.0,68.03,0.324,0.299
S08774,67.717,15.42,3.92,77.24,67.918,25.09,0.0,74.69,25.91,0.0,68.11,0.201,0.234
S09045,58.539,26.6,0.0,68.4,58.759,19.86,0.0,74.49,21.53,1.04,67.64,0.22,0.291
S06177,45.39,14.42,0.0,68.01,45.737,23.66,3.33,76.54,22.16,11.88,74.0,0.347,0.453
S03725,59.783,19.23,0.0,56.5,59.916,17.22,0.0,57.46,21.61,0.0,67.02,0.133,0.225
S05511,58.866,20.1,0.0,89.1,59.102,24.93,0.0,64.85,27.51,3.88,73.67,0.236,0.342
S01725,59.137,23.37,0.0,71.76,59.417,24.93,0.0,64.44,28.34,1.73,70.55,0.28,0.318
S03857,70.76,19.43,0.0,60.29,70.813,27.11,12.13,60.33,26.47,0.0,62.08,0.053,0.192
S04190,76.456,27.4,0.0,59.58,76.582,25.86,7.38,87.67,20.56,0.79,73.53,0.126,0.064
S00026,73.919,27.06,0.0,80.48,74.039,22.76,0.0,62.65,28.0,12.1,66.68,0.12,0.208
S03616,81.735,24.4,0.0,77.75,81.888,30.61,0.0,73.82,21.77,0.75,70.93,0.153,0.196
S08627,67.132,19.72,0.0,75.35,67.221,27.09,13.52,73.04,25.72,0.0,65.82,0.089,0.281
S09774,73.791,18.06,0.0,58.76,73.822,23.46,13.59,68.44,24.99,0.0,76.54,0.031,0.199
S00030,60.699,17.1,0.0,71.31,60.839,26.85,13.28,68.44,20.98,0.0,59.65,0.14,0.129
S09381,58.946,24.66,0.0,95.19,59.308,24.99,0.0,63.66,21.65,0.0,70.84,0.362,0.253
S00975,66.267,24.99,20.04,74.15,66.979,18.39,0.0,68.63,19.09,0.0,63.89,0.712,0.089
S09846,72.461,16.97,0.0,65.56,72.471,25.72,10.2,77.06,20.95,17.89,67.7,0.01,0.303
S05269,63.368,23.94,25.44,80.51,63.958,23.01,0.0,71.82,22.28,0.0,74.82,0.59,0.203
S09525,57.782,31.03,0.0,80.82,58.149,22.89,0.0,63.24,25.59,0.0,81.98,0.367,0.278
S01389,51.942,27.8,0.0,73.69,52.291,17.11,4.2,64.6,19.28,6.77,75.86,0.349,0.331
S01808,66.21,21.6,0.0,77.65,66.435,22.75,0.0,68.13,19.73,1.39,74.64,0.225,0.126
S00027,63.145,24.77,10.96,68.16,63.45,27.12,2.02,66.77,23.72,4.42,68.7,0.305,0.203
S00882,57.733,24.61,0.0,64.22,57.926,23.09,7.41,67.78,25.33,13.74,81.63,0.193,0.515
S02208,69.289,24.43,0.0,72.89,69.448,21.17,0.0,70.14,27.44,13.81,64.88,0.159,0.293
S03291,73.525,21.81,7.22,72.07,73.747,19.36,0.0,73.54,23.4,0.0,70.2,0.222,0.152
S03684,67.446,22.83,0.0,76.49,67.724,26.27,0.0,82.55,24.06,4.27,60.97,0.278,0.065
S07549,57.883,23.34,0.0,84.02,58.235,19.95,4.56,68.21,21.86,35.91,73.26,0.352,0.593
S06482,70.775,25.75,12.88,75.81,71.109,25.33,0.0,78.9,24.95,16.18,78.98,0.334,0.319
S09521,68.21,25.99,3.25,85.83,68.499,20.52,0.0,82.96,23.13,13.48,62.45,0.289,0.341
S06280,62.131,29.16,0.0,68.12,62.398,25.16,1.76,84.36,26.91,1.3,81.82,0.267,0.341
S03911,64.705,24.05,20.24,90.01,65.169,26.64,14.69,76.85,21.09,3.78,75.8,0.464,0.226
S01489,45.195,29.57,8.0,77.54,45.673,24.61,5.91,68.65,21.85,29.91,79.01,0.478,0.691
S07913,62.158,24.81,0.0,85.02,62.431,25.77,0.0,72.61,23.49,7.67,74.86,0.273,0.349
S00786,56.016,23.89,1.42,78.33,56.282,25.02,0.0,70.81,21.41,0.0,78.8,0.266,0.303
S09491,49.16,23.78,2.43,70.16,49.405,24.14,0.0,68.53,17.4,0.0,57.43,0.245,0.184
S06920,67.72,18.67,6.03,62.28,68.018,13.78,0.0,64.39,16.04,0.0,62.82,0.298,0.074
S07274,61.902,15.72,0.0,64.59,61.943,26.22,0.0,74.74,29.25,21.53,83.75,0.041,0.524
S09423,51.274,22.6,0.0,71.35,51.675,16.3,0.0,62.98,26.13,1.72,69.43,0.401,0.34
S08205,67.336,21.64,8.2,89.75,67.587,18.84,0.0,64.05,25.9,0.0,69.57,0.251,0.208
S08070,54.895,25.65,15.6,66.78,55.321,17.33,0.0,63.98,24.03,2.67,78.95,0.426,0.337
S06772,69.181,21.98,2.07,75.05,69.344,25.6,0.0,72.36,24.29,4.84,69.24,0.163,0.195
S00720,59.762,15.95,0.0,71.3,59.914,25.48,8.09,60.39,24.76,4.22,72.19,0.152,0.326
S06476,60.678,30.55,0.0,76.72,61.015,17.37,0.0,67.5,19.42,0.0,57.26,0.337,0.062
S01484,73.893,21.42,0.0,65.59,74.056,25.09,0.0,69.93,23.37,0.39,61.18,0.163,0.104
S04484,59.093,23.36,0.0,81.21,59.289,22.37,7.5,71.04,19.25,25.21,77.09,0.196,0.501
S05062,56.443,27.92,0.0,72.05,56.715,25.43,0.0,77.95,18.23,4.41,69.23,0.272,0.266
S08675,76.907,24.39,0.0,60.96,77.0,30.7,0.0,74.75,23.72,3.27,74.74,0.093,0.175
S06430,55.389,24.72,0.0,69.45,55.689,25.69,0.0,77.17,24.11,0.0,63.79,0.3,0.253
S06814,56.076,23.93,3.27,65.28,56.367,24.05,14.36,59.2,23.48,0.0,65.62,0.291,0.246
S04612,59.651,22.88,0.0,70.44,59.945,22.68,0.0,71.29,17.83,0.6,59.79,0.294,0.098
S08692,53.857,23.63,0.0,72.67,54.115,24.85,0.0,74.69,23.57,0.0,69.96,0.258,0.304
S09626,51.498,23.32,0.0,67.95,51.808,23.79,0.0,78.52,21.14,1.23,66.55,0.31,0.294
S03373,67.796,17.53,0.0,57.03,67.916,22.17,0.0,48.18,25.61,0.0,70.12,0.12,0.236
S04037,57.655,12.38,0.0,59.93,57.787,22.9,0.0,79.3,23.43,5.93,72.4,0.132,0.296
S02895,40.0,24.55,0.0,80.36,40.431,24.83,0.59,72.87,23.67,22.03,80.74,0.431,0.629
S09271,69.682,18.31,0.0,72.08,69.833,22.87,0.0,60.98,21.6,2.88,65.43,0.151,0.137
S07052,68.801,19.9,26.47,60.14,69.201,18.59,0.0,63.72,24.6,0.0,59.19,0.4,0.194
S08396,53.401,23.66,0.0,76.02,53.74,27.96,0.0,72.86,16.57,0.0,77.51,0.339,0.141
S08842,66.866,20.78,8.6,67.07,67.032,25.87,2.77,70.78,21.88,21.96,77.83,0.166,0.46
S00473,49.652,20.51,0.0,55.31,49.841,15.86,0.0,75.81,25.35,0.74,55.37,0.189,0.27
S04169,59.619,25.87,12.23,75.77,60.088,23.43,22.64,69.82,24.87,0.0,61.71,0.469,0.18
S06768,68.01,23.46,0.0,63.72,68.231,23.7,0.0,54.58,22.48,9.28,78.37,0.221,0.295
S04936,74.038,23.11,0.0,71.28,74.225,27.02,2.26,62.36,22.45,17.46,70.71,0.187,0.241
S03939,69.701,27.23,6.87,74.97,70.034,25.1,0.0,62.54,21.59,7.04,80.26,0.333,0.236
S00990,62.066,19.94,1.49,57.83,62.177,17.91,0.0,71.04,21.85,2.63,71.17,0.111,0.24
S04344,59.147,19.73,6.22,75.89,59.578,19.54,0.0,77.12,21.69,0.0,55.91,0.431,0.159
S08680,69.512,26.07,0.0,70.64,69.703,22.52,0.0,52.35,23.12,0.0,71.03,0.191,0.184
S05090,64.911,16.84,0.0,65.2,64.957,23.67,0.0,66.32,19.22,1.42,79.48,0.046,0.104
S08392,58.211,21.31,0.0,74.48,58.393,20.52,0.0,69.16,25.91,11.55,63.0,0.182,0.322
S03387,74.708,21.28,0.0,65.08,74.917,21.16,0.0,70.17,19.74,0.0,65.95,0.209,0.1
S03524,66.935,23.19,0.0,83.05,67.211,25.69,0.0,73.87,21.05,2.38,72.05,0.276,0.156
S00619,62.845,19.6,0.0,70.86,63.095,17.82,0.0,73.25,20.64,1.47,56.25,0.25,0.141
S04095,52.006,19.29,0.0,67.03,52.219,23.56,0.0,76.46,23.7,12.94,77.98,0.213,0.461
S08972,56.736,27.46,19.82,59.24,57.221,27.11,0.0,85.64,20.6,0.0,66.12,0.485,0.174
S08409,63.248,19.81,0.0,66.49,63.425,19.91,0.0,63.6,21.73,15.33,73.19,0.177,0.362
S05527,56.238,23.99,0.0,70.77,56.511,14.85,0.0,65.11,23.5,14.87,69.03,0.273,0.434
S03604,56.886,24.31,0.0,70.57,57.253,25.77,5.16,73.27,21.87,0.0,81.97,0.367,0.33
S00354,51.58,23.54,0.0,79.26,51.864,22.77,0.0,83.84,23.83,33.53,79.83,0.284,0.785
S03884,72.529,24.4,0.0,90.27,72.793,18.65,0.0,79.91,17.66,5.01,54.84,0.264,0.028
S06010,59.896,21.6,0.0,73.79,60.138,19.55,0.0,64.09,23.06,0.46,62.79,0.242,0.228
S05335,64.067,20.45,4.17,71.38,64.354,24.58,25.31,75.31,19.65,2.19,60.83,0.287,0.135
S08495,65.46,18.96,4.86,76.65,65.607,22.86,0.0,62.38,19.64,12.36,75.78,0.147,0.379
S05750,60.914,24.15,0.0,79.03,61.439,24.66,0.0,72.69,23.78,0.0,68.33,0.525,0.279
S00171,57.362,21.45,0.3,64.69,57.506,20.67,0.38,64.34,19.72,0.0,80.72,0.144,0.209
S01000,64.112,18.87,3.57,67.22,64.587,23.96,0.0,74.63,25.33,36.68,75.78,0.475,0.538
S07331,47.372,17.66,0.0,68.25,47.628,18.83,0.0,71.46,22.62,9.1,62.14,0.256,0.327
S04640,61.768,25.12,0.0,74.04,62.034,22.75,4.79,64.66,19.49,39.63,63.14,0.266,0.531
S01336,56.239,21.22,0.0,63.02,56.379,18.6,0.0,58.59,21.34,0.0,66.33,0.14,0.212
S04114,46.182,22.8,15.88,64.05,46.671,22.45,0.88,77.97,20.55,0.0,61.13,0.489,0.238
S02982,65.367,27.36,0.0,54.01,65.517,21.69,0.0,59.84,24.03,0.0,75.41,0.15,0.268
S08823,61.097,25.22,0.0,75.33,61.439,19.46,0.0,56.33,24.18,8.59,68.11,0.342,0.377
S09503,72.761,25.9,25.55,76.24,73.312,23.46,0.0,69.2,24.03,13.5,64.86,0.551,0.277
S02634,63.408,18.12,0.31,63.07,63.557,25.92,0.0,63.35,22.79,0.0,67.89,0.149,0.2
S07111,59.237,24.13,0.0,68.96,59.566,20.8,19.02,67.5,24.76,4.85,85.91,0.329,0.331
S03501,56.587,24.29,0.0,74.33,56.769,19.81,4.78,70.45,23.34,9.91,73.04,0.182,0.37
S07732,48.9,15.24,0.0,63.66,49.218,25.29,0.0,66.0,24.95,0.0,82.69,0.318,0.356
S02152,61.537,23.23,0.0,56.64,61.786,23.29,0.0,71.92,16.93,0.86,70.84,0.249,0.142
S04306,54.186,23.91,0.0,65.01,54.442,21.06,0.0,62.84,22.35,6.58,72.58,0.256,0.36
S02654,70.316,22.37,0.0,81.46,70.902,22.71,0.0,60.52,25.19,25.19,52.03,0.586,0.389
S08677,69.23,23.35,29.27,94.08,69.797,24.17,0.0,72.63,23.98,3.04,70.95,0.567,0.171
S01041,71.322,25.09,0.0,82.72,71.478,17.14,0.0,77.21,18.63,0.0,66.37,0.156,0.077
S00967,61.328,24.1,0.0,80.42,61.61,18.53,9.61,60.83,25.43,21.94,62.8,0.282,0.486
S03451,58.733,25.41,2.73,59.07,59.075,22.91,9.66,64.87,17.7,2.23,76.32,0.342,0.232
S08457,46.89,19.67,0.0,73.99,47.174,17.5,0.0,69.62,19.15,0.0,65.19,0.284,0.19
S01446,54.755,19.54,0.0,71.81,55.031,27.11,0.0,73.71,21.34,3.81,67.36,0.276,0.306
S00045,66.408,26.59,0.0,68.86,66.555,15.87,0.0,63.49,26.49,11.31,69.12,0.147,0.37
S06922,72.808,15.06,0.0,50.87,72.867,21.88,0.0,78.6,23.87,3.75,63.66,0.059,0.098
S02348,70.84,23.07,15.13,65.19,71.086,24.65,1.36,63.16,24.32,2.97,69.98,0.246,0.182
S02840,69.41,26.79,0.0,85.51,69.777,17.78,0.0,76.05,24.46,2.66,80.84,0.367,0.241
S01898,59.99,27.69,0.0,66.26,60.247,14.79,0.0,59.84,19.93,0.46,67.26,0.257,0.1
S00388,55.395,28.81,0.0,70.41,55.64,23.0,17.58,67.48,25.16,0.0,74.67,0.245,0.231
S05838,71.949,23.4,19.78,78.29,72.443,20.83,0.0,66.49,22.04,18.93,70.45,0.494,0.358
S01859,69.761,16.09,0.0,52.05,69.848,21.39,25.42,52.17,22.08,3.81,72.76,0.087,0.217
S09267,56.736,26.22,5.93,75.59,57.109,20.87,0.0,77.39,19.47,0.0,65.31,0.373,0.119
S06913,61.376,20.02,0.0,54.22,61.519,25.33,0.0,76.83,19.86,7.46,63.78,0.143,0.175
S00968,52.802,26.32,0.0,75.58,53.177,28.14,0.0,81.12,25.24,0.0,69.49,0.375,0.376
S04987,58.435,28.68,0.0,69.34,58.701,20.88,0.0,71.73,25.32,3.87,75.99,0.266,0.342
S02368,42.28,27.95,0.0,69.09,42.675,18.17,0.0,71.4,22.19,0.0,63.16,0.395,0.295
S06947,50.724,27.21,0.0,68.03,51.07,21.51,2.3,60.83,23.24,1.2,68.99,0.346,0.28
S03096,74.383,21.15,0.0,69.72,74.483,24.9,0.0,72.33,23.69,34.24,69.3,0.1,0.502
S06183,66.965,22.06,0.0,75.26,67.156,16.34,0.0,71.63,23.56,0.0,56.07,0.191,0.159
S09138,65.228,15.95,0.0,65.43,65.415,20.08,0.0,78.67,25.51,0.48,78.21,0.187,0.249
S09233,61.337,25.18,0.0,69.56,61.622,25.23,0.0,79.95,22.42,0.0,71.57,0.285,0.172
S02206,69.625,12.0,0.0,69.47,69.693,23.79,0.0,86.13,22.45,1.1,84.81,0.068,0.241
S03274,54.269,27.24,12.58,59.93,54.666,18.88,0.0,63.64,16.1,0.0,68.69,0.397,0.106
S08162,71.457,22.64,2.78,75.61,71.675,23.46,0.0,77.58,25.2,0.0,63.06,0.218,0.179
S03442,67.116,25.94,6.12,62.55,67.23,21.0,0.0,54.14,23.6,6.78,46.89,0.114,0.114
S07911,69.027,19.68,0.0,81.91,69.232,26.13,5.3,78.26,26.28,0.0,77.13,0.205,0.243
S07902,61.074,25.86,14.13,72.79,61.615,19.58,0.0,59.72,22.85,1.71,60.27,0.541,0.153
S00961,59.378,27.23,4.71,63.8,59.704,28.38,0.0,71.58,24.28,2.16,66.23,0.326,0.265
S00745,58.028,23.01,0.0,71.49,58.168,20.76,0.0,58.09,25.19,4.04,64.88,0.14,0.271
S08812,54.084,20.11,2.99,50.62,54.3,22.98,0.0,67.86,23.5,4.9,81.64,0.216,0.362
S09133,56.204,23.84,9.97,76.02,56.655,24.26,0.71,70.86,20.82,0.85,67.38,0.451,0.228
S06537,55.663,26.49,6.9,88.67,55.997,20.63,2.71,67.31,26.04,2.51,70.96,0.334,0.325
S07624,70.456,23.05,0.0,68.3,70.491,20.14,0.0,66.54,20.29,0.0,73.29,0.035,0.098
S03177,65.281,26.84,0.0,73.48,65.537,28.73,0.0,66.72,19.91,2.53,62.15,0.256,0.129
S08056,41.869,23.39,0.0,81.49,42.353,16.8,0.0,66.36,23.2,1.18,76.56,0.484,0.462
S01378,66.44,18.82,3.86,66.69,66.669,24.31,0.0,74.65,25.19,5.1,66.23,0.229,0.26
S06589,77.023,21.93,0.0,66.37,77.15,24.52,11.96,53.94,24.0,0.0,75.75,0.127,0.167
S00936,68.817,20.8,0.0,66.51,69.006,17.25,0.0,77.35,27.02,0.44,63.61,0.189,0.177
S05641,57.575,19.29,0.0,62.36,57.69,23.04,0.0,79.36,23.81,0.5,72.02,0.115,0.267
S05315,70.992,23.09,9.79,60.19,71.318,26.86,0.0,78.9,20.42,1.15,85.02,0.326,0.119
S00347,74.212,24.89,0.0,58.47,74.35,21.82,0.0,60.34,23.8,1.32,78.04,0.138,0.21
S07057,78.036,19.84,0.0,73.02,78.136,13.75,0.0,76.01,23.03,28.54,66.16,0.1,0.392
S08471,59.732,27.24,0.0,65.51,60.053,21.26,0.0,60.22,20.39,0.0,77.04,0.321,0.201
S06931,60.945,17.94,0.0,67.36,61.075,23.39,0.24,72.03,23.72,12.08,73.35,0.13,0.381
S00052,49.484,26.14,15.27,76.03,50.07,23.24,0.0,67.28,22.23,7.67,74.12,0.586,0.369
S08032,65.814,15.91,0.0,50.14,65.858,24.35,0.0,81.58,21.15,0.0,56.76,0.044,0.125
S04263,64.984,23.69,0.0,73.18,65.238,15.47,0.0,72.52,23.2,1.01,59.61,0.254,0.211
S01367,58.723,24.35,0.0,73.76,58.938,27.14,0.66,82.47,21.64,3.62,67.9,0.215,0.299
S00366,61.2,16.53,0.0,72.26,61.339,19.11,0.0,73.84,26.24,5.74,75.07,0.139,0.392
S01318,52.931,17.64,0.0,59.79,53.041,22.76,0.0,76.29,20.33,3.01,63.73,0.11,0.186
S08410,70.864,22.17,0.0,62.44,71.031,25.94,0.0,68.42,21.49,0.0,73.42,0.167,0.15
S05487,64.017,19.92,0.0,71.78,64.166,26.14,0.0,57.49,20.9,1.56,67.98,0.149,0.144
S09016,63.847,21.82,0.0,70.22,64.202,24.36,0.0,61.27,23.42,0.77,61.2,0.355,0.148
S00666,81.333,25.99,0.0,73.15,81.343,18.33,0.0,78.74,25.69,0.0,66.28,0.01,0.082
S00264,72.649,25.35,0.0,65.4,72.985,18.9,0.0,64.77,25.84,0.0,65.86,0.336,0.149
S05625,57.925,20.33,12.34,67.22,58.283,24.19,0.0,64.91,17.7,0.0,62.24,0.358,0.179
S09732,66.492,23.39,0.0,59.28,66.765,18.82,0.0,68.43,18.2,6.03,69.99,0.273,0.125
S07004,81.474,25.28,0.91,73.16,81.639,26.32,17.33,66.69,18.44,0.85,77.32,0.165,0.085
S00335,52.231,24.19,20.94,62.83,52.749,20.4,8.97,62.2,23.05,17.21,75.8,0.518,0.453
S05035,64.846,26.07,0.0,78.26,65.164,16.96,0.0,59.19,26.18,0.68,67.33,0.318,0.272
S00102,65.933,14.95,0.0,61.24,66.103,26.89,0.5,76.7,25.73,3.32,62.78,0.17,0.241
S03141,72.398,22.88,2.8,68.83,72.528,27.02,0.0,75.11,21.51,3.69,73.7,0.13,0.132
S03507,54.405,17.61,0.0,54.21,54.674,25.39,0.0,72.0,22.72,0.0,60.06,0.269,0.235
S00082,75.592,14.42,0.0,60.1,75.726,22.58,0.0,62.48,24.21,9.55,72.56,0.134,0.243
S03856,76.31,22.13,0.0,64.59,76.493,26.41,1.05,60.99,26.5,0.0,88.28,0.183,0.26
S07471,45.392,18.8,1.88,73.11,45.713,28.89,0.0,65.0,20.16,0.45,64.03,0.321,0.243
S08650,67.125,23.11,0.0,68.06,67.352,23.96,0.0,72.96,25.76,0.21,78.04,0.227,0.275
S00913,53.505,24.81,7.13,68.11,53.885,25.55,0.0,74.94,23.95,0.0,61.25,0.38,0.273
S01865,59.784,16.68,0.0,48.1,59.954,25.14,0.0,81.76,16.16,4.07,71.13,0.17,0.197
S02801,62.032,20.75,0.0,54.12,62.326,28.18,0.0,76.64,22.91,2.34,71.71,0.294,0.222
S00702,64.524,26.97,12.8,83.37,64.952,22.56,0.0,56.82,18.64,0.0,74.04,0.428,0.152
S09145,69.131,21.47,0.0,68.66,69.339,17.38,3.12,61.78,24.05,0.0,75.09,0.208,0.21
S02106,70.741,16.16,0.0,59.94,70.892,14.99,0.0,57.55,27.21,0.26,70.56,0.151,0.199
S06278,51.533,19.29,0.0,67.93,51.729,22.36,7.06,68.24,26.91,9.01,82.72,0.196,0.561
S00768,60.191,27.49,15.12,76.13,60.644,25.99,31.31,79.94,19.03,0.0,67.29,0.453,0.181
S04761,70.601,24.17,0.0,75.77,70.909,23.91,0.0,72.89,19.43,0.0,64.86,0.308,0.115
S09815,68.18,26.85,0.85,65.36,68.488,23.47,3.09,69.47,18.47,1.83,65.47,0.308,0.08
S09951,61.498,20.96,0.0,70.58,61.715,23.93,0.0,78.38,14.77,0.0,64.67,0.217,0.065
S07160,57.487,27.31,0.0,78.45,57.825,28.34,13.96,70.34,20.77,1.19,77.79,0.338,0.256
S02673,46.562,25.79,8.61,77.31,46.949,23.36,0.0,74.26,22.55,6.42,64.88,0.387,0.371
S04146,40.217,23.78,0.0,59.34,40.498,18.05,0.0,61.41,25.19,3.41,75.38,0.281,0.375
S06491,58.633,22.66,0.0,72.75,58.944,23.09,12.07,71.91,20.71,1.74,74.1,0.311,0.239
S01653,72.488,22.5,0.04,70.98,72.634,20.04,0.0,64.57,28.26,0.0,72.66,0.146,0.268
S08899,65.548,26.11,0.0,70.76,65.718,21.66,0.0,58.07,18.11,0.0,79.1,0.17,0.08
S09034,66.017,24.39,0.0,70.51,66.195,23.52,0.0,64.2,22.71,15.61,75.41,0.178,0.323
S03383,69.165,22.95,0.0,68.23,69.356,23.82,6.63,64.24,22.59,5.64,69.12,0.191,0.125
S00877,53.551,22.95,0.0,62.28,53.812,28.56,0.0,78.27,24.72,6.17,68.1,0.261,0.329
S01284,65.034,26.47,0.0,72.82,65.387,14.92,0.0,69.01,23.92,4.22,67.09,0.353,0.241
S04939,71.402,20.21,23.74,84.56,71.804,26.47,0.0,76.97,22.87,23.49,67.34,0.402,0.468
S07810,71.837,26.81,11.13,66.47,72.233,19.51,9.41,73.68,18.52,6.23,59.85,0.396,0.01
S09237,72.429,25.99,0.0,73.53,72.604,21.77,0.0,75.34,26.67,12.72,64.23,0.175,0.356
S01647,69.032,23.22,0.0,62.9,69.249,26.26,0.0,75.2,21.1,1.2,76.45,0.217,0.148
S07975,69.591,16.52,0.0,67.39,69.738,28.75,0.0,89.49,25.12,0.0,69.27,0.147,0.241
S08432,71.975,25.1,0.0,74.41,72.179,22.05,0.0,66.84,21.38,0.0,70.87,0.204,0.151
S02885,71.481,24.59,0.0,80.14,71.684,29.34,3.52,68.79,21.34,24.93,71.86,0.203,0.385
S05425,73.186,25.34,5.42,84.83,73.45,19.07,0.0,71.89,23.94,2.64,72.01,0.264,0.164
S00664,41.79,22.96,4.06,69.92,42.181,20.76,0.0,65.22,20.36,0.0,59.95,0.391,0.242
S03322,54.287,21.64,0.0,69.54,54.537,27.63,0.0,73.54,20.64,1.64,72.73,0.25,0.283
S07523,68.217,17.95,0.0,58.71,68.252,27.56,0.0,74.48,24.06,0.0,66.76,0.035,0.194
S08365,71.555,21.5,2.41,71.35,71.758,18.92,3.89,60.3,26.11,0.73,64.97,0.203,0.144
S03145,49.25,27.4,0.0,54.93,49.673,26.15,0.0,61.79,21.34,0.44,55.59,0.423,0.149
S07299,51.015,20.34,0.0,67.28,51.346,23.15,0.0,72.41,27.44,2.69,72.57,0.331,0.364
S05651,55.898,19.99,0.0,63.48,56.032,19.9,0.0,66.24,21.38,6.9,74.48,0.134,0.272
S04977,56.156,27.35,0.0,73.06,56.484,22.8,8.33,81.2,22.05,0.0,68.72,0.328,0.271
S01509,72.708,28.02,3.91,92.5,73.008,23.52,0.0,66.66,21.19,26.33,77.98,0.3,0.402
S05448,60.169,25.08,0.0,79.64,60.338,26.2,14.6,54.45,24.5,0.0,75.87,0.169,0.308
S02153,61.684,23.71,0.0,59.84,61.893,19.14,1.71,65.74,18.67,4.45,69.12,0.209,0.134
S08958,50.313,25.92,6.63,79.81,50.819,24.94,0.0,73.31,24.96,12.32,64.62,0.506,0.434
S03378,58.439,17.4,0.0,78.93,58.592,22.56,0.0,73.05,20.53,3.17,67.76,0.153,0.231
S03845,69.466,22.41,0.0,77.31,69.529,23.34,1.52,62.68,23.6,11.84,73.74,0.063,0.355
S00037,69.564,25.05,0.0,76.72,69.717,20.06,0.0,69.14,22.15,5.9,72.74,0.153,0.167
S00203,50.33,15.21,0.0,63.31,50.502,27.18,0.0,79.96,23.53,7.03,64.68,0.172,0.376
S07903,60.306,22.14,4.1,79.04,60.686,28.62,12.27,75.24,21.87,0.0,75.93,0.38,0.24
S00709,40.0,19.55,0.0,72.36,40.409,25.48,0.0,67.55,20.65,1.37,63.98,0.409,0.311
S00023,70.258,29.65,9.39,50.55,70.409,25.54,0.0,75.06,23.61,2.32,65.93,0.151,0.182
S04051,59.026,24.69,0.0,68.9,59.209,21.15,0.0,58.34,21.36,9.43,66.07,0.183,0.352
S06607,54.31,19.57,0.0,68.71,54.539,27.27,0.0,68.88,28.07,1.69,78.35,0.229,0.38
S02568,80.113,22.51,0.0,67.16,80.148,29.77,0.0,73.44,22.49,13.97,73.94,0.035,0.233
S03517,63.199,28.2,0.0,77.32,63.65,25.22,0.0,72.81,17.88,2.84,67.93,0.451,0.116
S04194,71.876,16.91,0.0,60.3,72.001,23.2,0.0,44.76,23.57,0.76,71.79,0.125,0.157
S00242,48.069,22.29,0.0,76.37,48.312,24.48,0.0,76.4,24.47,2.0,65.64,0.243,0.359
S08639,61.755,21.62,0.0,72.18,62.021,23.1,0.0,77.34,24.1,4.46,61.34,0.266,0.199
S03630,61.027,16.49,0.0,68.84,61.26,32.05,0.0,63.59,19.04,0.31,77.61,0.233,0.141
S03893,70.57,21.3,2.2,81.74,70.782,25.22,0.0,67.0,22.94,0.0,77.17,0.212,0.158
S09408,50.457,20.23,0.0,86.81,50.833,27.4,0.0,73.88,26.92,1.28,77.33,0.376,0.463
S05194,55.362,19.31,0.0,72.16,55.518,23.83,0.0,65.32,22.11,1.99,74.79,0.156,0.258
S02602,67.921,25.24,1.61,66.84,68.101,19.93,20.83,67.43,22.33,14.27,59.43,0.18,0.275
S02165,70.973,27.0,0.0,77.97,71.254,23.82,0.0,70.37,26.02,0.0,80.05,0.281,0.32
S05480,61.285,26.76,6.43,80.43,61.645,26.68,0.0,64.68,24.83,2.68,68.97,0.36,0.275
S05991,66.634,25.48,0.0,61.44,66.788,23.6,0.0,64.12,25.33,0.0,71.12,0.154,0.181
S05674,55.526,18.12,0.0,65.24,55.777,23.78,0.5,63.35,21.98,6.94,67.92,0.251,0.259
S02704,56.977,18.94,0.0,86.97,57.498,22.15,0.0,71.86,20.44,1.26,77.6,0.521,0.253
S08352,73.8,18.96,0.83,76.21,74.218,25.45,0.0,70.05,21.94,0.0,67.78,0.418,0.088
S09352,55.115,20.39,0.0,63.24,55.586,17.13,0.0,57.4,21.71,1.98,67.45,0.471,0.293
S03163,55.403,22.3,0.0,83.6,55.853,24.75,0.0,71.83,22.31,0.0,69.5,0.45,0.201
S05257,77.608,28.09,35.0,71.16,78.252,20.08,5.88,63.85,23.37,3.38,80.67,0.644,0.268
S04144,73.216,23.77,15.68,76.72,73.515,20.51,0.0,58.41,26.96,0.0,72.44,0.299,0.191
S05784,67.295,18.67,0.0,78.11,67.334,22.52,13.35,67.8,23.7,5.41,76.21,0.039,0.286
S00972,42.361,24.97,10.52,68.09,42.804,22.36,0.0,66.17,18.23,0.0,67.26,0.443,0.253
S06159,49.94,25.03,0.0,61.82,50.241,24.45,0.0,74.27,23.65,0.0,72.49,0.301,0.325
S03490,41.752,23.89,0.0,75.19,42.154,26.94,0.0,67.79,19.44,20.46,54.75,0.402,0.403
S03557,48.974,22.89,4.22,76.25,49.51,27.62,0.0,70.71,21.74,5.11,56.04,0.536,0.3
S00152,57.087,24.47,0.0,67.3,57.334,23.96,0.0,68.13,17.49,0.0,64.69,0.247,0.158
S09588,64.251,17.21,0.0,52.98,64.387,16.88,2.87,70.4,26.85,0.59,66.71,0.136,0.207
S07151,71.556,21.09,0.0,81.77,71.725,28.57,0.0,71.35,23.46,4.55,63.47,0.169,0.134
S01710,57.935,23.58,0.0,57.69,58.192,21.33,0.0,72.25,20.95,18.97,80.01,0.257,0.437
S05382,70.066,29.39,6.05,82.46,70.422,28.17,0.0,65.17,22.48,0.0,72.75,0.356,0.124
S09727,61.311,23.86,0.0,66.33,61.604,25.93,0.0,67.09,25.21,6.73,70.44,0.293,0.264
S03260,70.881,24.22,0.0,72.1,71.064,23.54,0.0,56.34,25.93,1.84,66.76,0.183,0.131
S01454,60.325,25.65,0.0,64.31,60.567,24.5,0.0,69.3,18.97,2.02,74.44,0.242,0.222
S07221,69.452,23.51,0.0,66.18,69.517,26.69,0.0,58.08,26.15,0.0,66.8,0.065,0.188
S07878,53.64,24.42,8.67,64.22,54.0,24.73,0.0,60.33,21.72,0.0,69.55,0.36,0.226
S09849,49.089,26.47,3.67,56.99,49.323,20.82,0.0,61.07,22.35,9.87,79.52,0.234,0.374
S01063,61.642,25.42,0.0,83.26,61.995,23.99,0.0,80.32,24.02,0.0,70.55,0.353,0.23
S09585,66.624,21.16,0.0,56.47,66.772,19.37,0.0,69.39,26.55,5.7,75.9,0.148,0.312
S05441,57.765,29.34,0.0,56.27,58.223,19.97,0.0,64.01,23.8,0.0,79.28,0.458,0.367
S07816,63.784,23.08,0.0,59.02,64.0,25.83,0.0,69.05,23.42,1.95,69.49,0.216,0.181
S04414,72.851,27.98,6.97,79.1,73.134,24.93,0.0,83.71,22.96,0.0,65.12,0.283,0.084
S08387,68.464,23.69,0.0,66.91,68.625,26.92,9.85,66.0,22.77,6.16,63.67,0.161,0.243
S06764,58.886,24.92,0.0,64.17,59.211,22.37,6.92,66.25,23.11,6.13,74.81,0.325,0.355
S02732,66.42,26.84,1.28,81.43,66.638,17.6,0.0,77.3,21.23,16.27,85.99,0.218,0.316
S00634,63.055,28.7,0.0,79.2,63.526,16.0,1.32,92.09,23.29,19.68,65.91,0.471,0.423
S07560,55.519,26.37,0.0,81.09,56.01,23.97,11.43,84.78,25.04,0.0,70.93,0.491,0.377
S07284,62.884,23.3,0.0,77.43,63.146,24.99,0.0,80.42,23.51,0.0,65.37,0.262,0.15
S06839,68.985,27.64,0.0,71.72,69.654,27.08,0.0,77.61,27.52,0.0,67.53,0.669,0.193
S07996,55.47,18.75,12.54,44.0,55.785,22.88,0.0,75.95,17.69,0.0,69.69,0.315,0.169
S06047,63.868,20.18,0.0,66.21,63.938,27.32,6.21,57.71,22.65,0.0,66.07,0.07,0.25
S03997,64.43,25.23,0.0,69.23,64.681,21.93,0.0,67.92,17.95,7.06,55.15,0.251,0.172
S09371,61.204,26.31,0.0,69.91,61.516,24.46,0.0,81.14,19.15,0.76,68.35,0.312,0.159
S07849,50.515,25.45,0.0,73.02,50.863,25.04,0.0,57.25,24.58,21.04,63.06,0.348,0.419
S05299,53.525,17.71,10.35,69.49,53.931,23.39,0.0,56.58,19.46,2.04,65.12,0.406,0.201
S06667,66.071,25.78,0.0,84.34,66.334,21.51,0.0,71.57,19.53,0.0,64.82,0.263,0.098
S03804,54.502,21.54,15.56,68.69,54.954,20.12,0.0,65.5,25.33,12.19,63.47,0.452,0.354
S05987,65.517,24.03,0.0,55.39,65.733,21.01,0.0,71.75,22.65,7.83,64.08,0.216,0.316
S00816,61.384,20.88,0.0,63.45,61.488,26.87,4.03,70.63,23.89,0.0,66.45,0.104,0.258
S01919,68.706,19.96,0.0,65.47,68.924,24.95,2.02,74.69,21.68,2.44,72.76,0.218,0.2
S02929,59.588,18.39,0.0,61.64,59.708,27.04,0.0,59.33,23.29,3.28,81.06,0.12,0.349
S04716,69.699,24.31,7.05,74.07,70.061,26.06,0.0,78.7,23.73,2.4,60.67,0.362,0.262
S00133,49.136,23.16,0.0,67.17,49.345,26.38,0.0,57.42,17.68,1.8,72.61,0.209,0.251
S03247,62.192,22.21,0.0,63.87,62.32,24.51,1.07,63.89,21.37,1.61,62.83,0.128,0.202
S03592,62.313,23.43,2.91,70.02,62.533,15.86,0.0,68.47,19.16,0.0,56.2,0.22,0.114
S04916,49.978,28.09,12.75,66.3,50.409,22.4,0.0,67.2,17.1,1.56,84.7,0.431,0.259
S09436,52.442,23.28,0.0,64.22,52.72,24.72,4.59,66.61,27.66,5.95,76.81,0.278,0.427
S09680,71.765,19.66,0.0,68.94,71.979,23.14,0.0,73.36,22.18,4.97,59.75,0.214,0.121
S03772,43.3,26.59,0.0,68.89,43.659,24.02,7.45,71.67,25.22,1.4,66.17,0.359,0.365
S04158,53.866,24.79,0.0,69.82,54.175,24.72,0.0,53.73,23.66,0.0,60.17,0.309,0.174
S02988,59.914,23.31,0.0,69.35,60.119,27.1,0.0,65.04,25.04,3.51,76.35,0.205,0.32
S01995,67.935,27.24,0.0,80.21,68.166,14.9,0.0,65.59,24.04,0.0,71.96,0.231,0.26
S05699,67.243,17.59,0.0,63.28,67.412,26.91,5.96,72.87,23.27,1.82,58.2,0.169,0.226
S04295,66.723,24.41,0.0,76.99,66.998,24.97,0.0,83.33,24.99,5.9,69.4,0.275,0.255
S06200,56.764,25.39,3.65,88.27,57.092,17.05,0.0,38.52,24.98,1.77,80.46,0.328,0.345
S07210,64.559,20.45,0.0,76.31,64.773,23.71,0.0,91.36,24.32,0.0,72.28,0.214,0.228
S06802,71.843,24.2,0.0,68.36,72.015,23.25,0.0,81.04,22.85,3.77,53.72,0.172,0.154
S02538,64.213,24.02,0.0,68.68,64.42,22.92,2.69,67.49,21.92,3.47,65.55,0.207,0.19
S07338,79.864,20.94,0.0,67.93,79.902,14.33,0.0,52.05,24.95,4.0,71.49,0.038,0.137
S04611,53.682,27.5,0.41,63.08,54.018,21.97,0.0,67.78,23.81,0.0,72.52,0.336,0.317
S01090,68.611,23.16,0.0,69.06,68.838,24.56,6.35,69.99,21.17,10.0,60.39,0.227,0.181
S04854,70.27,23.78,0.67,75.22,70.399,18.95,0.0,63.95,22.43,0.0,64.38,0.129,0.058
S05297,54.217,12.92,6.76,62.69,54.404,21.45,10.01,86.07,24.74,0.95,71.74,0.187,0.351
S01449,47.914,26.96,19.01,68.4,48.677,19.79,0.0,66.87,22.58,0.2,72.27,0.763,0.34
S03129,68.198,23.86,0.0,72.13,68.465,24.73,13.09,66.05,26.64,7.16,68.66,0.267,0.307
S06433,51.059,29.57,0.0,83.66,51.483,23.08,0.0,75.11,27.58,0.0,69.16,0.424,0.413
S04585,55.557,26.65,7.85,73.21,55.997,28.0,0.0,83.52,22.5,0.0,66.76,0.44,0.261
S06136,63.23,22.79,0.0,76.04,63.45,18.66,0.0,67.66,26.75,1.77,73.0,0.22,0.239
S03132,76.58,15.83,0.0,81.11,76.657,23.99,2.79,66.48,22.2,0.0,70.05,0.077,0.105
S07950,69.139,28.16,3.12,72.36,69.32,26.73,0.0,63.67,28.21,0.0,69.5,0.181,0.246
S07709,66.491,21.9,34.69,72.38,67.287,20.25,0.0,70.53,25.41,15.51,66.82,0.796,0.4
S08536,72.497,25.94,0.0,72.13,72.738,26.37,12.92,76.61,22.13,3.48,58.89,0.241,0.099
S00220,67.897,27.05,0.0,59.17,68.15,27.69,0.0,88.48,22.58,0.0,69.7,0.253,0.209
S09028,42.552,26.64,0.0,72.76,42.941,19.38,0.0,65.67,24.68,4.32,70.63,0.389,0.495
S09777,56.304,19.1,0.0,71.0,56.472,26.94,0.0,86.87,25.49,1.6,85.04,0.168,0.281
S05101,81.036,28.33,0.0,74.88,81.186,14.09,18.32,66.36,17.73,0.78,72.13,0.15,0.034
S06976,73.434,26.44,0.0,77.06,73.52,15.01,0.0,63.16,19.91,5.59,76.13,0.086,0.236
S02101,48.775,13.43,9.33,74.93,49.147,24.48,0.0,57.81,27.15,13.98,67.01,0.372,0.505
S02429,61.885,20.8,1.79,78.17,62.198,23.85,10.61,52.37,24.63,2.5,66.16,0.313,0.234
S09326,63.392,23.3,2.15,70.28,63.691,24.28,1.03,56.66,23.46,0.0,70.41,0.299,0.199
S09579,68.75,21.7,0.0,72.35,68.899,26.62,0.0,76.29,24.1,0.0,70.92,0.149,0.224
S08814,55.632,22.22,0.0,65.02,55.92,24.87,0.0,67.93,24.61,14.42,68.42,0.288,0.446
S03089,67.83,25.4,0.0,86.32,68.006,24.74,3.8,70.11,24.84,0.0,68.05,0.176,0.183
S04504,74.018,22.74,0.0,61.9,74.1,22.41,0.0,58.61,24.32,16.98,67.16,0.082,0.4
S07385,54.749,23.9,0.0,62.56,55.0,15.72,0.0,72.82,25.86,0.0,76.24,0.251,0.321
S04801,55.183,24.0,0.0,74.35,55.465,24.34,0.0,60.21,28.93,34.33,78.79,0.282,0.758
S07743,54.185,18.04,0.0,71.98,54.44,18.17,0.0,61.99,24.8,29.55,68.17,0.255,0.634
S03644,77.698,26.02,25.8,86.65,78.129,17.82,0.0,56.42,21.85,1.28,68.28,0.431,0.111
S03880,57.239,22.82,0.0,74.23,57.514,19.32,0.0,77.87,25.89,0.0,78.79,0.275,0.288
S00960,45.123,21.18,0.0,71.18,45.401,21.29,0.0,73.72,23.61,0.0,73.44,0.278,0.285
S03275,66.467,20.68,0.0,65.25,66.581,17.81,0.0,74.37,22.83,0.91,58.27,0.114,0.156
S02679,69.944,18.97,0.0,72.02,70.095,25.0,0.0,72.21,24.0,5.08,78.37,0.151,0.224
S03724,52.528,24.34,0.0,71.7,52.836,23.2,0.0,83.16,21.52,0.0,72.0,0.308,0.348
S00442,74.154,24.53,0.0,65.29,74.321,25.43,3.02,57.2,22.47,1.35,80.73,0.167,0.159
S07590,59.064,22.71,0.0,65.93,59.288,28.04,2.34,68.99,21.35,0.0,62.0,0.224,0.214
S02863,75.671,22.1,0.0,70.54,75.735,22.62,0.0,65.88,27.66,9.73,70.72,0.064,0.268
S04458,51.881,16.77,0.0,60.3,52.139,20.85,0.0,69.06,22.89,0.0,67.79,0.258,0.228
S03786,58.021,26.37,0.0,69.19,58.364,23.58,0.0,59.73,18.58,3.39,82.71,0.343,0.219
S06816,67.137,19.81,0.0,68.63,67.255,19.47,20.52,85.95,24.4,4.33,64.62,0.118,0.232
S00987,52.246,23.84,0.0,74.67,52.787,21.86,0.0,53.46,24.35,24.68,83.11,0.541,0.585
S04433,60.318,23.49,4.22,76.9,60.688,24.81,0.0,78.45,14.46,0.0,59.5,0.37,0.07
S07588,76.745,24.63,0.0,63.91,76.995,22.77,0.0,71.99,22.68,12.92,73.32,0.25,0.296
S03668,64.253,22.48,0.0,65.18,64.499,18.14,0.0,64.99,22.13,0.0,70.06,0.246,0.196
S04337,63.508,24.46,0.0,71.41,63.756,26.68,1.31,86.15,20.7,2.64,59.69,0.248,0.128
S06788,71.417,22.33,3.11,58.09,71.562,26.3,19.65,77.1,19.03,0.0,68.89,0.145,0.046
S01818,54.047,24.89,0.0,79.73,54.399,23.55,0.0,78.05,22.77,1.32,69.8,0.352,0.238
S06153,58.202,15.36,4.28,73.38,58.447,20.64,0.0,78.68,15.42,8.82,66.84,0.245,0.148
S06632,66.76,24.39,0.84,72.82,67.175,20.67,0.0,58.67,19.25,1.97,68.13,0.415,0.143
S09427,76.73,26.25,0.0,48.09,76.78,25.48,0.0,66.53,21.13,13.66,60.15,0.05,0.12
S08453,56.712,23.07,5.3,67.46,56.945,20.72,0.0,87.24,23.24,0.0,69.21,0.233,0.323
S06377,65.923,16.44,0.55,71.68,66.096,24.52,1.49,74.35,24.38,2.86,72.58,0.173,0.253
S09350,57.2,22.14,0.43,70.24,57.493,22.76,0.0,91.19,24.38,0.0,66.13,0.293,0.242
S04651,66.426,22.9,0.0,78.57,66.52,26.31,0.0,73.83,20.88,0.0,76.29,0.094,0.17
S01715,46.577,22.07,0.0,66.81,46.873,25.38,0.0,74.85,25.15,12.37,78.49,0.296,0.512
S02177,67.663,20.94,0.0,70.34,67.785,21.55,0.0,74.07,23.36,0.29,68.3,0.122,0.185
S03192,74.034,23.46,0.0,71.81,74.151,20.67,0.0,61.0,17.76,0.0,60.28,0.117,0.018
S07194,74.032,25.69,1.76,73.37,74.278,26.97,6.86,77.54,24.23,0.56,71.11,0.246,0.166
S05528,64.198,26.27,0.0,77.24,64.448,26.46,0.0,72.35,20.26,3.39,67.64,0.25,0.14
S00107,63.798,28.03,0.0,68.78,64.027,21.51,8.58,76.48,27.29,16.69,69.76,0.229,0.397
S01228,72.624,22.09,0.0,67.7,72.675,22.02,0.0,75.64,26.08,0.0,69.02,0.051,0.159
S05741,57.809,26.91,0.0,77.87,58.153,20.08,0.0,71.3,25.03,17.0,80.61,0.344,0.404
S01854,58.983,22.06,0.52,78.64,59.207,14.9,0.0,62.84,21.62,6.79,64.39,0.224,0.238
S07357,71.725,21.86,0.0,52.98,71.757,21.76,0.0,60.28,25.73,26.09,83.04,0.032,0.492
S01855,67.294,23.57,0.0,79.58,67.594,22.2,0.0,70.41,29.06,2.28,70.81,0.3,0.302
S00148,52.439,23.29,13.65,66.59,52.826,15.96,0.0,60.15,18.64,0.38,77.33,0.387,0.338
S00851,67.168,23.85,0.0,68.33,67.66,24.88,0.0,79.46,21.78,3.41,68.37,0.492,0.175
S03935,58.471,25.6,0.0,65.03,58.828,26.38,0.0,66.95,26.96,4.42,68.33,0.357,0.411
S04148,60.366,21.81,14.66,78.2,60.818,17.98,19.46,63.98,23.92,0.0,69.43,0.452,0.276
S01462,52.753,26.43,0.0,76.81,53.033,27.26,2.34,66.89,19.44,0.89,72.78,0.28,0.28
S07084,55.289,21.37,0.0,71.0,55.561,14.28,0.0,62.87,19.16,1.19,73.12,0.272,0.295
S07685,46.331,17.66,0.0,60.54,46.694,17.39,0.0,66.29,20.84,5.13,77.88,0.363,0.382
S01863,60.643,25.59,0.0,91.79,60.888,18.89,0.78,60.54,25.95,0.18,67.38,0.245,0.271
S08715,59.301,21.37,0.0,65.39,59.483,21.19,0.0,69.49,15.29,1.2,80.55,0.182,0.13
S01031,79.297,17.7,0.0,66.53,79.338,17.79,0.0,73.86,19.14,0.0,62.63,0.041,0.06
S01622,68.143,28.32,0.0,73.95,68.354,25.18,0.0,76.66,22.87,5.68,65.96,0.211,0.155
S07742,51.085,22.51,12.58,84.93,51.61,26.33,0.0,62.91,23.62,30.97,66.18,0.525,0.646
S07374,64.617,23.17,0.0,72.5,64.74,23.84,0.0,60.13,24.23,0.0,71.86,0.123,0.256
S09918,64.915,14.56,0.0,68.32,65.08,29.75,2.49,74.05,25.65,0.0,63.4,0.165,0.269
S04229,59.495,16.73,1.48,72.87,59.715,22.85,0.0,79.54,17.93,1.98,66.94,0.22,0.154
S08927,59.757,25.96,0.89,75.91,60.195,27.36,7.62,84.26,19.49,0.0,77.83,0.438,0.225
S09259,61.659,17.51,2.19,68.0,62.275,16.34,0.0,57.68,26.41,15.2,56.66,0.616,0.408
S09496,74.102,24.4,23.55,61.87,74.47,26.77,0.0,55.29,28.18,0.0,65.49,0.368,0.193
S00607,59.541,21.1,0.0,70.36,59.727,22.35,2.7,70.02,22.01,0.0,77.12,0.186,0.244
S09866,49.571,27.15,0.0,56.86,49.834,18.88,0.0,66.09,19.91,1.35,62.28,0.263,0.27
S00223,64.5,20.77,0.23,71.42,64.7,24.7,2.07,64.36,23.04,0.0,72.54,0.2,0.156
S08984,62.286,22.42,0.0,73.29,62.571,23.55,5.85,58.03,24.44,0.0,61.64,0.285,0.174
S03120,67.603,20.23,3.01,67.45,67.761,28.75,6.25,79.4,21.24,0.0,69.93,0.158,0.137
S02756,50.555,24.73,7.3,77.25,50.943,13.38,0.0,62.48,25.72,0.95,68.19,0.388,0.291
S00756,51.047,17.41,0.0,70.03,51.145,27.04,0.0,74.88,22.74,5.54,74.15,0.098,0.367
S00108,56.257,24.38,3.7,66.67,56.574,26.66,0.0,69.68,27.16,0.0,74.1,0.317,0.326
S06882,58.218,24.68,18.08,86.46,58.66,16.71,0.0,63.69,28.73,10.85,67.05,0.442,0.458
S08571,76.465,22.39,0.0,81.32,76.564,16.77,0.5,77.56,23.27,0.0,73.23,0.099,0.134
S05723,69.09,27.92,0.0,88.21,69.425,25.37,0.0,86.99,28.3,0.7,67.52,0.335,0.262
S04195,64.1,25.74,35.0,68.32,64.633,27.02,1.68,71.01,18.29,4.25,57.05,0.533,0.105
S08982,55.781,24.99,0.0,73.33,56.004,25.93,0.0,73.28,24.9,20.27,64.24,0.223,0.513
S08030,67.053,18.64,0.0,63.63,67.247,17.36,0.0,64.54,26.15,0.0,64.17,0.194,0.169
S09505,63.766,22.46,0.0,62.37,64.04,24.13,6.91,58.84,22.32,2.1,63.37,0.274,0.149
S02589,66.77,21.25,0.47,59.45,66.858,20.48,0.0,70.86,24.18,6.74,75.51,0.088,0.235
S00213,59.837,15.96,0.0,54.44,59.952,18.76,0.0,65.06,25.16,0.0,70.97,0.115,0.288
S00713,61.734,17.97,0.0,58.01,62.187,24.38,0.0,74.81,17.37,21.37,81.58,0.453,0.357
S04406,63.285,20.93,0.0,76.08,63.432,22.07,0.0,56.1,21.51,6.36,61.19,0.147,0.204
S05276,51.384,18.64,0.0,66.66,51.672,24.24,0.0,71.1,27.0,0.0,67.1,0.288,0.307
S01161,58.225,20.59,0.59,69.86,58.516,27.53,0.0,63.84,26.91,20.32,76.35,0.291,0.549
S00748,63.039,20.32,0.0,62.83,63.26,18.41,0.0,65.5,22.72,18.74,68.54,0.221,0.345
S01535,64.281,13.27,0.0,78.35,64.422,25.72,0.0,77.41,19.74,2.63,70.61,0.141,0.106
S00312,62.385,24.28,1.08,69.7,62.631,16.69,0.0,75.94,28.0,0.0,77.49,0.246,0.322
S07739,45.557,24.09,0.0,77.19,45.824,24.61,4.49,62.11,21.26,0.0,71.85,0.267,0.257
S00537,57.836,25.78,1.87,75.35,58.163,20.8,0.0,71.73,20.66,7.35,76.41,0.327,0.298
S01507,61.86,22.64,1.4,61.17,62.29,20.9,0.0,64.04,21.05,1.26,59.14,0.43,0.154
S08351,71.98,15.93,0.0,56.99,72.054,24.33,0.0,83.36,19.37,2.59,64.36,0.074,0.026
S06249,63.506,18.87,0.0,61.22,63.672,18.88,0.0,75.7,23.29,0.0,64.52,0.166,0.208
S06864,77.307,28.88,2.53,76.57,77.561,19.58,0.0,66.76,23.13,0.0,72.86,0.254,0.093
S02740,58.793,15.4,0.0,70.45,58.975,25.25,0.0,73.19,22.86,0.0,68.94,0.182,0.296
S03641,58.688,23.75,0.0,62.83,58.921,24.25,0.54,80.41,18.18,0.0,73.01,0.233,0.139
S08739,59.154,24.85,0.0,65.46,59.342,22.31,0.0,74.86,22.34,0.7,77.96,0.188,0.307
S05582,61.646,20.84,11.93,80.3,62.032,21.18,0.0,69.19,20.02,0.0,71.64,0.386,0.211
S05677,62.88,22.73,0.0,70.04,63.189,24.03,0.0,66.55,23.29,31.95,64.4,0.309,0.534
S07543,53.895,19.79,0.0,49.21,53.951,17.79,0.0,56.26,23.61,20.21,56.35,0.056,0.465
S03453,71.185,19.56,0.0,63.96,71.363,17.88,0.0,76.32,25.27,12.77,64.06,0.178,0.357
S09301,57.89,21.14,4.12,67.85,58.204,14.73,0.93,64.92,19.52,3.03,73.03,0.314,0.226
S04577,51.73,21.64,0.0,72.17,52.182,21.79,0.0,63.66,25.28,4.26,62.66,0.452,0.255
S04733,60.414,25.82,9.99,68.22,60.686,21.81,0.0,98.0,21.05,19.66,73.56,0.272,0.444
S03158,56.814,26.26,8.59,65.7,57.218,23.91,0.0,79.04,21.3,1.39,71.78,0.404,0.229
S07985,66.101,22.31,0.0,79.6,66.277,24.72,0.0,78.82,19.65,15.74,58.97,0.176,0.177
S02636,66.711,15.47,0.0,37.16,66.764,18.88,0.0,78.08,24.69,0.0,70.36,0.053,0.196
S03671,66.348,26.39,0.31,69.31,66.602,25.41,0.0,80.89,21.58,20.87,67.8,0.254,0.366
S06503,66.847,22.6,0.0,75.63,67.143,23.86,0.0,57.12,15.73,1.08,70.78,0.296,0.061
S08568,73.042,22.8,0.0,66.03,73.082,24.15,0.0,57.63,25.08,0.0,76.1,0.04,0.236
S04041,67.242,15.72,0.0,58.62,67.275,24.2,0.0,77.17,24.56,3.87,64.88,0.033,0.259
S06365,75.31,26.45,0.0,69.02,75.5,26.38,1.0,66.16,23.97,2.31,76.71,0.19,0.155
S03716,72.685,19.8,0.0,71.03,72.88,22.39,0.0,71.78,24.34,5.74,68.43,0.195,0.186
S01744,70.754,25.43,0.0,73.88,70.931,20.95,0.0,60.45,24.2,25.43,78.2,0.177,0.509
S04300,55.224,23.54,0.0,71.08,55.517,23.35,5.28,72.49,25.03,28.53,62.92,0.293,0.519
S06758,66.13,27.98,0.4,83.06,66.403,27.04,0.0,85.32,24.37,43.43,79.92,0.273,0.59
S04884,61.942,22.3,0.0,66.27,62.105,17.31,0.0,55.94,23.43,8.78,78.75,0.163,0.357
S08394,61.921,23.48,0.0,80.89,62.151,22.61,0.0,65.84,28.35,7.5,84.53,0.23,0.429
S00580,59.377,23.7,0.0,78.3,59.638,23.89,0.0,84.59,21.18,0.32,70.46,0.261,0.194
S06604,65.564,24.29,0.0,74.32,65.871,27.22,10.54,64.31,19.45,2.64,72.46,0.307,0.167
S00641,73.986,28.45,15.9,57.43,74.276,23.35,0.0,58.01,19.92,2.29,60.15,0.29,0.041
S00649,78.422,20.87,0.0,75.89,78.59,29.43,0.0,89.21,22.91,3.22,66.4,0.168,0.047
S09797,65.094,24.22,0.0,71.14,65.312,15.9,0.0,65.55,17.35,8.79,78.99,0.218,0.174
S01979,61.816,25.15,0.0,90.0,62.24,23.25,0.0,79.95,23.34,0.0,74.31,0.424,0.273
S06578,63.692,21.98,2.48,64.27,63.92,14.93,1.32,66.89,17.46,19.22,75.99,0.228,0.283
S05051,54.222,23.83,19.27,64.8,54.607,19.18,0.0,56.31,24.93,0.0,57.65,0.385,0.277
S06973,42.659,27.42,6.4,75.55,43.142,24.23,0.0,58.69,24.21,1.47,76.28,0.483,0.438
S03025,52.054,24.38,0.0,65.46,52.264,24.95,13.61,71.67,22.96,5.49,79.02,0.21,0.423
S06334,73.897,24.14,14.81,64.03,74.181,25.15,3.59,70.67,23.15,13.88,66.99,0.284,0.236
S01530,56.176,24.8,0.0,62.3,56.683,21.42,0.0,65.34,22.25,17.21,77.65,0.507,0.397
S01328,59.546,21.43,0.0,71.41,59.847,24.75,10.03,90.42,24.13,23.73,60.4,0.301,0.454
S04149,56.266,25.81,0.0,74.05,56.624,18.82,2.6,50.28,23.69,25.09,64.92,0.358,0.466
S07792,55.132,25.92,0.0,60.85,55.366,22.97,4.74,79.94,16.09,6.35,67.77,0.234,0.134
S02387,48.007,24.43,0.0,70.08,48.259,18.2,0.0,58.66,19.68,0.0,67.42,0.252,0.325
S05141,52.216,19.23,0.0,66.31,52.426,23.26,0.0,75.1,21.87,14.63,64.46,0.21,0.335
S05278,74.471,21.77,0.0,75.6,74.596,17.34,0.0,50.24,15.81,2.87,65.3,0.125,0.01
S00617,53.486,19.44,0.0,66.13,53.793,23.68,0.0,74.53,22.0,2.5,67.34,0.307,0.297
S04492,49.249,24.55,0.0,60.4,49.496,25.89,0.0,74.73,17.53,4.1,69.4,0.247,0.202
S01166,78.871,24.36,14.47,68.3,79.049,24.19,5.12,79.37,21.67,1.75,55.98,0.178,0.067
S06529,68.755,22.1,7.71,67.95,69.055,24.19,18.82,86.94,23.65,0.53,65.35,0.3,0.127
S09741,66.385,25.35,0.0,85.19,66.54,22.12,7.71,65.31,22.09,1.25,75.41,0.155,0.173
S05655,64.675,27.8,0.0,82.19,65.003,23.28,12.48,58.4,27.55,0.0,75.36,0.328,0.272
S09823,58.88,23.65,0.0,78.11,59.134,22.82,4.66,86.69,22.53,22.14,78.56,0.254,0.426
S05200,73.632,22.55,3.13,84.59,74.185,26.82,0.0,71.25,21.02,0.0,70.13,0.553,0.077
S03694,65.08,26.06,0.0,55.03,65.281,20.22,0.0,59.21,25.75,0.0,63.57,0.201,0.175
S06337,62.311,23.08,12.75,57.56,62.559,24.9,0.0,64.72,19.99,3.13,72.75,0.248,0.203
S04072,45.709,23.61,0.0,73.19,46.149,23.88,23.58,74.08,23.54,6.58,73.6,0.44,0.39
S03525,68.985,25.64,7.81,56.6,69.258,21.43,4.51,59.44,22.07,0.04,70.15,0.273,0.112
S04693,69.671,23.83,0.0,73.21,69.892,26.09,0.0,62.09,21.62,1.98,80.09,0.221,0.227
S00533,49.358,23.02,0.0,49.96,49.688,21.27,0.0,85.23,27.43,1.69,64.13,0.33,0.321
S08699,66.298,27.47,0.0,60.94,66.772,25.46,31.46,81.34,19.35,1.42,69.71,0.474,0.14
S09320,58.982,24.85,0.0,72.99,59.275,17.52,0.0,70.72,20.85,1.58,76.24,0.293,0.185
S07507,55.495,24.52,0.0,70.3,55.837,26.54,0.0,84.46,24.09,0.0,57.57,0.342,0.217
S02647,59.152,18.32,0.0,67.0,59.342,29.21,0.0,69.28,22.63,0.17,56.08,0.19,0.112
S02617,66.059,22.79,0.0,63.59,66.361,24.73,0.0,75.16,21.62,15.5,71.69,0.302,0.257
S01420,62.841,25.67,0.0,63.76,63.021,27.59,0.0,67.15,21.61,15.06,81.86,0.18,0.365
S05579,66.607,30.27,0.0,77.83,66.918,20.48,4.31,72.37,21.08,0.0,64.75,0.311,0.128
S03583,86.136,25.98,0.0,70.68,86.183,26.96,0.0,76.02,16.99,0.0,67.35,0.047,0.079
S07088,63.703,18.67,5.48,59.5,63.859,26.4,18.5,68.52,24.49,2.58,64.7,0.156,0.188
S05377,57.313,24.62,0.0,53.8,57.631,24.06,0.0,85.2,19.25,0.0,71.61,0.318,0.267
S07376,48.97,23.68,0.0,84.22,49.276,21.84,2.47,76.39,25.2,1.71,65.95,0.306,0.366
S02461,45.567,14.04,0.0,74.58,45.764,26.29,0.0,66.78,25.63,0.0,66.66,0.197,0.283
S08265,46.076,23.85,0.0,69.61,46.685,25.9,0.0,58.43,25.45,9.63,59.8,0.609,0.44
S02810,59.489,29.56,8.12,74.89,59.839,22.2,1.13,86.12,20.18,0.0,71.41,0.35,0.188
S01983,69.235,22.54,0.0,73.33,69.372,21.78,0.0,54.85,23.7,0.09,68.52,0.137,0.238
S08276,82.542,22.65,0.0,77.98,82.574,25.07,0.0,70.57,24.63,5.48,65.75,0.032,0.102
S04890,62.123,28.58,0.0,69.15,62.424,23.81,0.0,70.16,28.07,2.68,71.92,0.301,0.334
S07934,62.736,28.65,0.0,59.54,63.088,27.82,28.35,81.96,23.82,17.27,78.34,0.352,0.363
S07772,63.25,18.3,27.04,71.36,63.656,16.18,0.0,64.66,19.38,0.0,56.94,0.406,0.136
S09299,63.978,23.04,0.0,80.08,64.133,25.01,1.96,61.25,20.71,1.22,65.7,0.155,0.104
S01068,63.526,24.67,12.77,65.96,63.752,14.28,0.0,67.09,25.51,14.91,65.89,0.226,0.308
S07199,53.943,19.88,0.0,71.11,54.248,19.72,0.0,67.74,24.0,7.6,79.84,0.305,0.453
S09484,66.141,22.88,0.0,74.16,66.26,16.52,0.0,69.47,25.59,1.75,72.86,0.119,0.334
S05484,65.028,23.31,18.59,75.59,65.427,16.72,0.0,63.46,18.49,5.29,74.31,0.399,0.154
S05709,61.64,23.02,0.0,78.1,61.95,20.66,0.0,70.35,24.81,0.63,70.48,0.31,0.307
S04705,67.967,23.2,0.0,79.96,68.182,12.3,0.0,61.22,21.74,0.12,73.18,0.215,0.15
S03105,55.462,23.3,0.0,61.2,55.643,22.12,0.0,77.55,20.89,3.61,78.88,0.181,0.239
S04233,66.348,26.96,0.0,91.65,66.654,17.28,0.0,74.94,28.48,4.81,74.63,0.306,0.278
S09123,69.34,17.25,0.0,63.89,69.417,21.77,29.8,65.79,20.15,0.0,68.33,0.077,0.147
S03926,65.978,19.42,0.07,60.05,66.137,26.07,0.0,60.02,25.33,26.36,66.69,0.159,0.375
S03922,60.403,19.69,0.0,64.43,60.566,19.31,0.0,59.26,23.52,0.26,64.93,0.163,0.295
S07272,60.717,20.38,0.0,73.69,60.992,21.74,1.58,59.24,23.06,0.81,76.26,0.275,0.222
S08174,66.901,21.85,3.97,63.65,67.072,28.23,0.0,69.41,20.43,2.0,74.88,0.171,0.151
S03366,67.046,23.11,0.0,74.44,67.248,28.13,1.69,71.54,24.76,3.93,61.47,0.202,0.237
S01343,66.005,24.55,0.0,67.18,66.213,18.39,0.0,65.7,14.89,10.11,54.03,0.208,0.076
S01004,56.775,26.22,7.28,79.79,57.272,28.74,5.79,67.43,25.27,15.98,84.35,0.497,0.488
S00472,58.668,18.41,0.0,61.41,58.843,15.19,0.0,76.04,23.65,13.44,84.33,0.175,0.484
S05250,73.376,18.13,8.37,61.48,73.534,13.01,0.0,55.04,19.62,5.08,58.89,0.158,0.147
S05681,81.606,17.9,0.0,59.26,81.715,25.37,0.0,73.45,19.77,2.74,70.62,0.109,0.096
S04942,55.198,27.96,7.32,90.34,55.625,26.12,0.0,70.43,27.16,0.01,73.75,0.427,0.414
S08356,61.986,19.83,0.0,75.57,62.354,17.98,0.0,72.18,25.51,5.38,74.92,0.368,0.383
S03409,56.178,19.34,0.0,61.16,56.391,27.67,13.17,67.79,19.11,4.6,63.4,0.213,0.23
S03715,47.773,20.6,0.0,66.41,48.342,24.1,0.0,69.08,24.87,7.51,71.71,0.569,0.457
S01697,54.267,26.54,19.8,79.0,54.824,21.99,0.0,88.81,29.09,2.01,64.12,0.557,0.347
S08108,66.323,23.73,0.83,55.72,66.543,23.96,0.0,75.09,23.4,0.0,70.63,0.22,0.266
S07410,69.564,25.02,0.0,63.91,69.867,25.01,4.12,70.13,21.72,1.46,81.32,0.303,0.206
S07182,65.299,21.34,0.0,68.16,65.414,23.9,0.0,84.11,24.4,8.06,85.58,0.115,0.265
S07031,59.503,24.85,0.0,67.56,59.808,21.69,0.0,65.32,23.07,1.07,66.43,0.305,0.223
S07780,67.867,21.49,21.28,76.21,68.216,23.95,0.0,82.63,21.93,2.48,69.03,0.349,0.191
S09689,59.391,18.15,0.0,80.87,59.55,21.63,0.0,54.16,23.12,4.75,60.39,0.159,0.268
S00006,50.957,15.28,0.9,69.09,51.129,23.98,0.0,63.38,26.74,0.0,71.44,0.172,0.429
S06930,55.588,20.29,0.0,72.04,55.725,22.38,0.0,65.12,18.78,0.0,72.14,0.137,0.219
S04878,66.172,17.9,0.0,71.24,66.322,20.73,0.0,67.37,24.73,5.65,62.91,0.15,0.159
S05703,64.084,26.94,0.0,61.22,64.246,26.94,0.0,68.86,20.35,2.46,74.2,0.162,0.146
S04227,73.147,25.36,0.0,65.69,73.422,19.19,0.0,67.47,22.11,19.02,83.33,0.275,0.317
S03954,52.561,22.21,0.0,67.45,52.874,20.33,0.0,77.71,24.46,6.74,76.75,0.313,0.437
S02999,67.465,23.13,0.0,75.73,67.598,24.3,0.0,77.76,18.92,0.0,69.39,0.133,0.055
S04252,50.083,16.95,0.0,59.51,50.283,23.92,0.0,66.49,23.24,34.7,74.98,0.2,0.683
S01538,62.522,28.52,0.0,76.95,62.759,25.96,0.0,68.16,19.96,2.5,73.49,0.237,0.201
S08573,67.457,15.44,0.0,55.87,67.682,25.38,0.0,60.76,22.01,1.73,78.56,0.225,0.166
S09964,51.683,22.66,0.0,62.65,51.946,24.29,0.0,69.64,21.95,12.12,83.73,0.263,0.471
S06619,75.482,16.84,0.0,75.17,75.545,19.52,0.0,64.98,20.36,29.78,68.65,0.063,0.319
S07829,48.855,23.15,0.0,73.2,49.129,23.86,0.0,69.81,20.69,0.0,64.75,0.274,0.227
S09174,65.592,25.47,27.81,76.79,66.17,30.78,0.0,73.04,25.23,0.0,48.22,0.578,0.215
S07798,56.304,27.66,2.18,83.49,56.763,22.18,0.0,77.82,25.22,0.0,74.35,0.459,0.263
S01142,66.2,16.48,0.0,78.73,66.38,18.02,0.0,69.17,26.68,0.0,65.3,0.18,0.236
S01256,44.5,26.96,1.04,80.59,44.868,22.65,0.0,57.36,19.02,0.0,68.11,0.368,0.258
S04073,63.582,21.0,10.92,75.81,63.903,21.49,27.03,67.72,26.45,10.26,79.7,0.321,0.429
S03518,68.165,13.41,0.0,61.68,68.175,20.83,0.0,49.2,16.95,1.15,79.82,0.01,0.1
S07247,51.226,21.33,0.0,44.45,51.287,19.33,0.0,71.64,16.9,6.38,63.15,0.061,0.267
S09614,60.684,22.7,0.7,69.59,60.914,25.24,0.0,88.12,25.77,37.95,70.86,0.23,0.621
S07979,71.38,17.83,0.0,58.82,71.527,27.43,0.0,79.36,21.11,0.0,73.32,0.147,0.116
S08346,52.974,19.03,0.0,65.67,53.155,24.41,15.93,66.82,24.27,2.6,70.4,0.181,0.306
S03808,68.058,23.64,0.02,84.34,68.195,23.34,1.89,83.97,23.15,6.27,86.45,0.137,0.239
S06295,62.9,25.18,0.0,60.62,63.138,18.71,2.38,65.07,23.18,4.98,76.61,0.238,0.2
S05159,62.2,27.58,0.0,74.56,62.47,17.08,0.0,72.26,25.95,3.43,67.61,0.27,0.236
S00797,55.573,23.69,8.84,68.9,55.956,23.3,7.13,85.7,19.28,6.07,54.01,0.383,0.152
S04558,62.532,23.92,1.75,61.96,62.693,24.2,0.0,67.22,20.43,3.26,69.05,0.161,0.293
S00714,74.434,20.26,0.0,69.2,74.562,25.29,0.0,82.05,25.87,22.87,80.25,0.128,0.444
S06341,51.832,20.91,4.92,65.92,52.069,18.85,0.0,52.28,22.51,2.5,65.76,0.237,0.192
S00016,64.46,19.97,0.0,68.99,64.601,26.04,0.0,72.15,22.97,0.0,70.05,0.141,0.189
S00331,57.157,20.17,0.0,69.21,57.463,19.39,0.0,58.94,18.05,1.91,63.94,0.306,0.134
S04134,69.296,16.73,0.0,83.88,69.521,21.02,0.0,64.62,23.07,3.13,78.25,0.225,0.27
S01465,70.284,20.72,11.17,79.26,70.488,26.29,1.1,73.31,28.15,8.85,76.91,0.204,0.341
S08268,63.942,18.78,8.69,54.88,64.267,22.08,0.0,69.46,27.66,9.43,69.14,0.325,0.339
S09170,58.915,21.28,0.0,70.6,59.045,24.08,1.7,46.05,18.4,0.0,76.63,0.13,0.121
S04827,65.206,23.63,0.0,81.49,65.448,23.24,0.0,57.67,26.29,25.23,80.15,0.242,0.569
S00791,79.232,22.93,0.0,75.87,79.315,22.18,0.0,65.69,17.4,0.0,57.93,0.083,0.01
S03444,52.734,25.95,0.0,81.08,53.157,29.68,0.0,66.47,25.0,0.54,71.74,0.423,0.332
S09516,56.534,21.88,0.0,65.22,56.838,22.94,4.54,64.22,22.91,0.0,76.11,0.304,0.236
S02798,50.144,21.43,0.0,67.16,50.371,19.21,0.0,63.21,22.6,3.62,67.31,0.227,0.26
S03731,43.451,25.85,4.32,71.87,43.77,18.31,2.03,55.25,23.09,1.58,65.61,0.319,0.286
S09954,78.365,24.52,0.0,70.11,78.499,20.58,0.0,54.86,20.9,1.33,67.19,0.134,0.081
S08759,67.474,26.72,0.0,70.86,67.68,20.88,0.0,65.42,26.74,17.33,64.4,0.206,0.402
S06509,72.023,19.28,0.0,66.54,72.283,31.18,1.17,65.23,21.03,33.78,71.68,0.26,0.537
S09494,69.323,25.08,0.0,76.39,69.512,23.16,0.0,69.9,23.13,12.11,77.21,0.189,0.287
S03375,53.019,26.33,0.0,68.91,53.332,19.99,0.0,52.25,20.73,0.0,64.76,0.313,0.264
S01151,57.668,27.18,0.0,73.38,57.976,16.0,0.0,65.9,27.14,2.05,71.65,0.308,0.329
S03052,66.004,23.53,0.0,85.22,66.34,25.66,0.0,71.84,26.62,15.69,71.26,0.336,0.308
S02648,60.636,20.29,0.0,60.51,60.753,24.22,0.0,66.99,21.81,0.0,68.26,0.117,0.199
S07190,59.463,24.8,0.0,81.49,59.881,25.68,9.4,71.83,25.72,0.48,55.1,0.418,0.224
S06048,67.376,24.27,0.0,67.96,67.577,22.25,6.57,77.31,20.44,2.76,75.27,0.201,0.197
S05914,66.565,16.54,0.0,67.35,66.704,21.38,3.3,80.66,22.78,0.45,72.07,0.139,0.2
S09238,64.363,15.35,0.0,70.34,64.518,21.56,0.0,77.6,24.49,9.45,73.18,0.155,0.332
S04765,79.822,20.18,0.0,52.3,79.86,26.17,1.77,74.38,22.27,0.0,59.34,0.038,0.075
S06426,73.096,25.3,6.65,82.22,73.417,23.85,0.0,65.35,20.77,0.0,70.42,0.321,0.132
S07858,60.467,24.8,2.24,78.64,60.769,27.32,3.05,79.12,24.61,4.35,75.66,0.302,0.345
S02782,63.398,23.25,0.0,59.07,63.525,29.33,0.0,60.84,21.85,4.83,76.85,0.127,0.241
S07003,54.433,22.12,0.0,66.06,54.647,18.99,0.0,64.63,20.97,7.87,67.41,0.214,0.215
S06004,60.724,19.09,0.0,50.07,60.846,24.23,0.0,82.93,21.41,3.02,62.0,0.122,0.201
S06927,67.229,17.64,0.0,66.77,67.298,24.61,0.0,80.21,22.48,1.51,65.52,0.069,0.163
S03379,57.383,19.86,0.0,66.73,57.765,22.85,0.0,65.53,24.65,43.12,78.46,0.382,0.748
S00269,61.798,20.06,0.0,61.35,61.996,15.48,0.0,52.58,16.5,9.25,70.05,0.198,0.212
S07223,67.589,21.72,2.41,72.17,67.809,22.47,12.8,61.5,24.87,0.94,60.21,0.22,0.112
S03377,56.439,26.57,0.0,84.84,56.734,27.7,2.36,65.05,20.07,16.95,55.66,0.295,0.345
S00099,70.047,18.54,0.0,71.2,70.166,22.6,0.0,68.57,21.96,0.0,69.8,0.119,0.12
S05596,58.464,19.33,1.2,72.18,58.698,20.41,0.0,61.79,24.64,0.57,72.37,0.234,0.28
S00856,70.665,27.26,0.0,85.35,70.907,27.4,0.0,83.07,16.15,0.0,72.58,0.242,0.084
S07639,63.952,21.11,0.0,76.55,64.165,24.77,0.0,84.13,23.4,0.99,71.33,0.213,0.206
S04534,63.534,24.92,0.0,70.21,63.944,27.08,0.0,68.32,19.22,0.0,64.37,0.41,0.159
S06457,57.478,23.83,26.97,76.38,58.055,28.08,2.97,62.24,26.31,0.0,67.41,0.577,0.25
S07681,54.97,25.65,0.0,69.32,55.339,26.33,0.0,61.04,22.7,1.89,62.26,0.369,0.223
S08219,62.95,21.82,0.0,70.38,63.073,18.62,0.23,61.59,19.79,9.32,68.65,0.123,0.242
S07051,48.016,20.91,17.34,72.21,48.527,26.04,7.04,50.69,22.17,0.69,62.5,0.511,0.309
S03758,58.501,15.24,0.0,60.87,58.856,28.65,0.0,66.37,23.05,0.85,75.34,0.355,0.216
S00301,68.724,22.42,10.53,75.59,68.983,22.74,0.0,52.4,22.35,8.02,49.0,0.259,0.125
S09624,57.69,24.58,0.0,75.3,58.008,15.52,6.14,62.3,24.68,3.38,65.5,0.318,0.274
S05648,58.727,27.96,0.0,71.21,59.063,21.09,0.0,58.19,24.11,3.71,75.27,0.336,0.308
S09621,65.109,23.63,4.83,73.05,65.36,19.37,0.0,59.51,18.5,5.22,73.28,0.251,0.072
S04863,77.709,21.28,0.0,70.6,77.891,26.18,15.64,73.0,26.4,10.06,61.34,0.182,0.26
S02778,59.74,23.44,0.0,64.61,59.953,28.17,5.47,82.37,20.26,2.97,60.4,0.213,0.15
S06739,86.388,20.69,1.3,76.46,86.497,24.76,0.0,62.0,23.35,3.79,66.3,0.109,0.041
S05099,63.844,17.12,0.78,63.76,63.969,23.09,0.0,62.46,22.51,18.26,64.49,0.125,0.338
S02473,66.042,27.09,0.0,59.57,66.304,28.25,0.0,78.01,21.97,0.0,80.75,0.262,0.196
S01649,55.454,23.11,0.0,72.34,55.796,25.26,0.0,73.75,27.24,0.0,69.99,0.342,0.338
S02605,73.875,16.92,0.0,58.32,73.967,22.81,0.0,70.68,21.18,0.0,77.15,0.092,0.139
S07675,72.62,21.49,3.04,74.9,72.785,24.27,0.0,49.87,18.14,0.2,78.07,0.165,0.067
S00197,68.46,17.4,5.04,58.08,68.529,28.18,28.63,62.91,19.66,0.14,59.81,0.069,0.119
S04091,74.047,25.6,0.0,73.83,74.184,21.86,0.0,82.98,18.77,4.65,55.99,0.137,0.048
S04930,71.77,25.09,0.0,62.76,71.908,26.5,0.0,61.1,25.61,0.46,57.54,0.138,0.142
S00739,69.122,20.18,5.14,72.56,69.314,20.15,0.0,74.82,25.78,0.12,69.64,0.192,0.158
S07650,54.216,15.69,0.0,56.01,54.506,24.47,0.0,68.2,24.88,2.17,64.71,0.29,0.377
S06540,65.119,26.01,0.0,59.99,65.395,23.1,0.0,84.84,25.47,0.0,62.42,0.276,0.188
S02870,82.924,23.02,0.0,65.73,83.007,25.59,0.0,69.87,23.48,0.78,68.12,0.083,0.11
S07266,76.105,29.08,11.2,59.9,76.375,24.25,2.16,75.7,16.85,0.0,62.49,0.27,0.033
S05077,66.713,27.3,15.22,76.38,67.246,21.64,0.0,56.68,22.28,41.99,61.9,0.533,0.641
S06603,75.296,23.66,7.76,70.82,75.47,23.6,0.0,76.83,25.08,7.67,76.31,0.174,0.284
S01190,64.875,22.32,0.0,74.86,64.986,23.4,0.0,77.9,24.85,12.8,70.66,0.111,0.436
S03078,62.685,26.18,10.29,76.11,63.1,24.39,16.31,73.33,23.76,0.0,86.87,0.415,0.29
S05569,57.402,22.42,10.68,66.35,57.778,28.98,0.0,83.9,22.14,4.61,66.43,0.376,0.229
S03686,56.957,20.04,2.02,61.93,57.187,24.38,0.0,64.93,16.59,1.67,61.44,0.23,0.168
S03488,50.162,25.8,0.0,78.23,50.596,21.3,0.0,67.39,24.79,10.02,79.64,0.434,0.436
S03883,68.118,16.04,0.0,70.65,68.169,25.3,0.85,56.73,20.07,0.0,66.74,0.051,0.057
S09000,54.605,13.8,0.0,74.92,54.858,24.72,6.29,61.51,22.95,45.0,74.73,0.253,0.733
S05549,44.547,20.88,0.0,57.57,44.812,14.86,1.76,56.04,20.55,1.6,67.44,0.265,0.274
S08045,56.172,20.99,2.66,62.62,56.419,20.44,14.05,78.38,22.08,14.77,65.17,0.247,0.336
S02596,62.937,26.49,5.66,71.45,63.229,17.9,0.0,72.01,21.43,6.22,59.37,0.292,0.159
S07200,70.507,22.56,0.0,79.5,70.659,28.02,4.21,69.97,20.45,0.0,66.96,0.152,0.11
S07099,64.772,21.06,6.22,85.13,65.026,21.37,0.0,68.82,23.83,0.0,74.84,0.254,0.151
S02166,47.476,25.11,0.0,66.3,47.831,24.69,12.47,61.31,25.6,0.0,67.91,0.355,0.386
S00251,48.864,18.72,0.0,69.09,49.147,21.7,0.45,69.54,22.65,7.55,73.24,0.283,0.426
S08616,77.019,19.89,0.0,75.59,77.077,17.62,0.0,71.82,21.23,9.16,74.85,0.058,0.204
S07443,64.449,23.42,9.27,80.76,64.853,24.87,0.0,58.48,25.73,9.54,74.57,0.404,0.393
S04463,65.777,23.53,0.0,68.83,65.97,25.03,2.0,78.27,16.68,2.37,55.46,0.193,0.085
S08279,63.397,23.2,0.0,60.43,63.579,23.17,0.0,69.05,16.12,0.0,55.44,0.182,0.021
S01624,79.642,17.11,0.0,69.44,79.658,19.97,4.35,67.11,21.62,0.0,65.71,0.016,0.01
S00047,66.802,22.6,6.5,62.26,67.067,22.05,0.0,74.69,22.0,2.08,65.54,0.265,0.122
S02910,77.582,23.87,0.0,78.3,77.79,21.26,0.0,74.65,18.78,2.62,65.04,0.208,0.078
S08353,57.787,18.37,0.09,54.4,58.034,21.97,0.0,71.91,19.18,3.61,68.0,0.247,0.103
S05852,62.082,26.29,0.0,65.66,62.345,24.57,0.0,81.12,22.12,3.95,67.62,0.263,0.168
S03984,62.231,26.09,0.0,78.22,62.52,22.48,0.0,72.98,20.3,8.25,61.62,0.289,0.226
S02829,59.148,14.35,0.0,64.44,59.468,20.51,6.4,67.87,21.15,1.46,62.71,0.32,0.194
S02182,55.051,23.77,0.0,74.73,55.568,27.14,13.39,78.36,20.74,0.05,72.27,0.517,0.24
S06399,68.54,22.18,0.0,77.68,68.946,20.9,0.0,65.22,22.88,0.35,75.06,0.406,0.194
S03566,71.526,25.77,0.0,65.69,71.67,23.83,18.9,77.77,24.95,0.0,71.61,0.144,0.166
S03785,66.242,19.11,4.19,61.6,66.384,21.61,0.0,86.68,23.84,0.6,68.75,0.142,0.192
S07672,52.422,21.2,0.0,79.5,52.641,15.59,0.0,62.96,23.78,1.6,67.1,0.219,0.289
S08558,60.46,25.31,0.0,76.36,60.741,23.73,0.0,61.65,22.63,2.45,87.29,0.281,0.283
S08720,77.928,21.7,0.0,66.74,78.004,18.18,0.0,72.34,22.83,33.66,68.52,0.076,0.411
S09628,60.104,17.42,0.0,82.53,60.391,23.21,0.0,62.13,21.95,4.25,78.74,0.287,0.224
S03246,51.861,21.06,2.7,50.58,52.123,26.98,2.15,75.19,21.71,14.64,65.26,0.262,0.352
S08012,59.498,28.43,0.2,82.94,59.81,22.24,6.83,78.28,24.64,0.39,72.95,0.312,0.227
S09649,56.666,24.01,0.0,61.3,56.911,24.06,24.75,87.3,18.16,1.9,61.73,0.245,0.212
S06306,69.202,28.78,27.5,83.44,69.867,19.28,0.0,56.86,17.94,2.26,73.03,0.665,0.182
S00545,60.488,18.99,0.0,65.52,60.587,21.73,0.99,61.98,27.15,1.6,66.13,0.099,0.29
S04161,55.629,15.55,0.0,64.14,55.766,22.83,0.0,67.19,19.46,0.0,69.03,0.137,0.255
S09207,58.703,25.73,0.0,68.94,58.934,23.59,0.0,93.04,23.13,41.48,70.49,0.231,0.616
S02815,49.683,23.82,0.0,66.66,49.983,16.89,0.18,52.62,19.71,2.17,65.94,0.3,0.184
S02376,59.523,27.61,6.97,68.17,59.918,20.7,0.0,70.73,23.39,3.7,67.05,0.395,0.289
S07893,61.757,17.81,0.0,65.21,62.029,25.23,0.0,58.5,27.41,0.32,77.45,0.272,0.318
S07704,41.308,16.15,0.0,56.62,41.546,15.55,0.0,52.09,20.6,0.0,57.78,0.238,0.219
S08447,67.7,26.78,0.06,63.94,67.869,23.45,0.0,72.59,19.51,4.22,59.16,0.169,0.107
S03405,60.197,30.94,0.0,73.02,60.477,27.27,8.17,58.43,19.71,0.64,58.3,0.28,0.138
S02547,50.957,28.91,7.41,65.81,51.402,27.14,0.0,55.49,21.5,19.71,74.11,0.445,0.493
S06938,70.661,23.84,0.0,73.29,70.881,21.12,15.76,75.06,24.05,0.0,81.59,0.22,0.222
S01266,58.013,24.75,4.12,67.19,58.229,17.9,0.0,82.22,24.39,2.47,57.15,0.216,0.2
S08047,63.119,27.68,0.0,54.4,63.354,18.3,0.0,71.18,26.37,36.16,66.52,0.235,0.607
S03223,72.747,26.19,0.0,74.62,73.084,24.14,4.8,68.09,23.12,4.59,68.66,0.337,0.11
S01789,63.177,24.03,0.0,60.73,63.381,22.12,1.06,55.05,24.9,1.25,66.68,0.204,0.233
S06554,66.788,26.93,0.0,70.66,66.982,30.84,3.65,73.55,22.67,15.08,57.64,0.194,0.336
S02231,58.275,26.24,3.99,78.31,58.682,27.14,0.0,84.88,21.31,2.73,68.51,0.407,0.215
S02891,61.597,21.8,0.0,82.76,61.861,18.62,0.0,62.76,24.63,27.45,63.64,0.264,0.63
S09524,64.793,21.89,0.0,63.2,64.985,25.73,35.0,81.49,20.54,0.0,67.26,0.192,0.162
S01279,60.718,24.41,0.0,60.08,61.01,28.4,0.0,81.62,22.45,36.07,63.89,0.292,0.557
S00746,62.839,24.79,0.0,68.94,62.994,24.3,5.87,59.44,26.22,0.9,73.13,0.155,0.316
S06972,83.008,24.51,0.0,76.4,83.119,20.93,0.0,72.63,26.88,2.53,60.84,0.111,0.124
S08249,60.442,24.45,0.0,72.9,60.733,28.61,1.27,67.19,24.35,9.05,63.68,0.291,0.298
S05213,86.162,17.17,0.0,52.69,86.173,20.46,0.0,72.87,27.42,20.99,77.7,0.011,0.334
S07456,55.146,22.85,0.0,72.62,55.475,19.18,0.0,62.87,16.42,8.02,77.74,0.329,0.317
S05405,69.657,18.8,0.0,59.69,69.848,21.59,9.66,71.59,22.72,2.64,67.36,0.191,0.16
S03551,54.434,24.19,0.0,72.5,54.695,23.01,1.21,56.75,15.95,9.34,58.4,0.261,0.196
S02657,62.543,16.36,0.0,58.86,62.731,26.56,4.39,71.05,23.87,0.0,75.21,0.188,0.252
S09568,55.05,18.34,0.0,57.63,55.219,20.73,9.57,61.46,25.89,22.06,80.79,0.169,0.575
S02392,69.181,20.03,0.0,69.46,69.339,20.48,0.0,50.35,24.93,7.99,69.69,0.158,0.277
S09985,57.275,17.97,2.91,70.28,57.57,17.18,0.0,64.78,22.57,11.16,76.96,0.295,0.416
S00736,62.887,21.6,2.95,63.15,63.022,29.16,0.0,63.77,23.9,26.12,75.32,0.135,0.529
S06428,49.662,25.55,0.0,70.19,49.921,20.0,0.0,63.27,24.19,17.02,74.61,0.259,0.481
S05810,64.407,22.95,0.0,61.7,64.653,22.06,0.0,66.84,23.25,0.03,69.83,0.246,0.192
S05437,54.9,26.41,0.0,67.11,55.155,26.02,0.0,69.02,23.85,0.0,78.46,0.255,0.255
S01575,65.741,23.97,0.0,86.61,65.925,27.32,0.0,65.67,25.29,0.0,66.54,0.184,0.194
S01119,65.903,17.12,0.0,65.23,66.017,25.15,13.57,73.1,25.62,33.24,48.65,0.114,0.574
S02591,53.186,27.12,1.43,72.86,53.5,25.22,0.0,77.47,16.07,0.88,69.58,0.314,0.165
S03554,67.183,21.35,0.0,60.42,67.193,24.18,0.0,67.05,25.09,0.0,75.84,0.01,0.232
S06911,54.52,28.02,17.09,63.02,55.019,26.12,0.0,77.84,21.1,0.0,62.24,0.499,0.16
S03610,52.447,19.29,0.0,76.09,52.702,24.72,0.0,58.9,22.61,0.0,59.4,0.255,0.227
S09302,69.706,27.47,16.07,66.05,70.009,19.37,0.0,57.58,19.35,0.0,68.29,0.303,0.103
S00103,56.948,25.24,0.0,73.04,57.143,28.79,3.44,66.3,20.16,0.0,59.63,0.195,0.16
S06370,52.495,22.91,0.0,59.15,52.751,23.7,0.82,77.88,19.15,0.0,66.95,0.256,0.17
S02195,64.52,18.95,0.0,79.39,64.634,25.76,0.0,73.9,21.08,0.9,65.89,0.114,0.169
S07292,73.772,18.84,0.0,47.5,73.969,23.21,0.0,65.45,22.13,7.26,69.47,0.197,0.167
S08845,62.53,24.78,0.0,82.87,62.869,24.26,0.0,70.54,24.8,1.32,82.6,0.339,0.239
S01602,57.795,24.73,1.23,68.93,58.088,25.92,35.0,83.28,24.56,0.0,66.37,0.293,0.266
S07546,59.925,21.1,0.0,70.2,60.02,23.03,0.0,73.28,19.96,24.5,60.69,0.095,0.353
S03821,52.264,22.83,0.0,71.91,52.647,15.04,0.0,64.71,22.18,5.75,70.68,0.383,0.371
S02428,51.484,23.22,0.43,68.18,51.785,21.17,0.0,69.27,18.49,0.0,62.11,0.301,0.218
S05665,74.732,28.7,7.69,62.71,75.005,25.2,7.29,84.43,25.81,0.0,72.48,0.273,0.179
S06373,68.204,19.32,0.0,66.0,68.285,18.82,2.78,70.27,23.33,39.25,72.09,0.081,0.524
S03841,64.533,26.67,0.0,65.87,64.912,24.16,0.0,66.43,26.59,0.0,80.94,0.379,0.341
S08595,65.693,18.38,0.0,57.5,65.865,28.25,0.0,76.27,22.35,0.0,71.4,0.172,0.184
S03463,58.642,23.82,0.0,62.89,58.912,24.47,0.0,66.22,22.56,8.03,71.07,0.27,0.316
S09509,64.953,16.2,0.0,66.94,65.091,23.18,0.0,72.82,17.6,0.0,76.39,0.138,0.161
S02737,53.915,24.37,0.23,80.33,54.307,25.2,0.0,69.13,20.0,0.0,67.28,0.392,0.196
S09249,64.088,22.51,4.55,73.54,64.461,24.81,0.0,76.39,23.88,5.65,78.31,0.373,0.28
S05001,57.455,23.38,0.0,72.75,57.722,28.33,0.0,77.57,22.14,0.08,66.65,0.267,0.205
S01183,73.453,21.39,0.0,65.97,73.463,24.76,0.0,68.44,20.12,1.7,63.5,0.01,0.15
S03940,60.663,19.11,2.64,77.44,60.805,25.37,11.56,81.72,16.89,0.6,62.43,0.142,0.057
S00531,76.247,18.35,0.0,66.12,76.257,15.88,0.0,70.4,25.82,10.38,66.91,0.01,0.257
S02874,67.526,24.53,14.13,79.12,67.91,25.7,18.35,79.57,19.05,2.3,72.58,0.384,0.094
S07467,64.536,23.13,0.0,69.49,64.858,16.49,0.0,67.36,23.07,4.04,73.79,0.322,0.239
S04973,60.984,25.42,23.38,84.44,61.571,22.76,0.0,66.34,19.64,0.0,67.95,0.587,0.132
S06217,62.684,20.02,0.0,56.8,62.804,25.34,0.0,73.74,16.45,2.43,72.08,0.12,0.126
S02369,62.235,25.53,0.0,87.83,62.591,14.74,2.47,69.26,23.8,9.58,62.73,0.356,0.3
S08792,61.56,16.88,0.0,83.41,61.742,21.8,0.0,78.16,27.48,15.6,69.94,0.182,0.492
S07729,63.573,21.85,0.0,61.33,63.742,20.85,6.0,63.1,24.08,0.0,75.43,0.169,0.264
S01129,62.579,24.85,3.18,61.39,62.725,24.25,0.0,75.32,24.82,16.61,69.59,0.146,0.443
S03043,62.37,25.49,0.0,64.23,62.488,23.77,0.0,66.77,26.57,1.53,74.7,0.118,0.259
S08283,64.184,24.85,0.0,77.94,64.276,24.43,0.0,69.6,23.53,2.2,82.75,0.092,0.287
S00926,62.453,17.06,0.0,65.29,62.524,31.42,0.0,80.88,21.9,3.26,65.95,0.071,0.243
S05537,65.067,21.91,5.01,57.98,65.326,19.05,0.0,73.93,25.9,4.39,65.22,0.259,0.261
S04280,72.936,18.17,0.0,53.23,73.055,23.61,0.0,85.4,21.76,20.26,63.47,0.119,0.309
S03290,60.192,27.7,8.5,77.78,60.537,22.81,0.0,71.86,23.21,29.98,69.57,0.345,0.476
S09944,58.385,20.85,0.0,73.27,58.523,18.14,3.21,78.07,23.01,24.13,52.42,0.138,0.369
S04712,58.076,23.45,0.0,52.11,58.309,22.41,0.0,66.3,21.4,4.62,59.92,0.233,0.195
S05679,60.371,26.74,0.0,74.25,60.625,26.86,0.0,73.14,27.06,2.34,72.31,0.254,0.248
S06118,56.261,17.92,7.45,41.43,56.375,14.8,16.15,69.56,22.13,11.72,70.72,0.114,0.368
S00029,71.332,20.68,0.0,62.3,71.503,22.68,0.0,60.49,26.86,0.0,68.81,0.171,0.247
S02820,72.818,24.16,0.0,85.14,72.973,19.97,0.0,72.8,20.15,10.64,84.92,0.155,0.223
S04637,57.146,28.91,0.0,69.12,57.48,20.38,0.0,65.34,22.35,3.21,80.06,0.334,0.254
S08303,75.237,22.07,0.0,62.74,75.247,23.67,0.0,86.71,24.64,0.0,65.82,0.01,0.143
S00327,48.43,24.2,0.0,74.12,48.828,27.99,0.0,67.32,24.14,7.67,74.73,0.398,0.432
S01939,63.008,25.91,0.0,82.73,63.273,27.29,0.0,71.0,22.75,0.0,65.62,0.265,0.15
S04374,60.254,20.36,0.0,70.57,60.428,24.24,4.89,79.35,26.9,0.0,77.34,0.174,0.408
S00653,56.51,25.76,0.0,86.62,56.932,19.18,0.0,54.06,20.12,3.05,66.83,0.422,0.186
S04301,72.478,21.24,12.38,59.09,72.759,25.85,0.0,69.94,21.5,12.67,84.84,0.281,0.236
S04822,49.129,25.19,23.01,57.56,49.692,23.89,14.05,60.16,21.85,0.0,74.05,0.563,0.217
S06413,59.752,21.78,1.49,59.57,59.92,22.62,0.0,66.52,25.33,0.0,62.89,0.168,0.25
S08525,81.201,21.81,2.23,71.7,81.373,27.34,16.92,69.02,22.79,0.0,75.58,0.172,0.202
S06608,72.399,26.87,35.0,75.72,72.963,28.36,0.0,61.45,18.97,4.52,79.2,0.564,0.104
S09476,54.915,25.79,0.0,64.83,55.176,21.07,0.0,61.08,26.16,0.0,75.48,0.261,0.336
S09559,52.906,16.26,0.0,65.15,53.144,25.58,8.58,75.46,20.93,0.43,68.31,0.238,0.203
S03307,66.274,23.09,5.89,74.14,66.493,26.47,0.44,71.68,22.55,4.15,64.63,0.219,0.189
S06069,60.582,28.04,0.0,78.66,60.913,21.86,2.7,66.63,21.56,0.0,76.33,0.331,0.236
S07631,43.822,18.46,0.0,73.55,44.188,24.0,0.0,80.22,21.06,0.0,64.49,0.366,0.277
S06506,59.992,22.29,35.0,82.95,60.551,22.58,0.0,75.59,19.55,3.77,57.3,0.559,0.136
S09356,63.078,25.75,5.0,72.89,63.483,17.52,3.64,78.4,27.2,18.0,75.27,0.405,0.536
S01800,64.266,20.57,0.0,67.5,64.424,19.2,0.0,70.64,25.8,0.0,59.45,0.158,0.207
S06757,70.873,16.67,0.0,62.72,71.057,15.24,0.11,67.39,21.82,0.0,70.16,0.184,0.128
S00876,63.504,23.89,29.01,66.73,63.966,16.41,0.0,83.15,20.0,1.62,70.07,0.462,0.23
S08425,74.76,23.22,0.79,93.62,75.033,22.67,0.0,83.22,24.59,2.09,68.78,0.273,0.172
S06439,59.951,19.64,0.0,58.52,60.085,21.81,8.94,71.7,23.59,11.12,81.11,0.134,0.403
S08398,75.126,23.31,10.08,65.43,75.51,23.35,0.0,73.21,21.24,5.93,63.12,0.384,0.124
S09082,71.773,26.2,0.73,73.28,71.935,27.27,0.0,67.45,25.64,0.3,64.35,0.162,0.183
S06151,64.209,21.23,0.0,75.97,64.371,26.93,1.48,80.36,19.02,0.0,63.84,0.162,0.044
S05826,65.147,17.17,0.0,57.65,65.398,23.81,2.24,79.99,23.05,2.77,69.54,0.251,0.217
S04649,58.212,24.21,0.0,70.86,58.403,24.61,0.0,79.68,24.02,6.82,82.24,0.191,0.409
S00519,67.75,25.87,0.0,81.23,68.044,22.51,0.0,74.57,26.59,0.0,66.07,0.294,0.245
S03030,62.021,28.49,0.0,79.2,62.243,24.32,9.24,67.92,25.54,0.0,64.26,0.222,0.281
S08939,51.006,22.62,5.16,68.51,51.416,20.89,0.0,56.86,20.67,0.0,67.9,0.41,0.264
S08325,59.02,17.33,0.0,71.04,59.45,24.13,11.2,73.33,23.2,18.83,78.84,0.43,0.437
S06991,62.477,23.24,0.0,80.68,62.751,23.57,1.03,74.66,21.51,17.21,67.98,0.274,0.313
S03649,53.254,16.86,0.0,61.41,53.49,26.7,0.0,80.51,21.33,1.05,74.17,0.236,0.246
S02240,49.43,19.51,0.0,66.53,49.658,28.34,4.69,71.88,20.33,0.0,71.08,0.228,0.229
S07382,62.545,23.56,0.0,64.25,62.726,21.51,0.0,71.43,26.28,3.56,67.35,0.181,0.327
S09420,67.335,20.36,0.0,73.58,67.505,19.84,0.0,82.56,27.03,1.07,72.73,0.17,0.279
S03740,88.058,26.92,0.0,74.42,88.143,16.86,6.67,66.82,24.26,0.0,74.41,0.085,0.094
S00592,55.402,17.11,0.0,56.95,55.588,18.73,0.0,93.45,19.98,11.24,70.82,0.186,0.327
S07776,67.898,17.78,0.0,69.52,68.096,20.88,0.0,53.89,17.32,0.0,66.37,0.198,0.106
S05304,70.306,15.88,0.0,68.49,70.321,25.56,5.5,69.61,19.94,0.0,86.54,0.015,0.158
S08372,67.744,21.23,8.03,68.33,68.066,23.3,0.0,76.24,23.62,22.17,62.69,0.322,0.37
S09560,55.287,29.19,0.0,86.44,55.657,15.68,0.0,61.72,26.71,0.0,68.92,0.37,0.312
S09073,63.46,21.04,0.0,53.17,63.706,21.15,0.0,62.08,15.5,0.0,62.97,0.246,0.063
S09392,54.719,18.89,0.0,73.3,55.085,19.31,0.0,69.66,21.49,0.0,60.82,0.366,0.148
S07942,63.432,15.72,0.0,72.45,63.591,28.55,0.53,65.49,26.27,11.69,68.56,0.159,0.303
S05533,40.0,25.27,0.0,72.6,40.392,21.09,0.0,71.31,21.54,0.26,70.33,0.392,0.367
S01104,63.303,23.18,0.0,64.54,63.516,28.18,0.0,80.6,20.12,0.0,68.96,0.213,0.153
S01632,57.309,22.91,6.1,68.08,57.672,24.77,0.0,64.94,20.6,8.3,60.05,0.363,0.21
S06241,62.06,25.25,0.0,75.42,62.275,16.78,0.07,69.27,22.19,0.0,70.59,0.215,0.233
S06311,67.233,25.99,0.0,82.52,67.405,30.72,0.0,80.59,28.16,8.19,67.03,0.172,0.307
S02892,69.026,21.45,0.0,79.48,69.178,23.32,0.0,75.95,25.74,36.22,80.49,0.152,0.567
S05322,72.379,17.39,0.0,70.49,72.39,25.85,0.0,57.79,19.12,0.12,62.44,0.011,0.091
S05365,65.946,23.44,0.0,76.46,66.057,24.02,5.18,90.88,21.47,12.54,57.2,0.111,0.225
S06656,84.55,21.47,0.0,56.48,84.587,23.0,0.0,62.86,21.64,20.23,77.15,0.037,0.255
S06432,73.267,24.01,1.93,67.01,73.632,24.34,0.0,61.81,25.95,2.7,75.21,0.365,0.238
S00684,76.757,19.74,0.0,72.55,76.946,23.47,0.0,68.95,25.34,5.63,84.13,0.189,0.228
S04170,75.446,19.69,3.54,64.92,75.583,20.85,0.0,70.5,20.49,2.63,72.56,0.137,0.141
S09659,60.797,17.48,0.0,46.23,60.973,21.53,0.0,69.07,28.26,10.53,82.01,0.176,0.579
S01510,51.549,20.09,0.0,59.81,51.822,20.99,1.69,71.77,18.99,1.58,62.29,0.273,0.157
S06416,57.964,18.25,0.0,73.51,58.234,23.24,1.61,76.67,21.53,0.0,70.81,0.27,0.286
S09425,76.252,19.98,0.0,78.08,76.344,27.15,0.0,82.44,18.3,1.92,64.06,0.092,0.064
S07172,58.771,26.49,0.0,59.39,59.067,21.06,0.0,94.81,24.1,0.53,77.57,0.296,0.328
S02358,59.406,24.2,0.0,77.26,59.686,26.09,0.62,59.5,25.8,16.86,78.43,0.28,0.468
S04625,58.879,18.35,0.0,66.09,59.095,18.96,0.0,77.48,26.56,4.23,71.7,0.216,0.304
S05735,72.671,28.37,4.03,69.53,72.742,17.25,3.35,68.72,19.05,10.62,66.79,0.071,0.173
S06573,67.732,29.91,0.0,56.54,67.966,29.84,0.0,67.84,27.13,0.0,73.09,0.234,0.3
S05417,58.537,27.68,0.0,76.9,58.837,21.11,3.68,49.41,25.38,0.99,65.72,0.3,0.261
S05495,69.045,19.72,0.0,69.96,69.282,22.13,0.0,66.17,18.91,0.0,63.19,0.237,0.095
S07289,67.034,25.73,0.0,73.25,67.324,20.26,0.0,74.29,26.13,0.0,75.11,0.29,0.259
S08417,43.945,18.97,0.0,76.41,44.387,26.34,0.0,63.98,25.28,1.49,71.6,0.442,0.409
S04838,62.642,20.98,1.83,87.0,62.943,24.13,5.44,63.89,25.47,0.0,69.0,0.301,0.301
S02696,67.438,19.11,0.0,64.47,67.655,21.2,7.03,76.15,22.07,12.03,82.77,0.217,0.317
S08192,59.236,17.41,0.0,52.6,59.388,29.01,0.0,85.51,24.68,8.93,69.12,0.152,0.277
S06354,68.597,30.03,0.0,64.09,68.741,23.15,0.0,70.18,22.33,19.67,59.09,0.144,0.266
S05884,46.148,21.14,0.0,68.63,46.457,27.59,0.0,86.66,24.41,9.91,72.4,0.309,0.513
S09040,66.804,21.53,0.0,80.26,67.026,24.65,0.0,79.17,20.31,5.71,56.69,0.222,0.222
S01062,51.578,24.31,0.0,68.94,51.84,26.9,13.68,68.1,18.55,0.0,55.74,0.262,0.19
S07662,79.053,21.44,0.0,69.7,79.148,23.03,35.0,84.02,27.15,0.0,74.23,0.095,0.168
S04671,61.625,23.69,14.41,76.37,62.007,20.44,0.0,76.49,24.54,0.0,73.27,0.382,0.272
S05151,66.653,26.14,0.0,69.85,66.905,20.64,0.0,72.61,20.75,3.63,71.2,0.252,0.2
S07177,66.724,24.17,0.0,69.77,66.98,19.04,2.58,55.5,21.86,3.64,67.44,0.256,0.136
S02573,69.268,25.56,4.48,69.79,69.454,24.12,1.71,58.56,20.88,0.0,66.29,0.186,0.173
S04206,44.696,19.57,0.0,56.97,44.962,21.23,10.24,75.79,19.01,2.16,72.22,0.266,0.382
S00394,69.52,21.21,0.0,68.44,69.761,25.5,19.78,81.07,24.91,0.0,66.29,0.241,0.238
S06691,66.174,21.68,0.0,68.68,66.354,19.8,17.86,68.87,24.76,17.51,82.18,0.18,0.485
S03233,60.929,23.13,0.0,66.85,61.2,19.73,0.0,78.29,20.13,6.99,77.05,0.271,0.249
S06914,61.44,22.44,0.0,81.11,61.691,20.01,0.0,50.13,27.65,1.74,67.26,0.251,0.234
S01348,61.889,23.48,0.0,63.62,62.231,24.34,0.0,59.31,25.67,8.62,64.15,0.342,0.387
S02203,48.845,20.14,0.0,56.49,49.136,24.64,0.0,63.16,26.99,10.53,65.74,0.291,0.382
S03544,62.215,16.62,0.0,72.16,62.32,15.69,13.61,56.68,27.1,3.88,60.52,0.105,0.248
S00499,67.121,24.19,6.52,74.31,67.322,27.12,0.08,78.24,21.46,1.87,71.17,0.201,0.15
S03206,59.166,23.28,0.0,61.27,59.463,25.95,0.0,85.61,18.95,11.66,77.06,0.297,0.254
S00842,50.553,23.34,0.0,67.21,50.808,22.99,0.0,72.13,26.04,6.92,70.21,0.255,0.319
S03811,53.24,18.27,0.0,59.32,53.528,21.3,0.0,60.16,20.56,2.35,64.72,0.288,0.176
S04556,62.553,22.71,0.0,66.96,62.737,16.48,0.0,68.17,19.36,14.82,67.04,0.184,0.239
S07867,79.634,22.36,4.66,55.12,79.746,24.32,0.0,69.77,21.29,10.62,82.79,0.112,0.26
S06956,49.126,21.28,0.0,92.62,49.661,25.09,3.92,67.73,19.91,0.0,62.1,0.535,0.22
S04510,57.598,26.67,0.0,74.16,57.782,19.04,0.0,75.5,16.9,0.0,76.6,0.184,0.09
S04162,55.408,23.23,0.0,67.89,55.703,27.0,2.8,76.27,23.92,0.0,73.28,0.295,0.249
S09105,68.983,18.22,0.0,63.79,69.031,23.89,0.0,80.59,23.27,5.47,69.08,0.048,0.261
S06606,56.836,27.25,21.84,64.16,57.455,24.38,5.63,73.53,20.6,0.0,59.61,0.619,0.119
S00219,46.411,19.43,0.0,86.71,46.708,14.92,0.0,65.09,21.56,0.0,70.63,0.297,0.251
S06902,71.776,28.79,4.0,69.42,72.152,26.22,0.0,85.04,23.54,0.0,69.45,0.376,0.096
S00372,66.815,18.62,0.0,70.98,66.961,22.77,0.0,76.59,20.83,5.15,64.78,0.146,0.215
S05531,48.071,22.71,0.45,61.99,48.359,19.6,14.59,66.62,26.69,2.67,64.32,0.288,0.378
S03215,65.466,26.19,6.1,89.18,65.809,14.54,0.0,65.19,20.92,0.0,78.49,0.343,0.163
S08091,65.569,25.24,0.0,58.22,65.739,19.71,0.0,67.68,23.03,2.49,71.3,0.17,0.203
S08946,66.878,18.35,0.0,61.53,66.978,21.67,0.0,61.89,21.05,9.24,73.54,0.1,0.258
S07025,59.716,21.11,0.0,66.46,59.933,22.35,0.0,75.0,23.34,0.0,77.77,0.217,0.285
S08839,63.546,23.06,0.0,62.45,63.8,25.22,11.26,81.65,20.37,0.0,67.56,0.254,0.073
S04819,68.49,17.69,0.0,67.4,68.527,21.74,0.0,70.68,22.43,1.28,73.56,0.037,0.203
S00113,85.968,17.63,0.0,65.75,85.999,25.69,0.57,77.78,23.26,0.43,65.62,0.031,0.112
S06406,42.141,22.11,1.48,72.28,42.501,22.93,0.0,68.33,27.66,0.0,60.8,0.36,0.324
S00941,54.317,17.93,0.0,57.48,54.57,19.98,0.0,74.78,23.86,0.0,68.81,0.253,0.237
S00872,64.868,20.58,12.51,53.03,65.154,22.85,0.0,80.74,24.4,0.0,67.05,0.286,0.21
S05504,76.271,22.85,0.0,63.47,76.33,25.14,3.64,75.91,22.54,0.0,72.95,0.059,0.133
S07159,49.223,25.79,0.0,72.89,49.585,20.2,0.0,63.36,20.21,5.83,68.81,0.362,0.257
S07029,57.546,24.42,5.05,73.61,57.836,18.79,0.0,57.82,21.03,0.0,69.13,0.29,0.332
S07821,70.867,21.04,0.0,81.57,71.101,25.3,0.0,74.51,23.28,3.44,73.17,0.234,0.226
S05639,56.074,18.54,0.0,64.39,56.307,27.27,1.39,74.66,22.3,1.3,63.69,0.233,0.173
S01373,54.494,24.47,0.0,71.12,54.839,24.07,4.68,61.58,18.06,20.67,62.35,0.345,0.41
S00648,55.476,27.21,0.0,91.36,55.749,23.83,1.4,61.82,18.65,1.14,64.36,0.273,0.165
S03698,60.527,22.08,0.0,66.5,60.668,28.51,0.0,81.0,17.06,3.48,62.3,0.141,0.049
S01044,64.427,26.11,16.39,73.8,64.878,21.38,0.0,71.09,15.59,0.0,65.92,0.451,0.045
S09781,49.475,24.77,21.84,82.99,50.057,16.72,0.0,73.99,16.66,0.53,71.81,0.582,0.162
S01349,53.503,24.46,0.0,78.99,53.895,26.52,0.0,68.83,22.51,4.4,81.17,0.392,0.297
S01886,54.818,25.0,2.32,66.06,55.206,25.74,0.0,80.49,29.81,6.53,79.71,0.388,0.433
S03051,56.553,26.01,0.0,64.23,56.854,22.8,0.0,84.15,23.74,1.2,65.75,0.301,0.322
S05068,57.343,30.18,0.0,57.27,57.665,16.61,0.0,73.42,25.62,2.39,80.1,0.322,0.27
S09552,66.117,23.03,0.0,65.37,66.275,24.11,0.0,67.2,22.9,0.5,69.19,0.158,0.14
S04262,55.761,23.95,0.34,73.11,56.054,22.21,0.0,71.65,25.3,9.28,72.95,0.293,0.389
S03083,53.034,20.88,0.0,65.85,53.327,20.67,0.0,74.49,21.66,3.04,69.38,0.293,0.344
S00429,70.336,20.76,0.0,75.77,70.51,24.89,4.45,69.9,23.07,0.47,75.32,0.174,0.129
S03263,58.521,17.23,0.0,69.21,58.734,21.55,0.0,79.48,27.37,22.1,72.36,0.213,0.514
S08671,55.993,23.28,7.81,67.25,56.413,22.73,0.0,78.57,30.02,2.12,71.54,0.42,0.396
S04624,43.367,16.23,0.0,53.76,43.517,23.86,0.0,67.79,20.64,0.0,68.65,0.15,0.268
S09102,74.65,25.72,0.01,72.88,74.845,23.46,0.0,63.7,17.77,4.45,69.67,0.195,0.126
S09343,46.82,18.7,0.0,63.92,47.049,26.5,0.0,65.92,21.16,16.37,67.54,0.229,0.386
S09122,66.926,22.42,0.0,75.87,67.107,26.75,3.58,67.62,25.18,0.28,65.78,0.181,0.181
S08348,78.891,19.03,3.05,69.43,78.935,25.32,0.0,66.71,28.46,1.32,63.95,0.044,0.212
S00701,67.387,21.99,9.36,79.25,67.693,25.16,0.0,66.36,21.69,1.63,71.0,0.306,0.224
S05774,63.599,24.43,1.91,83.13,63.908,23.82,0.0,57.98,15.0,7.45,72.88,0.309,0.116
S04653,45.058,19.83,0.0,57.93,45.354,20.02,0.0,65.21,23.64,0.0,68.09,0.296,0.354
S09091,57.374,24.16,2.06,82.02,57.732,18.57,0.0,75.12,25.26,30.87,75.76,0.358,0.577
S00063,76.266,16.6,0.0,70.81,76.323,25.46,0.0,67.73,24.62,0.66,64.66,0.057,0.121
S07018,52.416,19.99,0.0,79.63,52.696,23.7,0.0,65.39,24.66,4.01,69.28,0.28,0.338
S06793,71.118,18.45,0.0,75.05,71.286,19.31,0.0,64.69,26.76,0.0,75.24,0.168,0.238
S02299,68.191,24.38,0.0,47.2,68.297,20.97,0.0,85.76,27.49,36.78,68.79,0.106,0.636
S03982,54.565,26.45,3.13,71.06,55.102,20.5,0.0,70.38,22.72,18.78,58.17,0.537,0.475
S01344,59.83,19.6,1.06,63.05,60.108,21.16,0.0,80.93,26.15,10.79,84.73,0.278,0.456
S04885,70.774,16.03,5.35,67.7,70.928,17.49,0.03,47.04,22.78,0.11,74.24,0.154,0.195
S01105,69.096,25.24,0.0,65.83,69.243,19.16,1.08,61.89,22.28,5.72,58.46,0.147,0.213
S03531,63.53,23.88,0.0,78.86,63.774,27.48,0.0,81.98,23.6,12.37,75.66,0.244,0.43
S06225,57.035,26.26,0.0,74.46,57.352,24.94,0.0,82.79,24.02,0.0,61.98,0.317,0.266
S07183,52.685,24.43,0.0,71.08,52.926,24.91,0.0,66.49,23.46,7.53,80.99,0.241,0.404
S03286,72.209,23.07,0.0,74.03,72.425,23.76,0.0,65.95,25.91,43.66,58.04,0.216,0.472
S04016,58.252,26.93,3.36,74.73,58.712,25.91,0.0,76.06,20.18,24.1,69.24,0.46,0.465
S03487,56.577,27.58,0.0,83.97,56.981,23.03,5.94,73.92,23.76,1.48,72.39,0.404,0.195
S02708,67.224,14.19,0.0,64.1,67.283,17.34,0.0,73.52,15.5,0.76,70.49,0.059,0.067
S06308,70.25,29.22,0.0,69.21,70.531,20.04,0.0,75.41,18.01,2.72,59.05,0.281,0.034
S00076,63.218,14.64,0.0,72.06,63.388,22.3,0.0,72.64,25.19,0.0,83.44,0.17,0.255
S04434,67.569,26.76,0.0,75.49,67.736,20.24,0.0,60.42,24.42,0.0,69.44,0.167,0.158
S07402,55.649,23.22,5.5,77.13,55.975,22.1,0.0,44.99,21.58,0.14,67.33,0.326,0.251
S02557,65.233,25.17,0.0,71.13,65.359,15.68,0.0,63.5,26.62,10.12,73.99,0.126,0.383
S06605,51.253,24.49,0.0,76.46,51.594,26.49,6.34,82.48,20.85,11.99,75.65,0.341,0.397
S03237,87.195,18.55,0.0,61.4,87.228,22.71,0.0,74.64,22.86,20.82,67.07,0.033,0.205
S00124,52.138,25.24,0.0,71.32,52.545,17.61,0.0,68.14,22.45,35.71,69.21,0.407,0.681
S05739,73.876,25.82,10.18,70.79,74.184,25.07,0.0,71.03,23.86,0.91,64.35,0.308,0.162
S06925,49.968,18.47,0.0,59.21,50.177,21.49,18.21,62.48,23.22,2.82,71.56,0.209,0.332
S08579,79.918,17.68,0.0,72.61,80.026,20.3,4.01,62.8,21.45,12.18,67.26,0.108,0.177
S07600,49.478,24.76,0.0,64.55,50.109,22.12,0.0,76.6,18.24,0.0,66.42,0.631,0.19
S07108,52.622,21.46,3.16,80.88,52.859,24.3,2.12,73.48,21.23,0.0,61.07,0.237,0.242
S04567,61.979,25.82,5.35,74.75,62.245,25.1,0.0,62.18,24.86,0.0,73.41,0.266,0.255
S05221,59.381,21.39,0.0,76.94,59.645,25.31,0.0,81.12,23.06,26.56,77.47,0.264,0.498
S00392,60.584,21.53,0.0,63.94,60.656,23.4,0.34,81.23,19.35,0.0,65.09,0.072,0.2
S03710,58.837,26.26,2.83,67.66,59.308,26.71,10.62,73.8,27.02,2.02,74.98,0.471,0.384
S04078,62.668,24.41,4.14,63.35,62.846,22.68,0.0,78.33,20.6,0.0,58.13,0.178,0.118
S07472,59.727,26.2,0.0,79.09,60.058,22.76,0.0,50.23,22.81,5.45,66.16,0.331,0.213
S02043,70.352,22.2,2.65,63.84,70.54,16.52,0.0,70.47,22.85,6.04,64.61,0.188,0.207
S05471,62.096,18.99,0.0,63.34,62.302,21.6,0.0,55.18,20.73,0.37,83.9,0.206,0.189
S01927,66.356,21.34,0.0,69.25,66.493,20.74,0.0,69.82,22.06,0.53,65.08,0.137,0.14
S08857,59.339,23.82,0.0,70.5,59.694,24.6,0.0,69.19,22.72,1.39,69.59,0.355,0.25
S02493,56.142,23.29,0.0,69.64,56.441,25.83,0.0,56.05,23.78,1.07,72.1,0.299,0.296
S04962,45.576,25.81,0.0,52.24,45.902,24.1,0.0,78.1,23.62,0.0,71.14,0.326,0.351
S05990,40.649,18.82,0.0,60.82,40.992,18.67,0.0,77.02,20.44,21.11,70.61,0.343,0.523
S06551,53.678,23.45,0.0,65.57,53.987,22.69,0.0,70.61,22.61,1.57,58.93,0.309,0.281
S03576,57.895,23.57,0.0,62.66,58.131,20.93,1.03,87.55,27.73,0.0,82.95,0.236,0.381
S03848,61.954,19.26,0.0,64.63,62.189,21.01,19.59,55.54,18.28,0.03,69.7,0.235,0.184
S06355,58.27,23.94,0.0,48.41,58.452,26.36,0.0,60.72,23.67,0.0,77.41,0.182,0.261
S09643,64.12,28.75,0.0,80.63,64.457,24.28,0.0,65.19,25.83,1.26,72.05,0.337,0.283
S02124,68.293,20.21,0.0,76.81,68.452,27.48,0.0,82.08,21.97,0.84,59.15,0.159,0.142
S00855,70.154,25.81,1.66,64.16,70.494,21.47,0.0,68.85,23.11,10.26,68.99,0.34,0.295
S03559,50.302,24.63,0.0,61.47,50.72,26.43,0.0,74.38,20.25,1.23,62.07,0.418,0.246
S09642,67.27,18.94,4.59,62.16,67.476,23.06,0.0,69.49,26.79,13.55,79.3,0.206,0.428
S06202,54.722,20.74,0.0,58.6,55.001,24.74,0.0,66.79,20.07,9.95,64.32,0.279,0.257
S05662,71.056,22.48,0.0,70.76,71.146,25.36,0.0,59.28,23.76,17.43,75.59,0.09,0.362
S05291,73.234,22.0,0.0,67.63,73.35,27.33,0.0,68.66,22.59,0.92,66.91,0.116,0.163
S03065,55.895,24.39,7.3,83.52,56.281,22.22,0.0,66.41,24.41,0.0,75.38,0.386,0.373
S04187,58.534,22.96,0.0,73.25,58.807,23.81,1.19,71.91,24.4,0.0,60.26,0.273,0.207
S06853,53.601,19.48,0.0,86.04,53.909,15.42,0.0,75.21,25.03,0.26,77.25,0.308,0.318
S06122,57.01,22.93,12.29,79.64,57.421,24.44,3.88,77.55,24.3,9.05,70.26,0.411,0.358
S09734,69.594,20.13,0.0,77.06,69.736,25.94,0.0,79.68,19.4,0.0,72.59,0.142,0.092
S00462,80.784,22.68,0.0,82.06,80.868,18.65,0.0,77.77,22.22,11.02,65.29,0.084,0.205
S07551,60.856,23.0,0.0,63.37,61.023,20.44,0.0,79.91,17.56,7.65,68.15,0.167,0.247
S03235,46.696,21.56,2.53,65.84,46.996,21.45,0.0,69.4,21.28,22.1,67.15,0.3,0.531
S02534,66.616,25.21,0.0,69.31,67.093,26.12,0.09,52.13,24.69,0.0,89.42,0.477,0.353
S07204,66.914,28.76,0.0,73.78,67.194,24.03,0.0,82.07,21.88,13.09,70.53,0.28,0.326
S04947,65.271,17.31,0.0,80.87,65.334,23.6,0.0,72.91,23.06,18.75,68.76,0.063,0.374
S00100,64.144,23.83,0.0,72.81,64.315,20.43,1.03,74.83,26.42,0.0,78.42,0.171,0.289
S00604,71.837,26.78,0.0,63.49,71.868,24.13,0.0,62.95,23.73,0.0,71.22,0.031,0.211
S03392,69.894,20.98,0.0,72.18,70.285,30.89,0.0,65.84,22.32,0.0,61.9,0.391,0.133
S02986,62.943,18.43,0.0,72.5,63.239,25.44,1.69,74.54,24.82,44.14,70.67,0.296,0.665
S02303,87.94,21.52,2.82,71.19,87.985,15.79,0.0,78.12,25.64,29.76,62.21,0.045,0.304
S09097,53.434,26.05,0.0,73.11,53.763,17.86,0.0,66.92,21.67,1.53,76.95,0.329,0.237
S02105,51.315,24.25,0.0,71.62,51.639,28.41,0.0,68.94,22.1,4.19,65.91,0.324,0.28
S09459,82.733,23.02,0.0,63.16,82.8,17.29,0.0,82.22,21.16,19.35,68.33,0.067,0.252
S06431,66.297,26.76,2.99,77.83,66.656,29.67,8.17,76.57,24.25,1.57,84.16,0.359,0.385
S08037,64.298,17.66,10.96,77.27,64.524,21.31,0.0,59.18,20.82,0.0,72.66,0.226,0.264
S09506,77.508,30.6,5.65,69.95,77.737,16.75,0.0,64.34,21.73,1.45,73.82,0.229,0.096
S03575,59.777,26.34,0.0,62.05,60.2,24.55,19.78,88.2,25.59,0.0,70.53,0.423,0.277
S09558,45.765,20.96,0.0,65.56,46.208,24.96,0.0,60.65,20.92,0.4,71.2,0.443,0.318
S02257,75.127,19.8,0.0,65.92,75.223,28.79,4.17,75.82,20.2,15.51,67.42,0.096,0.166
S03292,67.253,31.95,0.0,69.98,67.548,19.82,0.0,82.89,24.22,5.43,66.86,0.295,0.174
S03928,48.462,24.06,0.0,61.59,48.827,26.24,0.0,70.37,26.09,1.44,80.43,0.365,0.385
S05572,56.628,23.65,0.0,67.22,56.972,21.57,17.31,69.15,20.91,0.43,63.86,0.344,0.174
S00174,62.53,28.13,31.94,75.55,63.126,23.22,8.76,62.77,22.91,0.0,75.45,0.596,0.179
S08333,65.838,20.64,0.0,65.3,65.915,19.31,0.0,61.93,21.1,7.46,70.02,0.077,0.33
S07848,71.618,19.86,0.0,57.79,71.7,22.53,0.0,63.47,19.71,2.53,71.47,0.082,0.109
S01100,58.472,26.42,0.0,76.09,58.788,22.79,0.0,69.94,21.86,0.44,72.59,0.316,0.25
S04285,56.471,18.29,0.0,64.52,56.668,21.19,0.0,61.84,18.14,0.0,66.67,0.197,0.274
S03539,75.988,24.33,18.44,78.64,76.403,22.25,0.0,74.5,22.12,2.75,70.1,0.415,0.203
S01879,41.868,22.77,0.0,73.62,42.266,25.72,5.76,62.16,23.26,3.28,74.69,0.398,0.341
S04441,69.048,19.61,1.88,68.47,69.166,16.64,0.0,76.35,24.16,27.43,79.89,0.118,0.541
S02542,60.254,30.22,0.0,58.29,60.598,27.16,0.0,66.63,21.55,1.46,65.15,0.344,0.206
S05716,59.186,25.25,0.0,57.42,59.345,20.61,0.0,69.34,22.12,0.0,70.99,0.159,0.229
S09176,52.621,22.89,0.0,77.74,53.024,24.38,0.0,71.52,19.87,17.8,74.77,0.403,0.415
S07069,52.588,24.79,0.0,65.74,52.922,17.55,0.0,62.71,18.8,1.94,73.73,0.334,0.297
S05010,51.789,18.1,0.0,74.15,52.184,15.38,0.0,55.06,23.64,1.9,73.96,0.395,0.339
S07721,57.433,18.06,0.0,64.57,57.644,25.82,0.19,62.22,25.04,0.0,63.56,0.211,0.299
S07208,59.574,20.94,0.0,63.95,59.837,21.07,0.0,80.14,24.7,4.35,69.24,0.263,0.282
S04933,57.622,21.16,7.47,91.03,58.013,22.64,0.0,71.17,20.22,2.07,70.16,0.391,0.164
S03555,71.811,19.13,0.0,61.21,71.968,20.83,0.0,71.91,21.3,7.12,61.18,0.157,0.182
S07992,55.871,24.95,0.0,79.59,56.269,23.91,0.0,88.04,22.06,3.12,68.81,0.398,0.269
S08686,74.649,28.46,0.0,69.52,74.846,26.31,13.03,72.27,21.88,0.0,68.72,0.197,0.109
S01492,58.434,22.19,0.0,66.29,58.6,16.45,0.0,67.24,22.84,7.75,66.88,0.166,0.259
S05482,71.894,22.4,9.45,63.81,72.075,28.41,0.0,71.86,20.84,10.11,85.3,0.181,0.273
S05461,56.713,27.02,34.98,58.2,57.462,25.06,1.49,77.02,17.34,0.33,64.26,0.749,0.102
S09453,68.497,22.31,2.53,62.18,68.677,24.73,2.37,64.28,21.45,0.62,71.58,0.18,0.177
S07218,66.499,22.89,0.0,76.96,66.633,24.5,12.24,72.31,20.24,0.0,57.29,0.134,0.075
S08726,52.658,18.36,0.0,77.72,52.862,22.05,0.0,62.1,20.68,1.22,74.9,0.204,0.34
S04975,64.553,18.76,0.0,60.01,64.702,29.28,0.0,60.11,24.04,0.0,69.05,0.149,0.175
S04478,64.41,26.77,0.0,66.63,64.672,26.69,0.0,62.93,20.8,0.0,65.85,0.262,0.16
S09273,61.223,14.92,0.0,72.09,61.385,24.1,0.0,70.84,23.42,5.36,71.05,0.162,0.324
S02000,70.255,26.45,0.0,67.41,70.45,25.48,0.0,77.55,21.42,0.0,71.86,0.195,0.086
S09970,58.43,28.57,1.93,67.67,58.693,24.54,0.0,77.92,19.5,0.7,61.71,0.263,0.14
S07918,62.295,24.09,12.8,70.49,62.703,15.36,0.0,78.89,23.18,16.53,73.2,0.408,0.335
S05369,59.211,17.94,0.0,69.14,59.384,21.7,0.0,46.86,24.39,19.09,80.48,0.173,0.52
S02702,51.675,27.8,0.0,58.57,52.004,24.45,0.0,74.16,20.63,0.0,78.53,0.329,0.237
S09364,66.691,26.4,0.41,68.31,66.937,18.41,0.0,47.29,18.62,1.75,68.35,0.246,0.115
S09590,60.741,18.85,0.0,72.63,60.99,28.11,0.31,66.46,23.61,1.74,74.13,0.249,0.313
S03090,63.362,27.42,0.0,87.26,63.61,24.24,3.66,73.61,24.01,28.4,69.87,0.248,0.482
S01936,78.312,22.55,0.33,66.1,78.407,22.8,0.0,70.45,22.79,30.74,79.58,0.095,0.429
S02802,66.552,23.19,4.14,74.26,66.677,23.13,0.0,80.23,24.23,0.0,72.1,0.125,0.201
S08218,55.299,21.35,0.0,58.5,55.598,23.99,0.0,58.38,21.85,40.52,56.09,0.299,0.543
S03608,58.09,19.28,0.0,79.01,58.306,29.67,0.0,68.07,26.83,0.0,68.57,0.216,0.229
S01790,69.751,21.71,0.0,68.28,69.872,19.82,0.0,70.02,20.09,0.13,70.56,0.121,0.064
S01978,65.11,21.76,0.0,73.67,65.233,28.11,0.0,73.5,22.09,1.6,77.05,0.123,0.204
S03960,54.333,16.63,0.87,61.37,54.698,21.95,0.0,66.49,19.09,1.12,68.62,0.365,0.214
S09294,48.179,24.72,2.22,74.08,48.544,24.67,0.0,57.37,23.46,0.0,68.07,0.365,0.311
S00467,48.872,25.75,0.0,75.56,49.276,19.58,2.5,67.14,20.8,32.65,69.37,0.404,0.617
S04964,51.722,26.74,0.0,72.46,51.988,24.74,0.0,53.44,23.53,0.0,73.02,0.266,0.243
S02567,67.403,18.27,4.05,63.55,67.574,20.52,0.0,69.6,19.3,9.13,68.78,0.171,0.256
S04627,72.897,24.0,0.0,73.09,73.106,17.03,0.0,75.53,23.83,26.99,83.68,0.209,0.414
S04032,54.056,29.51,0.0,79.31,54.461,18.33,0.0,69.15,19.93,0.0,68.81,0.405,0.26
S09978,77.797,26.24,0.0,72.57,77.853,15.47,0.0,57.18,19.26,0.0,71.18,0.056,0.07
S04684,78.082,17.98,0.0,68.45,78.092,23.08,0.0,71.26,18.33,0.0,59.38,0.01,0.07
S08894,46.55,19.98,0.0,59.8,46.802,16.75,0.0,85.4,19.96,0.96,57.08,0.252,0.243
S09482,68.828,25.36,0.0,66.19,69.123,22.57,0.0,54.6,22.45,2.83,64.34,0.295,0.126
S00811,53.549,25.12,0.0,75.72,53.891,23.98,0.0,90.53,24.55,0.0,71.96,0.342,0.303
S01160,53.158,25.03,0.0,72.26,53.863,26.09,0.0,67.08,21.94,0.0,78.39,0.705,0.325
S08166,52.131,23.92,0.0,50.22,52.435,17.96,0.0,60.96,24.85,0.58,63.36,0.304,0.255
S07128,74.512,27.08,11.4,65.52,74.887,17.18,0.0,48.98,22.54,20.0,83.37,0.375,0.339
S02828,53.688,25.65,0.0,67.71,53.912,29.3,0.0,71.9,21.96,0.0,80.16,0.224,0.33
S02641,61.981,24.93,0.0,80.86,62.258,24.27,0.0,66.77,22.61,0.0,66.29,0.277,0.197
S07779,62.988,21.56,0.0,71.87,63.251,26.59,0.0,64.92,17.27,0.47,61.37,0.263,0.071
S07260,69.078,27.36,0.0,79.81,69.283,25.91,0.0,80.57,25.19,0.0,64.86,0.205,0.195
S02483,68.169,28.57,0.0,64.81,68.5,21.36,0.0,77.61,22.76,0.31,73.12,0.331,0.176
S04652,62.151,29.09,11.73,77.78,62.654,21.52,0.0,70.15,18.71,0.0,71.54,0.503,0.177
S05614,63.003,24.34,18.9,71.28,63.468,25.84,0.0,77.19,23.86,3.12,75.88,0.465,0.229
S00151,68.112,24.29,0.0,60.07,68.332,27.78,0.0,68.22,25.14,2.1,74.42,0.22,0.199
S06024,61.085,26.13,0.0,80.99,61.382,14.98,0.0,59.21,25.92,0.2,61.18,0.297,0.293
S08750,75.604,22.74,0.0,64.01,75.74,32.08,0.0,73.56,23.66,0.0,75.05,0.136,0.171
S06745,65.642,25.79,0.0,73.46,65.805,22.06,4.97,62.02,26.6,0.86,66.23,0.163,0.259
S02851,54.329,23.3,0.0,75.28,54.609,24.84,0.0,71.79,20.11,0.0,72.68,0.28,0.185
S01870,45.744,25.87,0.0,79.32,46.183,23.33,0.0,66.52,22.3,15.34,64.51,0.439,0.416
S01804,66.063,14.56,0.0,66.81,66.09,26.11,0.0,62.25,20.87,1.05,67.34,0.027,0.251
S01468,71.075,28.34,19.7,77.09,71.557,23.71,0.0,59.57,19.86,9.51,62.87,0.482,0.083
S08178,63.118,17.78,0.0,79.1,63.271,24.76,0.0,73.11,24.5,0.0,69.25,0.153,0.209
S06892,46.471,27.3,15.7,66.99,46.949,23.55,0.0,59.69,23.5,4.08,71.3,0.478,0.395
S09106,57.522,13.95,0.16,66.45,57.762,12.0,12.88,58.82,23.88,0.17,74.36,0.24,0.225
S01347,71.64,25.41,0.0,71.08,71.837,16.77,0.0,57.82,19.34,4.85,61.82,0.197,0.126
S08120,61.451,19.83,23.7,83.73,61.959,27.67,0.0,76.56,25.59,0.93,60.99,0.508,0.175
S02811,73.277,27.06,0.0,70.84,73.564,28.19,0.0,69.23,20.93,1.04,73.59,0.287,0.166
S02681,56.049,23.48,0.0,78.2,56.334,26.09,12.16,68.44,21.79,7.43,67.89,0.285,0.311
S06958,73.405,24.14,0.0,71.77,73.513,22.79,0.0,76.72,21.09,35.34,63.9,0.108,0.466
S01890,57.17,27.41,0.0,83.09,57.401,18.5,0.0,60.04,22.73,0.0,64.92,0.231,0.21
S02631,57.596,22.02,0.0,79.22,57.761,28.07,0.0,80.2,22.54,1.7,65.62,0.165,0.228
S05920,59.822,18.32,0.0,60.62,60.213,27.81,0.0,70.07,21.24,0.53,55.94,0.391,0.197
S08915,49.228,22.6,0.0,82.71,49.634,28.66,0.0,73.78,22.58,0.0,58.87,0.406,0.287
S09925,64.255,21.9,0.0,48.84,64.453,15.58,0.6,68.8,23.33,17.69,68.27,0.198,0.354
S06635,65.231,21.45,0.0,66.61,65.383,24.73,0.0,68.49,27.51,0.85,76.85,0.152,0.279
S00569,65.79,28.33,0.0,74.6,66.031,23.95,0.0,68.34,20.72,18.67,60.03,0.241,0.31
S01246,52.71,21.66,0.0,67.04,52.998,16.64,0.0,71.29,27.49,17.34,71.69,0.288,0.561
S09532,74.257,21.97,0.0,75.1,74.413,24.92,0.0,92.57,24.81,31.15,72.76,0.156,0.481
S07555,76.96,19.14,0.0,64.72,77.13,25.46,0.0,65.73,19.64,3.3,73.91,0.17,0.033
S00696,62.864,20.54,7.07,60.01,63.1,19.37,0.0,61.98,25.73,8.32,65.99,0.236,0.2
S02905,64.738,22.78,0.0,80.86,64.976,25.94,0.0,71.01,23.29,17.0,69.25,0.238,0.374
S07095,68.98,22.93,0.0,65.96,69.141,20.87,0.0,78.95,24.16,30.09,74.5,0.161,0.48
S08154,59.908,26.8,16.7,63.77,60.332,25.37,10.87,60.55,28.19,0.52,78.0,0.424,0.308
S05898,55.618,20.36,0.0,59.01,55.882,25.73,3.46,79.33,25.9,0.0,69.42,0.264,0.368
S04028,70.946,25.24,0.0,63.85,71.093,29.38,0.0,65.61,27.8,0.0,76.42,0.147,0.318
S00938,64.623,23.86,0.0,69.55,64.735,25.5,18.48,74.5,18.8,5.22,72.71,0.112,0.181
S05717,63.971,21.19,0.0,62.67,64.413,24.87,0.0,70.23,26.48,2.84,73.66,0.442,0.297
S02230,67.206,22.92,0.0,70.04,67.41,22.84,0.0,70.77,24.69,0.0,62.18,0.204,0.167
S03961,76.17,28.83,3.84,86.32,76.416,26.1,0.0,63.28,24.09,12.83,68.44,0.246,0.297
S08870,63.441,28.6,2.96,74.46,63.907,17.9,0.0,72.53,26.56,4.3,80.31,0.466,0.379
S09083,72.372,23.27,4.08,69.23,72.578,24.39,4.03,73.72,25.91,0.19,73.51,0.206,0.224
S00384,49.792,25.12,0.0,77.24,49.99,24.7,0.0,62.0,22.01,7.06,56.63,0.198,0.29
S09317,60.063,21.94,9.0,69.65,60.383,22.33,0.0,83.64,18.27,6.1,69.46,0.32,0.244
S08179,65.597,22.92,0.0,75.57,65.842,23.55,0.0,69.5,24.5,2.18,63.88,0.245,0.247
S04279,76.927,16.34,0.19,73.35,76.965,22.01,0.0,79.57,19.64,0.0,65.54,0.038,0.113
S00719,47.665,18.08,1.08,65.11,48.012,24.96,0.0,71.47,21.03,0.0,75.19,0.347,0.293
S02875,70.583,21.5,0.0,70.2,70.698,20.73,0.0,75.45,23.65,2.49,67.75,0.115,0.182
S08690,55.552,20.46,0.0,82.4,55.827,21.23,6.3,70.49,21.87,2.28,72.4,0.275,0.27
S02216,76.08,26.85,0.0,69.17,76.121,21.18,0.0,55.41,20.42,1.06,67.69,0.041,0.061
S01132,57.56,24.06,0.0,80.5,57.822,24.11,1.5,65.53,23.89,0.0,53.83,0.262,0.221
S06046,52.919,23.55,0.0,69.66,53.249,25.28,0.0,70.67,23.0,31.02,76.15,0.33,0.655
S09907,52.63,22.75,4.99,66.11,52.98,26.7,0.0,75.15,17.47,1.0,67.83,0.35,0.215
S02790,53.515,22.72,0.0,68.2,53.88,19.79,0.0,78.29,28.35,2.41,70.7,0.365,0.353
S09901,60.02,24.64,0.0,62.77,60.391,31.22,0.0,57.71,20.64,7.26,75.44,0.371,0.292
S09778,56.184,25.57,0.0,76.58,56.447,29.77,0.0,68.69,19.1,0.8,54.11,0.263,0.133
S07186,78.113,20.82,0.0,71.75,78.184,21.41,3.89,55.88,17.44,8.83,81.38,0.071,0.102
S03351,44.236,24.05,0.0,76.49,44.51,18.53,0.0,73.42,25.41,0.0,73.39,0.274,0.36
S06221,57.947,20.01,0.0,76.05,58.194,19.73,0.0,73.77,18.53,0.39,65.0,0.247,0.12
S00870,64.817,19.3,7.26,83.64,65.173,26.31,0.0,56.33,23.29,2.38,71.98,0.356,0.315
S04752,52.595,16.97,0.0,74.62,52.879,22.14,26.91,78.51,23.34,16.49,61.41,0.284,0.349
S04927,77.907,19.62,0.0,62.41,78.038,25.96,0.0,52.48,18.44,1.7,57.53,0.131,0.014
S08846,52.382,25.74,0.0,80.5,52.687,21.64,0.0,80.96,23.67,0.0,67.26,0.305,0.279
S09587,72.497,19.23,0.0,65.46,72.664,24.95,0.0,72.04,23.37,0.0,60.5,0.167,0.154
S05591,71.298,24.36,0.0,71.89,71.477,25.5,0.0,70.64,26.79,0.0,69.98,0.179,0.215
S07314,63.486,20.86,0.0,69.7,63.689,26.13,0.0,76.34,22.09,2.11,61.49,0.203,0.118
S09113,73.34,26.89,13.21,84.22,73.734,22.58,11.63,71.44,21.52,0.0,69.82,0.394,0.068
S04509,72.334,22.73,0.0,69.48,72.569,18.71,0.0,57.5,21.53,1.41,71.72,0.235,0.167
S09165,69.526,21.63,11.18,89.23,69.856,13.4,0.0,62.79,26.1,21.68,71.59,0.33,0.436
S02233,59.951,27.64,0.27,59.8,60.216,22.37,0.0,74.91,23.42,1.84,64.86,0.265,0.26
S00924,64.217,27.53,5.14,76.75,64.499,15.79,0.0,51.16,23.87,4.99,70.6,0.282,0.286
S03842,59.933,20.77,1.2,59.13,60.128,17.02,0.0,79.56,23.05,0.0,72.82,0.195,0.272
S06316,74.015,19.55,0.0,84.8,74.272,27.03,17.68,85.62,20.27,13.21,72.31,0.257,0.243
S06741,80.099,21.23,2.11,64.54,80.109,24.37,9.6,77.13,24.88,0.0,64.14,0.01,0.07
S06865,72.445,18.9,0.0,50.8,72.485,24.18,0.0,73.64,21.02,0.0,80.91,0.04,0.136
S08221,61.943,14.9,0.0,67.43,62.002,24.75,0.0,54.19,19.87,6.22,68.01,0.059,0.167
S06387,66.947,23.37,0.0,68.11,67.346,17.31,7.54,58.4,25.5,0.47,69.81,0.399,0.111
S09288,63.626,27.5,0.0,70.85,63.9,19.21,0.0,82.09,22.9,0.0,82.91,0.274,0.278
S03773,62.774,18.84,0.0,56.69,62.83,15.67,3.93,79.63,23.12,0.3,65.17,0.056,0.203
S02397,72.594,23.34,0.0,69.85,72.789,26.75,11.62,73.03,21.9,12.41,66.62,0.195,0.24
S03117,73.677,18.52,0.0,82.08,73.709,26.24,0.0,71.82,21.26,16.83,62.52,0.032,0.301
S01613,66.116,24.14,2.52,71.36,66.371,30.22,0.0,77.07,19.06,0.0,67.96,0.255,0.087
S01238,64.594,18.17,0.0,67.67,64.729,18.41,0.0,51.38,19.35,0.0,63.43,0.135,0.079
S01544,73.078,25.28,0.0,79.52,73.257,23.76,8.03,67.02,23.39,1.05,76.41,0.179,0.146
S08485,78.968,24.98,6.51,67.48,79.244,28.61,2.18,74.51,20.5,2.0,60.82,0.276,0.035
S09187,63.694,18.61,0.0,56.39,63.807,20.39,0.0,61.26,20.27,0.0,73.51,0.113,0.207
S00857,65.263,22.71,18.21,71.58,65.641,22.23,0.0,61.2,23.2,2.28,64.84,0.378,0.209
S01639,73.537,18.08,19.22,64.1,73.82,22.5,0.0,85.96,16.67,0.0,62.85,0.283,0.061
S02564,70.755,20.33,4.74,71.23,70.939,23.13,10.87,72.82,23.34,6.08,74.18,0.184,0.227
S05520,58.839,25.02,30.39,78.44,59.425,19.79,11.4,64.3,25.74,5.67,67.9,0.586,0.373
S06025,49.271,27.37,5.02,75.07,49.73,28.35,1.14,81.35,26.58,14.94,71.83,0.459,0.545
S01958,55.77,22.22,0.0,67.52,56.045,24.67,17.58,90.58,22.16,2.37,74.81,0.275,0.29
S01396,57.733,20.27,0.0,70.74,57.977,28.75,35.0,77.98,22.83,5.4,65.61,0.244,0.217
S06682,49.84,21.63,0.85,83.61,50.125,23.25,0.0,81.42,19.98,5.47,66.99,0.285,0.243
S06525,68.696,23.81,0.0,76.93,68.856,22.25,1.04,57.17,19.48,3.32,70.42,0.16,0.143
S00633,62.9,22.18,0.6,66.27,63.042,21.15,3.31,55.22,23.61,2.47,78.63,0.142,0.205
S08805,51.188,27.11,0.0,55.55,51.501,24.78,0.0,94.81,19.55,15.69,72.58,0.313,0.42
S03313,61.465,27.18,0.0,62.46,61.824,16.36,5.12,75.56,24.04,5.0,67.37,0.359,0.206
S09152,66.358,20.13,0.0,60.01,66.477,21.55,0.0,67.31,24.85,8.68,59.52,0.119,0.311
S02235,58.805,19.39,5.46,61.16,59.05,18.68,0.0,72.67,21.84,2.52,60.1,0.245,0.186
S07170,65.072,23.14,26.24,64.28,65.623,16.74,0.0,67.9,28.05,18.74,89.07,0.551,0.567
S06446,66.541,18.54,0.0,75.86,66.646,22.37,0.0,67.26,25.17,0.0,72.22,0.105,0.19
S06765,71.069,21.0,0.89,60.29,71.2,21.47,0.0,74.73,23.15,3.96,71.84,0.131,0.173
S09922,60.397,20.97,0.0,55.45,60.654,16.98,0.0,59.29,23.46,2.5,71.34,0.257,0.233
S03600,52.601,21.0,0.0,73.98,52.897,21.55,0.0,79.74,21.01,35.09,73.7,0.296,0.6
S06435,61.592,14.51,0.0,72.29,61.666,17.56,0.0,73.09,24.63,4.23,59.57,0.074,0.203
S06596,56.17,22.82,0.0,58.96,56.452,17.27,0.0,78.66,20.85,2.39,68.66,0.282,0.19
S05326,52.393,23.41,0.0,59.66,52.573,21.77,0.0,76.09,24.94,0.0,68.8,0.18,0.319
S04796,61.011,26.64,0.0,84.37,61.274,24.98,0.0,69.67,18.47,0.0,75.78,0.263,0.141
S05368,52.179,17.83,0.0,62.13,52.347,27.2,0.0,75.9,19.99,3.11,77.54,0.168,0.347
S06254,60.831,24.02,0.0,75.95,61.048,27.64,2.07,78.6,23.77,3.36,87.59,0.217,0.264
S08693,72.761,20.74,0.0,72.17,72.838,23.14,0.0,65.7,21.49,1.71,79.36,0.077,0.144
S07451,70.537,24.72,0.0,73.17,70.884,27.26,0.0,69.87,23.12,2.8,74.52,0.347,0.234
S01766,63.993,23.28,0.0,77.41,64.199,25.98,0.0,60.99,25.85,18.08,68.5,0.206,0.404
S02117,76.91,14.65,0.0,52.85,76.947,19.28,5.2,57.23,24.31,0.54,65.23,0.037,0.043
S04351,67.253,25.59,0.0,62.51,67.503,25.55,0.0,74.76,22.31,1.56,67.32,0.25,0.167
S09782,72.893,24.96,0.0,82.19,73.084,18.83,0.0,51.64,23.21,9.73,60.16,0.191,0.241
S07947,78.89,19.75,8.26,62.74,79.057,24.2,0.0,76.7,25.31,0.0,62.96,0.167,0.078
S02923,40.0,17.8,0.0,62.66,40.342,24.83,0.89,71.82,19.26,4.29,65.11,0.342,0.251
S07486,55.683,19.35,0.0,75.49,55.953,20.8,0.0,63.4,20.14,10.67,60.67,0.27,0.285
S08441,52.263,21.42,5.6,53.55,52.587,17.04,0.0,55.64,23.16,0.0,64.72,0.324,0.31
S08956,73.589,18.64,9.45,66.32,73.698,27.89,25.56,71.4,22.32,2.63,74.97,0.109,0.116
S08169,64.52,27.39,0.0,67.32,64.796,27.17,3.74,68.71,23.49,0.0,72.17,0.276,0.204
S02838,76.933,19.52,0.0,66.64,76.953,26.58,0.0,85.08,17.13,10.14,66.76,0.02,0.076
S09278,42.72,26.8,0.0,72.32,43.098,19.19,19.47,76.37,21.72,0.54,79.35,0.378,0.373
S02275,59.403,24.17,0.0,80.84,59.7,27.64,0.0,67.6,24.91,0.0,73.85,0.297,0.292
S03040,74.581,19.54,0.0,73.4,74.678,17.32,0.0,49.93,20.84,5.85,67.09,0.097,0.112
S07836,63.8,22.21,0.0,69.23,64.164,26.63,4.11,84.25,25.83,0.46,70.79,0.364,0.238
S03795,47.396,27.73,0.39,71.06,47.804,22.87,0.0,72.55,20.72,3.42,78.11,0.408,0.322
S01960,56.422,23.7,0.0,85.23,56.789,22.18,0.0,71.61,22.1,0.38,64.23,0.367,0.223
S07894,65.28,26.47,0.0,57.32,65.544,16.15,0.0,55.39,24.61,35.49,66.73,0.264,0.599
S06265,62.796,24.42,0.0,65.66,63.005,21.96,0.0,73.67,25.09,0.0,65.97,0.209,0.196
S04422,63.773,23.84,5.26,66.33,63.982,25.02,0.0,62.81,21.93,0.0,80.56,0.209,0.289
S02833,67.588,24.06,0.0,78.11,68.194,26.73,0.0,79.51,19.74,1.34,66.73,0.606,0.134
S01354,69.299,18.67,17.95,73.1,69.589,20.36,0.0,84.59,20.24,0.0,69.73,0.29,0.078
S07478,55.025,21.28,0.0,55.2,55.275,22.4,10.95,72.1,24.26,10.98,69.74,0.25,0.518
S06754,62.021,22.79,5.98,65.29,62.307,21.98,3.79,49.07,23.67,2.21,62.58,0.286,0.198
S01961,77.387,25.17,0.0,69.43,77.408,25.79,0.0,62.86,21.27,2.16,73.04,0.021,0.147
S07750,57.006,22.63,1.11,70.23,57.284,23.66,0.0,71.7,26.56,3.1,79.49,0.278,0.397
S07500,58.691,27.62,11.72,66.81,59.191,16.93,0.0,65.07,24.01,21.66,72.79,0.5,0.555
S07161,63.495,20.51,0.0,66.58,63.557,17.39,0.0,71.18,21.52,0.0,75.33,0.062,0.214
S00793,53.637,25.77,0.0,88.93,53.907,18.06,0.0,72.14,22.22,3.19,64.38,0.27,0.265
S00979,58.672,22.5,3.47,61.98,59.076,26.01,0.0,55.47,20.62,7.03,81.82,0.404,0.318
S01049,59.085,18.31,0.0,71.5,59.211,20.6,1.14,56.96,18.9,0.0,68.66,0.126,0.163
S03081,74.331,18.81,0.0,81.44,74.464,28.64,8.73,61.14,22.03,0.0,70.54,0.133,0.136
S00576,70.179,23.54,0.0,73.39,70.269,15.74,0.0,62.92,22.8,0.0,69.11,0.09,0.193
S09185,53.502,24.36,2.27,78.87,53.809,23.91,0.0,70.13,27.04,21.29,70.25,0.307,0.588
S01400,60.315,25.73,0.0,66.15,60.965,20.85,0.26,64.57,19.41,0.11,76.35,0.65,0.177
S05047,58.763,26.45,0.0,67.96,59.021,22.09,0.0,70.22,24.29,6.1,74.43,0.258,0.385
S04329,66.766,26.29,35.0,71.48,67.213,27.78,1.81,58.94,24.05,1.16,75.6,0.447,0.242
S08451,61.383,23.6,0.0,84.3,61.723,24.47,0.0,70.72,22.42,2.68,69.27,0.34,0.223
S05469,65.201,23.11,0.0,81.39,65.458,24.62,26.84,70.07,25.66,0.0,62.7,0.257,0.185
S08366,52.34,17.31,0.0,65.94,52.609,22.7,0.0,63.49,24.81,22.21,91.07,0.269,0.59
S03889,54.523,26.71,0.0,75.37,54.825,25.48,0.0,79.62,24.62,3.28,68.17,0.302,0.31
S00141,65.339,12.92,0.0,69.44,65.44,26.1,0.0,75.98,20.4,0.0,83.28,0.101,0.239
S07744,48.951,22.76,5.3,66.62,49.39,24.33,4.54,62.95,23.92,0.23,69.94,0.439,0.393
S07391,50.709,13.91,9.53,56.51,51.007,24.35,0.0,71.54,23.45,2.94,67.39,0.298,0.406
S08182,67.517,25.84,0.0,66.23,67.663,25.47,0.0,92.28,22.29,22.57,64.23,0.146,0.342
S05307,53.124,24.88,0.21,69.03,53.509,25.85,0.0,67.27,23.63,2.3,63.93,0.385,0.257
S09285,58.288,28.2,0.0,50.64,58.545,24.04,4.74,60.79,21.9,2.8,61.87,0.257,0.219
S06323,41.313,14.95,0.0,67.08,41.636,23.39,0.0,72.36,23.37,14.95,59.64,0.323,0.512
S01650,57.35,16.22,0.0,64.75,57.432,24.95,1.21,82.83,27.4,1.17,78.23,0.082,0.354
S02004,62.599,26.66,0.0,67.89,62.897,25.25,3.94,72.55,24.32,5.15,77.59,0.298,0.313
S02444,55.877,28.86,0.0,73.64,56.167,29.2,0.0,60.07,25.77,0.0,71.27,0.29,0.381
S06613,63.317,23.28,11.06,60.64,63.703,16.39,0.0,70.65,26.42,3.08,83.15,0.386,0.332
S04431,73.609,18.66,0.0,80.29,73.696,17.57,12.31,63.03,20.41,5.95,72.85,0.087,0.103
S03736,67.773,23.3,0.0,76.86,67.965,26.7,0.0,92.9,27.31,8.88,63.43,0.192,0.279
S02804,63.723,21.89,0.0,67.04,63.872,17.36,0.0,78.54,21.64,0.0,69.52,0.149,0.258
S06244,54.914,27.9,0.0,54.75,55.124,24.54,13.94,89.83,22.15,19.21,72.97,0.21,0.542
S07571,72.504,23.92,0.0,81.56,72.606,28.6,7.19,72.63,16.23,0.0,64.94,0.102,0.01
S02327,64.903,26.0,0.0,57.86,65.073,17.41,1.21,65.39,25.38,0.98,77.22,0.17,0.293
S07098,52.602,24.67,0.0,73.7,53.127,24.74,0.0,75.64,18.43,5.28,59.98,0.525,0.187
S04707,50.064,27.21,0.0,90.4,50.575,28.51,0.0,82.16,24.43,5.03,71.99,0.511,0.28
S01616,72.35,21.2,0.0,76.53,72.579,18.36,0.0,67.69,18.47,1.08,73.94,0.229,0.053
S07520,63.395,21.13,0.0,87.38,63.668,16.41,10.83,61.87,23.46,0.0,87.82,0.273,0.34
S03352,48.125,22.77,0.0,59.83,48.505,19.58,0.0,49.8,23.4,0.0,68.34,0.38,0.274
S03651,45.056,24.31,8.76,66.56,45.454,26.72,0.0,65.68,20.49,0.0,75.92,0.398,0.302
S05953,84.29,17.96,0.0,54.36,84.3,25.16,5.27,86.25,21.98,26.99,66.31,0.01,0.307
S08486,67.433,25.1,0.0,72.27,67.782,23.81,0.0,71.16,20.93,38.05,74.62,0.349,0.57
S01298,54.61,26.85,0.0,68.67,54.996,27.6,0.0,63.99,23.72,10.87,74.27,0.386,0.311
S05207,60.447,26.31,0.0,66.34,60.769,26.5,10.15,52.17,25.19,7.46,77.94,0.322,0.41
S09075,64.002,26.41,0.0,84.06,64.396,23.17,0.0,80.84,22.38,26.79,71.71,0.394,0.51
S00575,67.873,27.21,2.99,75.41,68.103,21.2,0.0,75.13,17.78,7.44,68.24,0.23,0.134
S01712,56.131,24.49,4.81,60.87,56.409,24.04,0.0,74.95,19.73,0.16,62.76,0.278,0.123
S00788,51.845,23.57,8.13,68.52,52.187,24.57,1.31,76.16,22.22,4.91,72.13,0.342,0.204
S07064,65.307,21.37,0.0,77.27,65.513,21.05,0.0,64.69,14.12,0.94,60.62,0.206,0.035
S02616,50.075,21.58,0.0,59.32,50.288,25.29,0.0,74.72,20.74,15.04,71.05,0.213,0.435
S02351,67.465,20.39,8.56,82.95,67.839,26.66,0.0,84.78,23.35,4.74,57.24,0.374,0.065
S08942,75.619,22.91,0.0,74.33,75.736,24.8,0.0,76.43,18.55,4.12,76.56,0.117,0.01
S02809,52.229,18.98,0.0,81.91,52.471,20.67,0.0,70.95,24.86,1.67,70.58,0.242,0.375
S05608,73.704,22.26,0.0,65.32,73.843,26.85,11.03,63.03,25.25,0.0,73.04,0.139,0.241
S01121,63.811,19.83,0.0,60.51,63.955,20.49,0.0,69.15,21.17,0.0,74.34,0.144,0.123
S06045,56.656,25.21,0.0,91.09,57.082,23.48,0.0,86.83,23.8,1.04,65.71,0.426,0.225
S02553,79.859,20.49,0.0,75.2,79.924,18.84,2.98,50.31,22.56,0.0,76.14,0.065,0.148
S03656,61.804,24.34,15.23,73.99,62.255,26.84,0.0,70.64,21.28,0.32,61.45,0.451,0.122
S06572,62.306,22.17,0.0,71.82,62.926,20.55,4.28,58.78,23.4,2.96,66.85,0.62,0.155
S08535,61.2,20.73,0.25,70.33,61.492,19.7,6.81,59.79,23.92,2.06,60.74,0.292,0.193
S07317,55.916,25.31,3.89,86.76,56.238,21.2,0.0,73.5,27.09,0.0,70.77,0.322,0.35
S09158,62.062,26.67,0.0,70.66,62.237,17.77,4.4,70.44,28.89,3.32,64.09,0.175,0.322
S07345,62.854,21.1,0.0,80.77,63.068,27.81,5.25,53.76,21.25,0.81,70.44,0.214,0.178
S05192,76.446,25.23,0.0,61.2,76.679,27.34,0.0,64.35,20.37,3.8,70.66,0.233,0.143
S04176,75.12,19.85,0.0,62.22,75.16,23.18,0.0,84.62,16.68,4.04,63.23,0.04,0.01
S03846,56.345,28.47,0.0,68.07,56.733,20.6,10.71,59.55,16.25,0.0,75.51,0.388,0.232
S04089,63.705,19.88,0.0,75.32,63.886,17.43,0.0,52.35,19.53,0.0,69.69,0.181,0.172
S04791,77.983,24.64,0.0,70.01,78.043,26.11,0.04,60.95,22.46,0.77,70.03,0.06,0.109
S06379,56.101,20.78,0.0,76.27,56.374,22.7,0.0,74.24,22.27,3.12,65.44,0.273,0.194
S00448,64.67,22.61,0.0,85.22,65.006,27.0,0.0,62.13,24.49,2.01,70.2,0.336,0.257
S06204,68.196,13.22,0.0,65.24,68.236,18.49,0.0,77.15,21.26,0.0,68.95,0.04,0.2
S04570,45.266,21.03,8.47,69.56,45.72,18.19,0.0,67.1,20.21,0.71,67.91,0.454,0.272
S02016,55.642,18.87,0.0,62.34,55.858,25.63,1.61,82.42,25.31,1.66,76.64,0.216,0.467
S07696,55.347,15.19,0.0,78.95,55.612,24.84,0.0,76.54,20.8,5.88,71.66,0.265,0.317
S03221,50.268,27.33,0.0,67.15,50.603,20.09,0.0,73.41,23.86,8.82,76.31,0.335,0.381
S01962,62.973,22.44,0.0,64.12,63.227,27.21,6.39,65.67,25.94,35.62,72.54,0.254,0.62
S06017,89.922,24.75,0.0,75.78,89.993,19.86,0.0,80.94,21.45,0.0,75.33,0.071,0.082
S03356,75.614,22.18,0.0,55.67,75.739,20.54,0.0,80.81,26.54,33.12,64.61,0.125,0.559
S00743,67.489,24.17,0.0,63.76,67.702,20.74,0.0,71.82,20.14,1.41,78.97,0.213,0.104
S00059,60.03,15.95,0.0,43.49,60.197,25.84,1.99,68.52,27.55,18.53,69.07,0.167,0.445
S06255,55.373,25.53,0.0,44.91,55.621,24.01,0.0,61.31,18.37,0.0,59.65,0.248,0.168
S01566,67.791,20.76,0.0,73.45,68.038,21.64,2.12,75.65,24.19,5.0,61.14,0.247,0.282
S08228,48.097,20.96,0.0,79.72,48.44,22.55,0.0,57.88,18.27,8.11,70.98,0.343,0.351
S01675,40.0,19.29,0.0,56.47,40.337,18.44,0.0,58.44,25.25,0.0,74.47,0.337,0.424
S09336,58.566,16.15,0.0,57.26,58.603,17.52,0.0,76.48,24.22,0.19,69.71,0.037,0.259
S07191,72.629,16.27,0.0,68.13,72.711,22.56,29.07,68.29,24.08,4.35,73.97,0.082,0.293
S05721,60.521,17.77,0.0,57.67,60.634,27.99,0.0,80.1,20.72,0.0,66.08,0.113,0.153
S07594,49.573,27.07,14.45,78.28,50.056,16.26,0.0,69.35,27.48,0.0,77.43,0.483,0.362
S04210,59.527,20.15,0.79,74.48,59.712,21.24,0.0,64.52,23.29,8.23,59.6,0.185,0.284
S01714,70.662,25.0,0.0,71.39,70.905,16.59,8.7,65.35,22.8,3.67,76.62,0.243,0.239
S07043,54.715,18.64,5.07,75.92,55.084,21.21,0.0,65.77,20.92,4.62,66.06,0.369,0.217
S00742,57.586,14.99,0.0,77.61,57.778,19.16,0.38,69.21,25.01,14.46,63.05,0.192,0.43
S08027,59.306,21.94,0.0,52.74,59.397,23.1,0.0,74.81,29.77,0.0,66.51,0.091,0.348
S09042,56.344,23.2,0.0,66.34,56.561,23.43,4.41,65.97,23.47,2.43,81.32,0.217,0.327
S06957,48.724,18.1,0.0,67.09,49.065,24.38,0.0,69.28,25.62,4.71,81.1,0.341,0.421
S01557,58.163,17.29,0.0,56.77,58.289,23.25,0.0,68.01,23.35,7.26,73.98,0.126,0.322
S04883,60.025,25.51,17.13,66.2,60.435,16.92,0.57,71.11,20.32,0.0,75.8,0.41,0.201
S06946,56.919,24.91,0.0,66.63,57.235,20.5,3.17,71.49,22.95,1.2,79.97,0.316,0.346
S05999,69.173,19.62,0.0,70.34,69.381,25.71,0.0,53.76,23.34,0.0,69.02,0.208,0.217
S02604,81.022,15.92,0.0,65.16,81.054,22.26,21.71,66.83,23.94,1.67,77.73,0.032,0.052
S06064,70.086,24.85,1.04,89.48,70.341,25.71,9.76,63.38,22.56,4.64,69.39,0.255,0.158
S04753,53.599,21.37,6.11,70.51,54.374,22.29,0.0,74.92,24.42,0.0,63.44,0.775,0.281
S06398,53.597,25.31,5.52,69.83,54.067,24.54,0.0,77.81,23.82,2.41,55.0,0.47,0.172
S07891,51.965,24.99,8.3,84.06,52.528,23.33,2.4,73.18,18.41,6.2,54.21,0.563,0.231
S08777,54.915,25.71,0.0,70.82,55.232,22.62,0.0,57.23,21.93,3.04,70.12,0.317,0.307
S05067,67.386,25.2,0.0,74.15,67.641,22.38,0.0,80.1,17.45,2.49,68.72,0.255,0.144
S08574,61.54,25.69,9.98,76.47,61.962,18.89,4.52,73.93,23.19,33.37,60.24,0.422,0.541
S02193,62.161,25.01,0.45,66.15,62.322,19.18,0.0,76.26,24.72,5.33,66.98,0.161,0.32
S08733,63.777,27.65,8.31,68.21,64.051,24.57,1.46,62.18,23.02,0.0,65.09,0.274,0.188
S06487,67.895,17.93,0.0,59.25,68.049,18.97,4.48,58.83,20.32,3.67,84.4,0.154,0.064
S05017,55.304,17.48,0.0,62.48,55.407,26.78,0.0,74.23,25.84,2.0,63.0,0.103,0.289
S03382,62.778,25.64,0.68,78.11,63.164,25.29,0.0,84.55,24.24,0.0,78.3,0.386,0.274
S06256,55.354,24.42,3.73,79.74,55.695,25.87,6.3,71.39,17.78,2.68,67.43,0.341,0.171
S08953,67.533,24.42,0.0,77.39,67.69,25.59,0.0,73.04,26.46,14.59,69.26,0.157,0.408
S09545,70.242,19.81,0.0,68.7,70.474,21.9,0.0,77.17,22.01,0.97,73.88,0.232,0.167
S00916,52.884,25.7,0.0,77.51,53.232,22.48,14.05,64.29,25.78,0.0,64.08,0.348,0.319
S00638,49.549,22.14,0.0,56.56,49.873,25.1,0.02,74.57,20.62,0.0,81.31,0.324,0.307
S08363,44.045,18.58,0.0,63.8,44.36,23.95,3.28,74.57,22.56,0.0,75.35,0.315,0.313
S06566,60.329,23.84,0.0,74.8,60.542,22.22,0.0,69.53,23.74,0.0,67.92,0.213,0.155
S09072,54.973,27.57,7.68,73.88,55.469,29.46,0.26,85.2,22.76,1.98,76.99,0.496,0.34
S09886,73.248,25.4,0.0,73.63,73.352,23.62,0.0,53.67,28.29,18.25,74.66,0.104,0.411
S05952,74.99,21.91,0.0,68.27,75.165,24.53,1.48,68.5,20.51,14.28,74.73,0.175,0.266
S01272,68.607,19.98,1.33,62.53,68.785,19.47,4.28,73.15,24.32,0.5,65.79,0.178,0.14
S05034,64.843,22.05,0.0,69.63,64.964,18.86,6.6,78.73,26.96,5.43,74.01,0.121,0.29
S09374,55.041,26.08,0.0,68.73,55.233,24.18,8.38,71.85,22.2,7.88,69.34,0.192,0.351
S01540,61.995,28.5,0.0,72.79,62.346,23.6,0.0,77.71,20.62,3.03,75.19,0.351,0.179
S02909,61.927,19.79,1.32,73.23,62.05,21.74,0.0,65.82,22.61,2.64,68.73,0.123,0.15
S03082,44.252,27.52,0.0,68.7,44.6,20.45,0.0,65.24,23.61,0.58,60.69,0.348,0.323
S03407,67.574,24.16,5.35,73.73,67.874,23.62,0.0,80.41,24.96,0.0,53.68,0.3,0.116
S06797,68.685,19.6,0.0,53.57,68.819,23.05,0.0,69.92,26.56,0.31,64.75,0.134,0.247
S09286,57.606,24.57,0.0,73.68,57.92,25.49,0.0,65.01,22.98,0.0,78.44,0.314,0.23
S00803,63.422,22.18,0.0,91.33,63.694,25.65,0.0,78.93,23.5,2.53,68.26,0.272,0.203
S00901,58.568,26.67,0.0,88.79,58.88,29.25,0.0,81.21,19.32,0.0,72.88,0.312,0.24
S03303,49.458,27.15,0.0,68.67,49.755,17.09,0.0,50.27,24.14,0.44,79.99,0.297,0.34
S07477,54.779,20.26,0.0,66.82,55.082,24.86,0.0,75.77,24.54,3.51,75.75,0.303,0.282
S09361,52.233,20.94,0.0,64.77,52.477,19.91,0.0,75.57,23.39,0.0,68.59,0.244,0.291
S09697,66.932,24.33,8.44,85.26,67.449,22.3,0.0,73.72,23.63,1.35,67.49,0.517,0.221
S07060,67.32,26.78,4.15,62.93,67.535,22.11,0.0,85.96,20.97,9.48,76.31,0.215,0.223
S04869,63.288,23.66,0.0,67.24,63.43,24.13,18.28,73.34,24.18,0.0,65.69,0.142,0.26
S08587,69.617,29.43,0.0,76.78,69.84,23.64,0.0,77.36,24.2,15.82,65.61,0.223,0.374
S07519,65.815,26.14,0.0,70.0,66.119,16.38,0.0,74.62,24.2,15.02,83.66,0.304,0.45
S07014,60.516,26.76,0.0,72.73,60.801,21.58,0.0,81.59,19.97,0.0,65.37,0.285,0.132
S02742,60.829,25.83,0.0,77.76,61.147,21.68,0.0,72.47,21.04,9.47,69.03,0.318,0.225
S01925,62.328,21.99,18.31,70.25,62.765,24.75,0.0,88.23,24.29,0.19,63.94,0.437,0.183
S09747,59.217,27.57,0.0,60.32,59.54,21.39,0.0,75.76,26.51,7.46,74.14,0.323,0.379
S01661,57.675,17.29,0.0,68.35,57.735,16.74,0.0,73.81,20.45,13.51,65.25,0.06,0.155
S07599,55.317,20.9,4.1,73.61,55.728,23.46,0.0,78.62,21.68,1.4,66.39,0.411,0.158
S04380,85.351,16.78,0.0,55.88,85.367,20.0,0.0,79.58,20.52,0.0,64.92,0.016,0.047
S07693,59.496,24.42,0.0,76.06,59.83,18.56,0.0,58.48,22.87,10.76,77.66,0.334,0.387
S01291,77.196,18.48,0.0,79.37,77.617,23.4,0.0,71.74,25.17,8.84,72.72,0.421,0.257
S03345,47.234,29.55,0.0,70.33,47.693,18.6,0.0,76.39,20.32,3.5,68.87,0.459,0.3
S01885,77.228,24.47,2.71,61.63,77.265,19.95,0.0,68.06,24.42,0.0,45.47,0.037,0.041
S00572,64.46,16.78,0.0,63.66,64.55,26.85,0.0,76.95,25.45,14.1,70.25,0.09,0.424
S09265,54.07,23.87,0.0,46.01,54.278,26.59,0.0,66.29,18.2,30.58,78.7,0.208,0.452
S02176,75.652,22.27,0.0,75.89,75.826,16.08,0.0,66.37,19.87,5.34,78.97,0.174,0.134
S09182,44.185,26.09,0.0,55.9,44.514,20.17,7.41,69.13,27.46,3.09,71.81,0.329,0.384
S05926,63.335,18.65,0.0,78.41,63.487,15.76,8.75,67.93,26.09,11.46,82.04,0.152,0.447
S02229,60.1,25.06,0.0,73.6,60.334,26.16,0.0,88.36,23.03,3.53,78.67,0.234,0.217
S02455,50.601,22.9,0.0,76.98,51.013,26.56,23.85,79.85,23.55,7.52,73.14,0.412,0.419
S09753,70.47,19.27,0.0,67.61,70.611,23.94,0.0,68.89,24.66,0.96,76.73,0.141,0.234
S04994,66.798,26.81,0.0,61.77,66.973,27.89,23.1,70.53,16.33,8.66,75.52,0.175,0.162
S05173,61.95,25.37,6.72,56.21,62.256,17.61,0.0,62.37,27.71,0.14,73.66,0.306,0.242
S05239,53.553,23.91,0.0,81.52,53.849,22.92,0.0,63.58,30.19,3.79,71.67,0.296,0.323
S01021,60.727,22.17,0.0,72.98,60.894,25.92,0.0,56.52,21.98,0.0,62.2,0.167,0.179
S03054,55.106,22.4,0.0,81.75,55.405,23.4,0.0,60.67,22.04,1.48,73.28,0.299,0.232
S01179,53.472,30.31,0.0,75.38,53.824,24.26,2.19,59.46,26.78,19.29,77.94,0.352,0.605
S04778,64.756,17.47,5.07,59.32,64.93,21.81,0.0,65.59,23.95,0.0,71.14,0.174,0.257
S04102,68.354,24.68,3.18,70.34,68.555,23.27,0.0,63.82,25.37,0.0,74.28,0.201,0.263
S00233,78.147,14.87,0.0,55.48,78.201,22.49,16.87,60.11,17.26,25.95,54.64,0.054,0.148
S06734,61.103,27.31,0.0,68.21,61.487,20.11,0.0,60.33,23.06,0.0,77.37,0.384,0.285
S07879,57.426,26.81,1.11,67.12,57.727,28.27,0.0,69.73,22.86,0.0,78.27,0.301,0.216
S06450,64.596,24.32,1.08,67.61,64.727,22.94,9.78,63.61,22.09,0.0,67.85,0.131,0.225
S00348,73.277,24.85,16.85,66.93,73.795,19.78,0.0,84.32,21.96,7.63,64.2,0.518,0.235
S00311,76.625,21.77,9.41,82.0,76.82,25.09,0.0,75.52,20.84,5.88,71.06,0.195,0.104
S08492,61.427,20.76,0.0,67.07,61.581,22.0,0.0,76.13,20.05,3.85,66.52,0.154,0.207
S00393,70.724,28.15,0.0,57.94,70.855,21.56,0.0,73.37,23.35,0.0,69.72,0.131,0.102
S00778,59.351,21.95,4.47,77.3,59.764,24.51,0.0,66.21,21.56,1.65,60.23,0.413,0.103
S02412,74.683,23.62,0.0,69.56,74.849,24.11,1.82,81.09,20.71,8.95,66.59,0.166,0.15
S01942,62.553,22.56,0.82,78.82,62.758,28.38,21.36,69.34,17.14,0.0,60.37,0.205,0.147
S07544,49.963,23.03,0.0,52.28,50.19,21.75,0.0,74.54,24.45,8.79,75.92,0.227,0.432
S07074,51.985,19.46,0.0,63.29,52.26,28.44,0.0,70.81,24.86,10.29,80.57,0.275,0.526
S04439,71.745,27.96,0.0,68.38,71.91,24.41,0.0,68.22,21.3,0.0,75.89,0.165,0.105
S06658,57.88,23.06,0.0,72.69,58.155,25.29,0.0,67.78,25.89,0.0,80.57,0.275,0.363
S08600,79.08,21.56,0.0,57.13,79.354,21.89,19.82,91.85,30.36,2.46,83.09,0.274,0.26
S02590,56.739,19.2,0.0,65.65,56.861,17.29,6.36,66.85,23.18,6.15,56.25,0.122,0.226
S07117,55.41,21.45,0.0,58.81,55.662,22.3,0.0,74.28,19.92,3.18,64.21,0.252,0.235
S00308,76.401,26.64,3.35,73.08,76.756,26.98,0.0,82.6,24.36,6.32,79.95,0.355,0.238
S06454,59.392,27.04,0.0,81.83,59.615,24.23,0.0,66.83,22.47,0.0,66.79,0.223,0.201
S04042,57.123,22.73,33.95,77.32,57.699,26.15,35.0,78.39,23.56,0.0,73.11,0.576,0.222
S06666,68.02,23.39,0.0,71.65,68.32,25.94,0.0,77.8,23.69,0.0,71.28,0.3,0.151
S03329,56.06,16.95,0.0,56.35,56.245,21.65,0.0,64.2,21.58,0.0,61.02,0.185,0.147
S08349,66.137,22.61,0.0,68.15,66.24,21.01,0.0,72.22,24.86,0.0,66.76,0.103,0.274
S01741,61.067,20.52,0.0,54.42,61.256,23.79,14.51,81.03,15.6,4.4,66.74,0.189,0.058
S07019,62.7,23.75,0.0,80.92,62.973,26.52,11.62,60.87,21.36,0.0,59.33,0.273,0.18
S07217,61.359,15.85,0.0,60.74,61.618,19.79,0.0,61.51,23.19,5.03,64.49,0.259,0.281
S04215,65.009,21.66,19.21,70.29,65.382,25.53,0.0,65.91,18.57,0.0,75.95,0.373,0.24
S09487,51.076,24.52,0.0,75.49,51.445,19.62,0.0,65.51,20.6,20.99,71.48,0.369,0.49
S04700,70.688,24.3,3.23,72.95,70.882,26.33,0.0,57.66,22.67,0.0,68.57,0.194,0.14
S08061,82.79,22.35,0.0,74.4,82.851,24.04,13.75,58.93,23.25,0.71,72.64,0.061,0.197
S07419,60.951,25.07,0.21,67.56,61.182,27.36,0.68,66.19,23.69,0.0,70.29,0.231,0.174
S01275,59.706,22.65,0.0,80.4,59.972,30.32,3.57,54.15,24.8,2.76,66.13,0.266,0.243
S07978,67.13,15.98,0.0,65.23,67.216,19.57,0.0,54.14,18.15,0.0,73.03,0.086,0.075
S04394,57.586,16.26,0.0,72.17,57.748,27.63,0.0,70.45,26.04,2.78,73.28,0.162,0.344
S02220,71.109,28.46,18.38,76.66,71.606,20.18,0.0,74.76,21.55,9.75,75.21,0.497,0.321
S03909,61.409,18.75,0.0,72.66,61.581,24.02,8.91,69.96,23.34,0.0,64.15,0.172,0.126
S01671,65.961,24.33,0.0,58.83,66.041,28.8,0.42,72.05,20.6,5.8,84.72,0.08,0.271
S01409,67.549,23.65,0.0,69.17,67.788,23.97,3.6,61.04,18.4,4.35,68.36,0.239,0.087
S06458,59.246,19.58,0.0,72.0,59.538,17.03,0.0,79.79,24.68,10.29,66.49,0.292,0.281
S08709,71.726,17.92,0.0,54.88,71.742,16.24,4.17,81.48,26.1,0.49,76.47,0.016,0.209
S04566,51.727,25.69,0.0,71.7,52.174,26.75,0.0,74.43,21.38,1.42,67.28,0.447,0.257
S04666,59.945,27.31,13.98,68.27,60.516,12.17,0.0,70.99,21.83,15.38,65.17,0.571,0.334
S05798,60.293,19.55,0.0,62.86,60.513,26.15,0.0,87.45,22.41,12.25,84.74,0.22,0.394
S05955,67.398,17.88,0.0,66.9,67.53,25.68,0.0,77.46,26.24,0.0,77.35,0.132,0.318
S02246,66.039,19.09,0.0,67.19,66.165,24.58,0.0,66.2,23.16,0.0,77.48,0.126,0.299
S04907,67.837,18.73,0.0,75.47,68.039,24.04,0.0,77.48,26.42,28.52,75.83,0.202,0.585
S06408,54.643,19.5,0.0,62.32,54.857,22.63,0.0,59.05,24.01,36.46,76.51,0.214,0.718
S00738,61.292,18.64,0.0,53.36,61.376,25.63,0.0,65.53,20.52,1.06,67.95,0.084,0.316
S08703,60.35,24.18,0.0,60.24,60.56,22.71,0.0,53.42,21.42,0.19,65.86,0.21,0.224
S01966,54.85,21.53,0.0,85.75,55.117,22.95,0.0,44.63,14.07,13.35,66.89,0.267,0.191
S02701,48.702,22.31,0.0,70.84,49.042,20.19,0.0,67.68,24.86,0.0,76.79,0.34,0.33
S06275,67.902,24.46,10.33,69.62,68.216,16.55,4.16,82.62,25.32,3.78,58.38,0.314,0.17
S08988,67.045,23.25,0.79,68.9,67.301,24.38,13.93,72.35,20.03,0.0,76.91,0.256,0.167
S03169,55.197,22.07,0.0,69.65,55.346,26.38,0.0,62.86,23.49,14.72,74.53,0.149,0.446
S09574,54.595,29.21,0.0,72.23,54.88,23.21,0.0,72.13,24.06,29.66,57.35,0.285,0.616
S04030,54.169,29.24,1.77,85.35,54.579,19.06,0.0,62.91,23.71,2.93,71.17,0.41,0.319
S07895,57.049,21.28,0.0,57.5,57.273,17.93,0.0,73.21,21.94,4.42,61.72,0.224,0.148
S01560,76.43,26.15,0.0,68.92,76.497,25.56,0.0,81.92,27.72,0.0,68.8,0.067,0.159
S03908,70.727,24.32,0.0,85.06,71.111,25.64,26.71,70.54,20.77,1.14,74.15,0.384,0.117
S03977,63.995,23.55,0.0,77.6,64.172,25.81,9.29,69.8,22.38,8.75,84.41,0.177,0.246
S03210,68.496,20.39,0.0,55.19,68.788,20.28,0.0,73.58,25.62,2.2,82.76,0.292,0.179
S07203,78.604,22.75,0.0,71.71,78.691,16.84,0.0,68.35,21.15,0.0,72.02,0.087,0.118
S01346,57.92,25.18,19.04,85.77,58.432,18.05,1.91,62.59,25.96,2.32,72.4,0.512,0.271
S09751,54.076,23.29,3.01,62.6,54.357,20.53,21.44,84.76,23.97,1.52,66.11,0.281,0.227
S02265,54.879,25.69,0.0,65.35,55.144,18.12,2.57,72.32,23.6,2.49,80.2,0.265,0.318
S04178,69.487,23.94,10.71,71.47,69.882,21.71,0.0,74.16,26.15,0.0,66.25,0.395,0.213
S06481,66.254,18.77,0.0,64.0,66.392,23.85,0.0,79.03,23.55,15.89,85.67,0.138,0.379
S03062,60.924,26.59,0.0,82.96,61.14,23.4,0.0,78.83,32.8,9.41,70.63,0.216,0.416
S07288,62.548,22.84,0.0,64.69,62.774,22.11,0.0,88.73,19.44,1.6,74.97,0.226,0.11
S07072,57.891,20.32,0.0,62.42,58.052,21.55,4.74,72.45,24.44,0.24,53.78,0.161,0.212
S07259,58.714,24.24,4.29,73.91,58.937,22.99,0.0,81.24,25.25,3.12,78.57,0.223,0.284
S04097,62.689,20.37,0.0,66.08,62.924,24.37,0.0,57.04,25.3,1.38,79.72,0.235,0.324
S07980,65.693,25.54,0.0,62.61,65.758,23.66,9.3,76.99,20.23,0.0,72.81,0.065,0.207
S06127,62.257,23.64,21.25,92.42,62.789,23.82,0.5,62.51,25.48,4.12,61.3,0.532,0.285
S05737,68.562,20.36,0.0,69.18,68.792,23.55,4.12,69.96,23.69,0.0,56.87,0.23,0.212
S07512,63.471,18.47,0.24,85.79,63.731,23.34,0.0,60.3,22.95,14.41,58.69,0.26,0.277
S01802,71.683,26.01,0.0,61.91,71.741,21.87,0.0,70.12,21.87,4.78,76.26,0.058,0.311
S07303,57.45,18.7,0.0,76.63,57.626,23.75,2.66,68.98,19.67,2.62,77.32,0.176,0.203
S04920,48.266,21.22,0.0,67.38,48.46,18.54,0.0,79.3,21.02,0.0,70.8,0.194,0.269
S07425,48.724,25.34,0.0,80.5,49.116,20.94,0.0,80.66,25.75,15.16,85.13,0.392,0.573
S08125,71.162,20.51,0.0,60.21,71.245,29.6,0.0,61.07,21.51,20.58,63.62,0.083,0.228
S09064,70.591,27.64,0.0,59.3,70.723,24.05,0.16,64.19,22.3,0.03,63.19,0.132,0.11
S07915,62.379,16.25,2.58,68.37,62.69,18.22,0.0,43.81,15.63,0.09,77.72,0.311,0.107
S06128,75.166,25.63,0.0,77.25,75.41,24.29,0.0,65.22,25.28,0.0,64.59,0.244,0.183
S07889,63.183,28.49,0.0,69.69,63.416,22.52,0.0,80.02,18.76,0.0,72.92,0.233,0.154
S09029,59.979,24.67,10.27,75.4,60.316,24.32,0.0,68.99,23.27,3.39,62.9,0.337,0.188
S05583,81.147,24.44,0.0,79.7,81.266,23.07,0.0,63.79,22.91,0.65,66.79,0.119,0.064
S00525,66.343,23.62,3.93,70.43,66.472,20.65,0.0,68.08,20.8,2.55,70.27,0.129,0.177
S07448,63.336,22.6,0.0,87.27,63.494,21.97,0.0,69.86,25.34,3.51,63.44,0.158,0.322
S04996,72.429,24.61,0.0,75.03,72.66,24.93,0.0,76.56,26.74,17.27,74.68,0.231,0.453
S07488,62.924,18.86,0.0,70.33,63.035,23.64,0.0,81.81,21.08,0.0,64.15,0.111,0.12
S01903,73.232,24.24,9.82,74.73,73.53,17.65,0.0,62.91,24.22,22.9,79.02,0.298,0.405
S05394,61.391,25.09,0.0,66.95,61.541,17.41,1.62,71.94,20.87,1.0,76.26,0.15,0.213
S03343,80.358,25.34,0.0,51.47,80.368,21.53,4.45,72.99,18.68,0.41,80.06,0.01,0.107
S05078,55.619,26.65,0.0,79.14,56.131,22.3,0.0,66.18,25.39,4.21,68.96,0.512,0.312
S09070,64.607,22.35,0.46,67.32,64.864,27.13,0.0,69.93,24.18,31.55,79.83,0.257,0.52
S07329,70.155,24.76,0.0,72.09,70.319,22.68,0.0,74.64,17.81,0.0,65.42,0.164,0.076
S03395,64.184,27.78,0.0,77.96,64.489,23.4,0.0,74.78,27.55,0.0,76.9,0.305,0.292
S04449,61.009,21.5,1.44,61.67,61.203,17.23,0.0,65.65,26.11,27.39,70.5,0.194,0.479
S06483,67.187,16.66,1.17,65.95,67.376,17.26,0.0,71.88,24.91,4.05,69.29,0.189,0.293
S06601,57.891,21.27,0.0,69.95,58.114,22.3,0.0,67.51,19.96,3.53,61.09,0.223,0.233
S02841,67.04,22.14,0.0,65.73,67.158,19.25,0.0,68.05,24.03,0.0,80.12,0.118,0.213
S02628,50.722,24.72,0.0,78.96,51.068,27.52,0.0,76.15,20.56,2.16,71.02,0.346,0.25
S07804,59.125,22.66,0.0,78.26,59.414,28.92,0.0,61.99,22.21,3.8,66.92,0.289,0.227
S04811,69.67,20.9,0.0,65.96,69.865,24.6,0.0,56.53,21.27,7.36,57.87,0.195,0.1
S03751,75.106,12.0,0.0,52.18,75.163,19.75,0.0,73.57,23.91,6.43,71.73,0.057,0.209
S01702,55.68,18.18,0.0,72.05,55.888,17.17,0.0,70.59,22.19,2.99,77.17,0.208,0.263
S01933,55.594,17.02,0.0,65.67,55.795,20.09,0.0,77.6,17.52,1.45,67.57,0.201,0.179
S05578,61.436,26.14,1.21,71.1,61.682,21.9,0.0,66.38,19.73,0.45,75.22,0.246,0.202
S04634,45.827,16.53,0.0,64.77,46.02,25.02,0.0,87.44,19.48,6.31,75.31,0.193,0.328
S00517,73.706,20.14,0.0,60.71,73.816,23.57,0.0,60.79,19.2,13.88,72.09,0.11,0.263
S08129,63.929,24.92,9.94,78.37,64.211,23.34,0.0,75.25,25.91,20.31,81.37,0.282,0.526
S09385,67.795,21.88,0.0,65.74,67.969,22.66,0.0,63.96,26.17,14.16,73.75,0.174,0.329
S04150,55.427,24.22,0.0,61.71,55.761,24.09,5.47,86.6,21.38,0.0,74.41,0.334,0.269
S04220,68.675,25.53,0.0,80.78,68.98,21.37,0.0,63.18,21.86,6.34,71.24,0.305,0.209
S05157,57.265,23.59,0.0,78.67,57.628,21.05,0.0,67.26,14.89,1.24,70.49,0.363,0.086
S06356,61.293,27.33,7.25,72.59,61.528,26.57,0.0,68.64,21.48,0.0,72.53,0.235,0.226
S07566,65.123,26.72,0.0,83.48,65.339,24.56,0.0,69.28,22.31,0.41,66.51,0.216,0.213
S03046,58.131,25.46,0.0,87.31,58.514,22.49,0.0,69.04,21.82,1.66,81.06,0.383,0.305
S06777,57.427,31.31,9.46,69.72,57.85,23.05,0.0,70.7,25.24,2.4,68.33,0.423,0.293
S06681,58.14,21.88,0.0,78.73,58.34,19.41,16.63,65.94,22.86,8.84,66.45,0.2,0.228
S09146,59.727,21.57,0.0,74.68,60.106,24.21,6.38,68.8,21.34,2.51,72.03,0.379,0.251
S05409,65.867,22.8,0.0,66.34,66.107,23.22,0.0,79.6,24.81,0.0,71.78,0.24,0.253
S06513,47.971,22.81,0.54,61.91,48.317,23.52,0.0,76.78,24.19,2.34,70.97,0.346,0.313
S02686,61.062,24.67,0.0,75.33,61.396,17.71,0.0,75.89,16.84,0.0,73.11,0.334,0.123
S00322,72.018,25.05,0.0,71.11,72.114,24.91,0.0,79.03,20.0,2.19,76.61,0.096,0.164
S01304,64.364,19.96,0.0,75.2,64.463,24.55,5.7,60.21,23.18,0.42,68.42,0.099,0.217
S09142,59.563,28.91,0.0,76.55,59.923,23.35,0.0,73.66,23.94,0.0,65.55,0.36,0.167
S08749,58.43,23.7,9.84,81.72,58.789,25.74,3.82,62.41,19.22,0.0,53.02,0.359,0.095
S09858,71.138,23.52,0.0,63.86,71.393,23.54,0.0,74.68,26.27,0.0,70.77,0.255,0.226
S01073,57.048,26.62,35.0,72.37,57.82,15.13,0.0,55.59,22.17,1.21,71.19,0.772,0.26
S05284,67.953,28.41,0.0,78.04,68.196,27.25,0.0,73.74,19.04,7.63,82.66,0.243,0.221
S02012,47.187,25.49,0.0,84.23,47.532,16.09,0.0,66.65,24.17,0.78,66.14,0.345,0.296
S01245,66.682,23.65,0.0,80.63,66.895,19.92,0.0,77.81,26.52,0.0,76.71,0.213,0.282
S06746,52.233,18.61,0.0,45.76,52.425,23.3,0.0,67.59,22.46,0.0,70.49,0.192,0.331
S09537,65.992,25.12,8.42,74.75,66.251,24.41,0.0,78.06,19.3,3.57,77.43,0.259,0.173
S01308,42.736,24.44,0.0,77.23,43.204,26.43,10.01,83.31,23.1,1.5,78.34,0.468,0.423
S04425,75.388,25.36,2.49,78.26,75.632,20.32,1.24,74.68,22.34,0.0,78.1,0.244,0.184
S08727,56.699,27.3,7.83,83.07,57.05,27.74,0.0,61.45,22.05,8.55,60.33,0.351,0.326
S02476,69.441,18.93,0.0,71.23,69.617,24.7,0.0,73.64,24.22,0.14,71.22,0.176,0.222
S00418,81.202,27.95,0.0,74.29,81.38,17.72,0.0,68.54,19.62,0.0,75.65,0.178,0.059
S08435,47.615,26.57,0.0,67.49,48.036,26.61,0.0,74.25,21.6,12.91,70.11,0.421,0.412
S08312,60.813,21.56,0.0,58.3,61.059,26.41,0.0,68.63,23.99,19.43,65.64,0.246,0.4
S04216,64.161,23.39,8.39,68.65,64.444,28.33,11.16,64.85,22.84,0.0,55.04,0.283,0.147
S04537,83.741,25.44,0.0,59.82,83.855,17.92,0.0,54.6,23.79,11.76,60.88,0.114,0.134
S05209,62.896,23.62,0.0,68.22,63.144,25.94,0.0,69.46,24.8,4.91,71.57,0.248,0.257
S00940,47.865,23.73,0.0,64.63,48.169,28.5,0.0,62.35,23.06,0.63,64.42,0.304,0.303
S07398,58.083,19.88,0.0,72.47,58.399,20.95,0.0,68.5,22.67,9.37,72.33,0.316,0.398
S00549,51.913,22.74,0.0,58.12,52.145,24.05,0.99,66.54,17.31,27.53,72.66,0.232,0.443
S04521,64.4,24.34,1.08,66.15,64.554,19.42,0.0,75.81,28.28,0.29,71.17,0.154,0.26
S00033,72.458,24.41,0.0,72.46,72.555,23.57,0.0,63.11,21.91,0.08,69.68,0.097,0.14
S00966,55.721,26.32,4.7,63.66,56.037,18.69,8.5,86.14,26.49,6.27,72.69,0.316,0.497
S05163,73.954,26.07,13.46,78.18,74.314,23.35,0.0,69.98,20.82,5.7,49.17,0.36,0.043
S05977,47.591,15.38,0.0,75.71,47.885,20.03,0.0,66.36,19.94,3.73,65.29,0.294,0.216
S05391,59.021,21.42,0.0,55.57,59.214,27.94,0.0,82.08,21.38,1.68,63.16,0.193,0.198
S02103,56.717,17.61,0.0,65.59,56.878,22.77,0.0,77.52,21.12,0.0,65.76,0.161,0.215
S04426,65.923,20.81,0.0,65.57,66.224,24.69,0.0,64.36,21.38,15.88,61.13,0.301,0.262
S04840,49.979,22.11,0.0,92.89,50.343,24.8,0.0,74.78,21.49,0.0,72.54,0.364,0.19
S03056,55.76,26.16,2.62,75.78,56.103,23.46,0.0,84.65,24.9,0.0,63.36,0.343,0.274
S06687,57.324,22.06,0.0,79.61,58.013,21.94,0.0,88.5,18.85,5.38,67.22,0.689,0.253
S07791,59.701,26.83,5.13,72.62,60.09,24.86,18.13,61.53,19.12,1.25,61.35,0.389,0.134
S04643,62.673,25.5,0.0,85.97,63.293,16.64,0.0,67.1,23.4,22.68,77.78,0.62,0.477
S07914,56.988,26.31,1.67,68.41,57.483,26.57,8.99,76.8,21.35,2.92,76.32,0.495,0.203
S05170,52.259,22.98,0.0,70.7,52.569,17.04,0.0,66.0,22.03,0.0,75.74,0.31,0.356
S02259,62.877,16.82,0.0,73.34,63.119,19.49,7.15,80.29,16.83,0.0,62.95,0.242,0.085
S01807,56.863,24.52,35.0,75.68,57.494,22.33,0.0,59.22,25.26,4.2,64.92,0.631,0.403
S07428,56.46,24.32,6.49,56.23,56.803,25.93,0.0,78.99,25.44,0.0,65.75,0.343,0.285
S04806,69.35,20.16,0.0,75.84,69.536,17.01,0.0,71.26,20.1,0.0,70.49,0.186,0.131
S09035,68.819,16.89,0.0,62.1,68.966,21.68,9.78,59.51,25.71,0.7,65.49,0.147,0.205
S09519,65.023,17.33,0.57,67.22,65.133,25.81,5.19,71.9,22.83,0.19,69.84,0.11,0.133
S05510,65.817,25.44,6.52,78.97,66.134,19.1,1.82,71.64,21.35,0.0,84.01,0.317,0.222
S05234,61.94,20.29,0.0,68.25,62.104,28.42,0.0,66.42,21.0,2.8,72.39,0.164,0.191
S07216,60.758,21.51,0.49,93.21,60.993,24.88,0.0,74.84,26.95,16.04,80.86,0.235,0.51
S00554,61.079,25.14,0.0,70.87,61.276,25.61,2.55,68.09,23.87,0.0,76.81,0.197,0.201
S04133,77.575,30.18,0.0,68.39,77.83,22.0,0.0,58.11,25.06,0.27,70.99,0.255,0.174
S03953,62.145,18.59,0.0,55.73,62.31,24.54,13.58,65.66,24.06,3.2,51.18,0.165,0.15
S09200,61.28,23.03,0.0,73.22,61.479,22.57,0.0,51.9,22.73,12.59,72.68,0.199,0.417
S06778,58.183,23.44,0.0,82.79,58.436,19.69,0.0,61.88,22.74,6.11,85.41,0.253,0.454
S03817,52.599,19.29,0.0,64.03,52.754,18.63,0.0,54.42,24.6,0.63,76.51,0.155,0.267
S05600,59.922,24.76,0.0,79.67,60.265,24.22,4.15,72.17,23.4,32.74,91.91,0.343,0.636
S03793,45.81,23.72,0.0,84.77,46.192,16.97,0.0,59.27,22.74,0.66,66.69,0.382,0.341
S03149,47.825,25.23,1.14,68.88,48.553,24.94,0.69,77.76,18.92,0.74,67.32,0.728,0.232
S08589,54.333,21.22,0.0,59.27,54.547,21.87,5.67,56.39,20.19,4.92,58.87,0.214,0.27
S09053,72.82,28.13,0.0,79.75,72.942,21.93,0.0,62.9,22.66,0.0,67.8,0.122,0.226
S01175,65.431,14.78,0.0,58.42,65.605,23.79,0.0,63.4,22.35,8.78,70.8,0.174,0.298
S01043,56.904,25.5,0.0,59.6,57.137,20.71,4.79,67.93,19.34,2.19,71.97,0.233,0.274
S08100,57.238,24.41,0.0,77.93,57.909,25.94,0.0,62.7,28.62,2.35,69.34,0.671,0.362
S08023,64.682,22.72,0.0,50.87,64.798,24.53,0.0,54.17,20.6,1.58,73.56,0.116,0.183
S09162,62.61,28.35,3.18,75.54,62.877,22.47,5.86,69.93,20.35,0.0,60.89,0.267,0.129
S07892,65.409,17.71,0.0,72.09,65.626,25.08,0.0,80.7,20.95,0.0,64.79,0.217,0.113
S08339,74.658,15.95,0.0,79.48,74.668,22.04,0.0,66.82,25.97,9.59,72.62,0.01,0.318
S05825,71.009,25.18,1.39,84.34,71.402,22.05,0.0,70.49,18.01,4.11,60.57,0.393,0.037
S08255,66.824,22.28,0.0,80.05,67.042,28.41,3.83,67.52,22.78,0.0,75.36,0.218,0.218
S05237,75.227,18.99,0.0,48.9,75.237,20.99,8.79,81.14,21.44,1.6,67.98,0.01,0.058
S08307,70.501,28.23,0.0,72.21,70.721,24.8,0.0,57.7,21.0,2.46,68.38,0.22,0.106
S04513,67.672,25.52,0.0,75.75,67.863,25.34,0.0,63.24,19.71,14.24,60.32,0.191,0.233
S01464,71.753,18.1,0.0,52.78,71.89,23.69,0.0,80.23,18.57,0.0,69.76,0.137,0.114
S07825,70.082,19.99,16.7,60.21,70.21,20.75,0.0,69.64,23.86,1.64,73.83,0.128,0.263
S04572,64.909,24.57,0.0,65.92,65.093,16.37,0.0,55.9,21.54,1.86,69.37,0.184,0.138
S07113,81.385,26.31,3.15,63.39,81.537,19.61,0.0,62.36,20.02,1.84,53.29,0.152,0.055
S00209,61.552,19.23,0.0,61.25,61.805,19.21,0.0,68.22,23.2,11.08,55.67,0.253,0.342
S05301,62.611,23.94,0.0,70.76,62.881,24.49,0.0,75.55,23.85,5.34,73.38,0.27,0.373
S00534,68.563,25.42,0.0,85.37,68.79,14.49,0.0,62.29,25.1,3.03,65.89,0.227,0.187
S05464,53.12,25.83,0.0,64.51,53.415,14.96,0.0,60.29,19.79,1.41,69.61,0.295,0.202
S09844,78.116,28.64,0.0,77.65,78.266,15.42,0.0,53.18,21.68,1.09,76.46,0.15,0.151
S02632,53.648,27.43,0.0,68.68,53.972,24.82,0.68,75.36,23.63,5.64,68.52,0.324,0.346
S02139,73.344,21.92,19.12,71.2,73.846,23.73,0.0,77.89,19.98,5.69,66.99,0.502,0.079
S07793,57.334,27.04,14.97,67.45,57.841,25.11,0.0,62.5,22.99,0.0,76.73,0.507,0.244
S09710,62.301,21.72,0.0,71.37,62.532,17.84,0.0,67.94,24.21,1.05,70.07,0.231,0.267
S05693,74.182,16.66,0.0,56.06,74.192,23.77,0.0,59.18,27.56,6.57,60.17,0.01,0.193
S03363,79.486,22.6,2.34,82.93,79.665,27.7,0.0,82.61,24.51,0.0,65.3,0.179,0.174
S07061,61.941,23.89,0.0,64.59,62.43,24.19,1.76,62.55,23.5,5.88,74.99,0.489,0.337
S08315,59.425,24.82,2.42,55.47,59.679,22.15,0.0,79.05,19.1,3.0,53.86,0.254,0.165
S08013,68.909,19.42,0.0,56.49,69.013,19.05,0.0,62.01,21.37,5.87,64.35,0.104,0.199
S08413,64.834,24.98,4.26,76.96,65.097,18.28,6.47,65.36,21.79,1.51,79.13,0.263,0.189
S08847,52.857,27.12,0.0,72.73,53.259,24.72,2.39,69.86,19.74,0.07,56.91,0.402,0.2
S07127,43.798,28.19,2.82,75.02,44.206,21.91,0.0,81.09,23.07,0.0,67.41,0.408,0.363
S03452,51.209,20.2,0.0,67.74,51.551,24.45,0.0,67.49,24.14,26.54,75.88,0.342,0.552
S05593,61.355,25.88,0.0,86.93,61.645,23.15,0.0,74.87,22.75,33.58,62.14,0.29,0.59
S02916,72.116,17.83,0.0,67.76,72.22,22.14,0.0,85.01,22.46,9.35,76.01,0.104,0.245
S05041,75.16,22.71,0.0,72.53,75.352,24.24,0.0,74.14,25.23,27.69,78.92,0.192,0.542
S06125,71.37,20.6,0.0,44.95,71.435,17.92,0.0,59.63,24.24,3.76,73.15,0.065,0.159
S02676,71.891,26.3,0.0,71.62,72.076,22.08,0.0,67.07,23.37,8.44,77.68,0.185,0.279
S02682,74.272,27.94,0.0,65.39,74.328,23.31,3.32,68.75,22.66,2.91,63.35,0.056,0.148
S04949,67.323,26.6,5.97,72.69,67.758,20.46,0.0,58.36,23.67,0.0,75.23,0.435,0.155
S03211,50.799,24.26,0.0,71.97,51.122,18.15,0.0,59.71,23.71,1.45,84.42,0.323,0.318
S08512,50.462,30.12,6.24,77.82,51.14,23.25,0.0,59.37,19.9,12.32,62.81,0.678,0.31
S08511,67.028,30.05,1.18,67.04,67.274,25.77,0.0,82.7,18.32,1.73,62.08,0.246,0.08
S07725,61.086,22.45,0.0,65.08,61.252,23.59,0.0,60.98,27.32,45.0,76.74,0.166,0.769
S09161,63.266,27.99,35.0,56.85,63.851,22.51,0.0,70.16,24.2,12.7,73.67,0.585,0.411
S00706,53.416,27.64,5.96,69.75,53.95,26.06,22.29,73.74,19.72,0.0,66.5,0.534,0.247
S05253,64.902,16.19,1.35,64.14,65.001,12.9,0.0,77.21,19.12,0.0,59.92,0.099,0.086
S02565,67.589,16.43,0.0,66.04,67.693,16.46,0.0,60.08,21.59,10.56,58.39,0.104,0.165
S02225,58.558,16.62,0.0,67.08,58.774,23.66,0.0,48.61,25.57,0.0,74.39,0.216,0.344
S07764,69.915,18.26,0.0,69.59,70.065,28.8,0.0,60.8,20.56,2.33,84.59,0.15,0.241
S09607,59.025,22.73,0.0,59.94,59.403,17.1,0.0,82.09,26.07,0.0,72.08,0.378,0.33
S05804,44.406,21.71,0.0,75.07,44.986,13.37,0.0,77.16,21.0,25.4,81.99,0.58,0.693
S08785,49.157,16.65,0.0,60.47,49.365,17.98,0.0,63.73,27.64,2.97,80.07,0.208,0.529
S04085,64.601,23.32,0.0,79.49,64.951,24.51,0.0,63.75,23.35,0.0,67.78,0.35,0.193
S08707,56.089,19.85,0.0,70.96,56.368,21.61,0.0,73.76,23.04,2.87,61.72,0.279,0.237
S01472,57.597,21.11,0.0,58.37,57.837,22.36,0.0,68.81,20.12,37.75,58.28,0.24,0.48
S09556,40.0,21.42,0.0,80.95,40.524,24.07,6.64,74.04,19.07,2.65,56.05,0.524,0.216
S08388,64.077,16.4,0.0,61.23,64.173,22.88,2.36,71.36,22.96,3.9,66.69,0.096,0.23
S09489,51.283,23.55,1.19,84.62,51.763,19.11,0.0,74.62,24.3,15.76,64.14,0.48,0.431
S08621,48.192,14.55,0.0,60.02,48.442,25.32,1.4,88.34,23.54,4.44,66.69,0.25,0.452
S07401,58.566,14.59,0.0,69.13,58.786,24.76,0.0,70.19,16.36,0.0,80.8,0.22,0.114
S06351,64.918,26.89,6.17,73.04,65.408,22.51,0.0,68.54,24.55,3.6,76.94,0.49,0.193
S02745,65.748,26.28,0.0,78.99,65.883,25.84,0.0,76.21,20.7,0.0,59.45,0.135,0.13
S09168,77.944,24.86,0.0,92.6,78.216,13.28,0.0,49.04,22.53,9.57,74.34,0.272,0.137
S08358,68.076,20.08,0.81,83.71,68.171,25.26,0.0,78.74,27.51,2.08,81.11,0.095,0.346
S01146,78.59,23.94,0.0,77.3,78.691,24.17,0.0,65.36,21.15,0.0,76.02,0.101,0.152
S03477,59.263,23.35,0.0,76.65,59.599,19.14,0.41,69.39,25.61,0.34,68.15,0.336,0.268
S08896,63.37,24.69,8.86,74.74,63.749,22.92,0.0,84.03,23.08,0.0,68.44,0.379,0.133
S09445,66.608,24.38,4.93,77.64,66.937,28.87,0.0,64.28,26.67,2.4,62.19,0.329,0.312
S09342,51.631,21.66,0.0,78.6,51.934,28.53,4.17,72.98,26.24,2.1,69.74,0.303,0.302
S09100,69.287,27.29,0.0,50.63,69.573,21.54,0.0,64.76,24.99,0.0,69.7,0.286,0.24
S07256,66.107,20.93,0.0,78.66,66.265,23.59,1.72,75.36,15.72,0.0,68.86,0.158,0.026
S03228,63.15,25.95,0.0,66.21,63.368,20.24,0.0,86.08,17.0,0.0,69.82,0.218,0.108
S01335,77.85,24.21,0.0,76.16,78.057,26.86,18.08,78.56,24.26,27.16,63.07,0.207,0.4
S02968,53.178,23.51,0.0,83.68,53.478,28.73,0.0,62.16,21.93,0.0,65.74,0.3,0.214
S01969,65.171,15.76,0.0,71.88,65.378,25.87,0.0,63.34,22.32,2.76,70.11,0.207,0.114
S09214,44.096,25.11,0.0,60.78,44.337,26.25,0.0,70.95,19.54,3.14,51.78,0.241,0.282
S05406,71.495,23.69,1.09,60.5,71.597,26.56,0.0,61.4,25.06,0.0,78.99,0.102,0.135
S05355,50.852,22.28,0.0,66.44,51.155,18.42,0.58,65.55,22.49,0.55,58.5,0.303,0.28
S05621,64.294,24.55,0.0,72.73,64.63,24.27,0.0,74.71,25.78,0.0,70.83,0.336,0.271
S00921,49.763,25.06,11.75,87.88,50.319,16.86,3.73,65.86,28.16,0.0,68.82,0.556,0.375
S09934,64.466,27.41,4.64,80.32,64.759,22.37,0.0,72.95,23.42,0.0,68.61,0.293,0.238
S07775,66.572,29.73,0.0,91.57,66.927,20.95,0.0,79.1,25.91,0.0,61.62,0.355,0.233
S03568,40.173,22.18,0.0,73.03,40.577,20.72,0.0,75.6,19.63,0.0,67.37,0.404,0.266
S00974,66.988,20.16,12.51,75.79,67.391,26.41,0.0,83.19,19.94,0.0,71.7,0.403,0.095
S08975,63.177,12.0,0.0,68.44,63.477,22.11,0.0,66.68,25.11,7.22,65.31,0.3,0.231
S01026,53.235,22.7,0.0,60.9,53.53,23.16,0.0,73.53,21.94,0.0,73.7,0.295,0.348
S09790,66.925,26.51,23.52,65.44,67.421,25.13,0.0,59.59,29.13,2.81,79.55,0.496,0.324
S00988,62.103,21.14,0.0,61.68,62.514,20.32,0.0,66.51,22.9,0.0,71.34,0.411,0.268
S00864,53.881,24.6,7.55,79.05,54.325,26.79,14.13,75.62,21.05,3.9,67.38,0.444,0.207
S03603,64.357,20.74,28.76,72.71,64.835,22.68,0.0,72.72,22.47,0.0,67.41,0.478,0.237
S00365,64.887,24.73,0.0,63.21,65.139,20.25,0.0,57.73,20.1,3.91,71.07,0.252,0.188
S06312,74.731,15.44,0.0,66.89,74.805,21.08,1.12,70.31,21.6,15.36,67.04,0.074,0.235
S01478,72.615,21.31,0.0,72.69,72.725,19.48,0.0,72.72,25.64,14.34,68.8,0.11,0.313
S00546,65.451,19.78,0.0,77.53,65.574,22.31,0.0,58.47,22.43,22.12,63.28,0.123,0.351
S03326,52.672,21.43,0.0,67.12,52.941,24.59,2.18,48.74,20.31,0.0,74.85,0.269,0.194
S08272,54.302,17.59,0.0,70.33,54.469,26.89,1.73,80.3,19.45,1.99,63.12,0.167,0.175
S08184,55.434,20.61,0.0,86.23,55.742,17.88,5.66,70.51,27.1,0.0,79.43,0.308,0.288
S06130,59.014,24.54,0.0,75.65,59.43,17.21,0.0,75.92,21.01,0.62,54.19,0.416,0.21
S05293,57.467,22.97,11.73,66.01,57.779,23.9,5.31,93.4,21.24,4.29,54.47,0.312,0.238
S05408,68.276,28.35,0.0,74.4,68.593,21.04,0.0,77.87,25.85,0.0,68.57,0.317,0.187
S03798,61.6,24.82,0.0,61.37,61.815,24.61,0.0,76.48,20.06,0.67,70.48,0.215,0.19
S03309,61.92,17.96,0.0,70.77,62.157,24.04,26.35,65.17,20.54,0.83,64.86,0.237,0.174
S04951,73.49,25.73,0.0,70.92,73.66,25.61,0.0,68.96,20.99,0.0,78.4,0.17,0.16
S06766,59.169,19.62,0.0,70.04,59.317,26.14,0.0,75.08,19.28,0.0,74.31,0.148,0.275
S07336,67.017,22.24,6.52,71.8,67.296,25.58,0.0,82.63,25.65,0.0,63.19,0.279,0.228
S00272,57.497,26.5,0.0,72.74,57.773,16.31,0.0,56.6,24.41,0.0,51.5,0.276,0.192
S02053,65.655,17.67,0.0,72.22,65.882,20.36,0.0,78.71,28.65,0.0,67.11,0.227,0.225
S07841,66.502,23.23,0.0,70.78,66.75,21.71,0.0,67.33,22.63,0.0,72.22,0.248,0.15
S09390,61.119,19.3,0.0,66.17,61.339,16.98,0.0,77.89,20.56,3.73,60.25,0.22,0.103
S06953,59.32,23.59,6.87,70.51,59.853,17.0,0.0,71.82,22.33,11.68,66.21,0.533,0.344
S03615,55.339,21.14,0.0,65.48,55.547,23.2,1.42,69.15,23.65,0.23,68.99,0.208,0.234
S05197,62.215,18.29,0.0,71.1,62.419,21.81,1.2,77.73,25.97,14.51,78.15,0.204,0.479
S08657,58.712,20.86,0.0,68.66,58.922,21.0,0.0,80.85,24.26,4.2,72.76,0.21,0.262
S08999,71.497,21.84,0.0,82.03,71.761,20.88,0.0,69.6,24.89,3.42,70.72,0.264,0.213
S09129,67.234,17.64,0.0,63.45,67.309,25.86,4.35,74.26,20.33,0.0,72.68,0.075,0.158
S09220,55.658,27.15,15.51,73.2,56.204,27.33,0.0,80.39,24.63,31.29,56.11,0.546,0.474
S03663,47.597,24.7,0.0,74.82,48.019,23.8,4.59,65.09,29.58,3.04,57.91,0.422,0.389
S06218,49.653,15.81,0.0,55.95,49.871,24.06,0.0,72.21,23.73,0.0,75.48,0.218,0.334
S08198,69.236,27.92,12.88,59.56,69.59,18.86,2.71,72.62,20.29,1.04,62.09,0.354,0.154
S03028,71.083,21.45,0.0,66.29,71.23,24.13,0.0,63.04,22.63,0.0,69.54,0.147,0.1
S05909,61.105,22.54,0.0,76.59,61.352,22.51,0.0,64.23,23.13,0.34,64.62,0.247,0.179
S03071,79.757,25.48,0.0,61.43,79.89,21.61,0.0,54.18,23.21,11.13,62.52,0.133,0.185
S00765,63.511,19.59,0.0,62.9,63.636,24.74,8.38,69.33,23.01,0.0,77.82,0.125,0.241
S06116,67.1,19.57,0.0,70.84,67.247,20.37,6.28,72.78,24.49,6.65,76.3,0.147,0.317
S06100,59.217,20.43,0.5,53.17,59.47,19.47,1.94,74.74,23.91,0.0,74.63,0.253,0.258
S04610,67.488,18.54,0.0,50.94,67.592,25.55,0.0,70.22,21.42,9.54,74.8,0.104,0.215
S02915,56.238,19.35,3.12,76.48,56.4,13.26,0.0,76.55,24.69,2.92,79.06,0.162,0.312
S07876,68.26,24.4,0.0,80.24,68.484,21.99,18.56,69.31,23.64,3.91,64.17,0.224,0.254
S09958,58.623,22.61,2.38,66.97,59.093,23.79,0.0,76.73,22.01,0.0,81.23,0.47,0.213
S02967,59.104,26.02,0.0,70.04,59.336,18.63,0.0,64.22,21.93,15.29,62.8,0.232,0.28
S09060,59.086,23.61,0.0,76.74,59.294,24.38,0.0,62.81,20.49,2.34,82.33,0.208,0.215
S03208,55.579,24.62,1.19,55.37,55.879,24.77,11.97,75.9,22.45,23.26,75.78,0.3,0.486
S07337,48.941,14.76,0.0,75.25,49.223,25.87,0.0,66.63,23.02,0.0,82.66,0.282,0.385
S08281,57.451,22.5,11.66,66.47,57.848,22.06,0.0,67.71,25.07,4.23,79.16,0.397,0.345
S04327,57.023,24.2,0.0,62.69,57.3,21.03,0.0,68.08,27.3,3.95,81.5,0.277,0.365
S06376,57.125,24.36,0.0,57.05,57.361,18.9,2.28,73.95,24.45,2.58,81.15,0.236,0.381
S01172,66.849,23.11,0.0,75.94,67.117,20.87,0.0,69.83,19.64,0.49,56.27,0.268,0.133
S07202,66.02,25.4,0.0,65.43,66.188,27.02,0.0,76.01,25.16,4.59,88.48,0.168,0.353
S02094,68.201,26.13,0.0,79.64,68.55,24.71,1.44,69.06,28.08,13.52,78.9,0.349,0.353
S00676,57.445,20.4,0.0,76.28,57.766,25.46,2.66,79.56,23.49,1.8,78.36,0.321,0.36
S08934,66.171,22.59,1.61,69.62,66.677,19.38,3.78,61.84,22.77,2.69,63.02,0.506,0.2
S01481,56.593,27.78,2.4,61.18,56.888,16.61,0.0,64.15,24.25,0.9,76.42,0.295,0.267
S08954,83.601,29.18,4.09,71.31,83.782,23.95,0.0,68.96,16.34,12.49,57.71,0.181,0.055
S00486,49.611,22.44,0.0,64.67,49.959,24.8,0.0,77.55,25.34,7.9,76.09,0.348,0.349
S04059,53.061,22.64,0.0,72.68,53.397,25.31,5.51,59.04,22.13,4.66,70.92,0.336,0.282
S08603,57.66,18.8,0.0,55.01,57.785,20.34,0.0,72.5,25.88,0.0,69.74,0.125,0.327
S05632,59.762,17.39,0.0,68.26,59.907,26.07,0.0,74.36,21.2,2.34,70.46,0.145,0.215
S04802,65.029,22.86,22.36,70.65,65.519,17.54,22.01,66.89,23.53,0.0,62.44,0.49,0.243
S00888,65.266,23.09,0.0,71.34,65.455,26.89,3.89,56.03,24.36,14.57,68.48,0.189,0.342
S06637,69.965,27.28,0.0,82.58,70.176,29.82,10.5,75.26,30.9,9.43,86.05,0.211,0.461
S00290,65.782,24.89,8.76,67.68,66.077,21.9,24.72,63.19,24.29,0.0,59.92,0.295,0.11
S04242,62.84,15.89,0.0,72.28,62.966,13.94,0.0,69.37,25.84,0.39,63.6,0.126,0.228
S08226,64.835,21.76,6.49,74.95,65.243,22.74,6.25,70.2,27.1,0.0,65.77,0.408,0.288
S07734,64.554,23.67,0.0,74.38,64.775,23.06,0.0,70.38,23.42,0.49,50.87,0.221,0.146
S00246,71.053,20.89,0.0,55.26,71.23,23.37,0.0,53.47,23.18,0.45,67.96,0.177,0.149
S00589,51.292,26.82,0.0,73.02,51.773,25.43,12.08,71.3,23.68,6.36,68.34,0.481,0.356
S04036,59.84,23.15,0.0,70.01,60.027,24.41,0.0,57.11,19.73,7.89,80.78,0.187,0.242
S00142,61.019,23.55,0.07,70.25,61.26,25.07,3.9,81.25,28.99,0.0,72.83,0.241,0.329
S03281,60.278,24.5,0.0,74.04,60.548,24.44,0.0,90.45,19.09,0.0,72.0,0.27,0.159
S07239,63.803,19.42,0.0,58.36,63.838,20.41,0.0,63.11,23.1,2.67,84.92,0.035,0.248
S09830,69.626,23.32,19.43,78.44,70.014,24.37,9.38,66.46,19.03,1.74,67.8,0.388,0.138
S07922,55.631,15.6,0.0,61.72,55.841,24.44,6.23,72.78,20.87,0.0,59.14,0.21,0.265
S02685,70.62,26.34,8.13,72.96,70.876,21.82,0.0,70.89,24.0,2.28,72.86,0.256,0.227
S05103,54.309,21.9,20.67,63.69,54.909,24.17,0.0,72.95,23.15,2.41,60.84,0.6,0.257
S00871,82.293,22.54,0.0,82.84,82.376,22.22,0.0,68.16,17.69,0.0,61.72,0.083,0.025
S02304,76.662,20.18,0.0,66.2,76.694,22.6,0.0,66.9,24.96,12.14,78.11,0.032,0.34
S05193,68.46,25.12,12.45,77.03,68.753,22.13,0.0,65.58,23.42,10.77,73.18,0.293,0.365
S08694,67.99,21.89,0.0,71.57,68.057,19.4,0.0,82.05,29.49,1.48,72.87,0.067,0.321
S00159,58.858,29.39,35.0,79.63,59.598,20.85,2.74,61.57,25.53,5.41,73.46,0.74,0.289
S06495,59.468,15.59,0.0,65.23,59.652,23.16,0.0,68.49,23.6,3.16,69.47,0.184,0.228
S01055,62.557,23.32,0.0,73.73,62.759,23.91,0.0,70.6,20.34,0.0,63.84,0.202,0.138
S05202,60.978,27.34,1.67,74.98,61.254,23.91,0.06,86.21,25.48,0.0,60.65,0.276,0.231
S08924,75.929,22.34,0.0,57.72,75.979,23.05,0.0,76.78,23.94,0.62,65.82,0.05,0.072
S01515,59.51,16.49,0.0,78.64,60.075,25.83,0.0,57.29,26.64,4.49,71.16,0.565,0.289
S05879,79.633,24.2,0.0,76.78,79.726,23.12,0.0,74.26,24.16,9.13,63.65,0.093,0.1
S04282,74.682,26.08,0.0,76.0,74.939,26.38,0.0,76.53,18.24,19.83,79.28,0.257,0.237
S06661,62.177,25.87,0.0,66.67,62.544,26.12,0.0,80.06,18.9,17.13,70.71,0.367,0.321
S04750,69.387,23.15,0.0,57.75,69.488,27.55,2.43,76.12,24.34,1.8,64.06,0.101,0.201
S01838,52.913,22.01,0.0,53.01,53.287,18.32,0.0,59.7,15.43,2.44,63.21,0.374,0.1
S06968,63.113,29.99,0.0,61.83,63.668,26.84,13.07,54.23,17.77,0.0,57.1,0.555,0.019
S01786,71.443,24.52,1.73,69.32,71.502,18.69,0.0,63.01,27.58,15.11,79.33,0.059,0.355
S05768,60.98,27.99,0.0,83.92,61.316,22.56,0.0,74.42,27.24,0.0,70.24,0.336,0.258
S01674,73.475,27.85,24.81,63.25,74.161,27.79,0.0,65.81,23.04,0.48,59.68,0.686,0.145
S09905,69.52,22.83,8.16,75.3,69.733,25.95,0.0,68.32,19.49,3.42,62.94,0.213,0.01
S08734,40.0,23.09,0.0,72.11,40.392,24.93,0.0,77.95,22.05,0.0,72.46,0.392,0.324
S08493,62.825,23.24,19.38,64.22,63.442,24.1,0.0,73.32,23.16,14.55,69.48,0.617,0.349
S09223,54.614,20.39,0.0,70.31,54.777,25.75,6.21,68.82,23.74,2.88,75.08,0.163,0.403
S03271,72.942,14.51,0.0,51.74,73.046,23.79,0.0,75.31,24.46,2.8,59.43,0.104,0.198
S05516,55.096,22.01,0.0,84.45,55.374,25.13,0.0,65.03,22.3,6.0,64.22,0.278,0.345
S06774,58.139,20.09,0.0,54.8,58.358,22.08,4.33,69.72,20.45,0.0,78.94,0.219,0.274
S04335,43.058,20.31,0.0,64.75,43.433,26.01,0.0,72.62,23.69,10.55,90.63,0.375,0.568
S00482,70.405,27.71,0.0,66.59,70.52,19.34,0.0,63.58,25.25,8.43,66.77,0.115,0.238
S05294,48.371,18.93,0.0,60.65,48.679,25.28,0.0,66.4,21.23,1.09,65.04,0.308,0.244
S03447,50.312,22.76,1.26,75.05,50.676,26.04,0.0,69.16,18.62,0.0,67.0,0.364,0.236
S08664,64.337,26.64,0.0,84.32,64.621,25.45,7.7,72.92,22.32,0.01,66.57,0.284,0.213
S07070,58.005,19.69,0.0,68.67,58.127,16.95,0.0,58.77,25.1,17.66,71.2,0.122,0.525
S06344,61.865,24.01,0.0,64.79,62.035,27.06,0.0,55.45,20.83,2.22,65.39,0.17,0.245
S02332,66.939,25.12,0.0,72.67,67.164,25.84,0.0,70.8,19.9,8.91,84.31,0.225,0.347
S08080,66.459,17.54,0.0,73.6,66.59,25.3,0.0,68.74,25.52,12.8,65.57,0.131,0.384
S02755,65.909,23.69,0.0,75.34,66.141,19.24,0.0,81.18,24.84,8.23,64.28,0.232,0.332
S09635,57.573,24.51,10.39,79.1,58.104,24.24,0.0,68.25,27.7,1.06,84.18,0.531,0.434
S09253,61.082,18.3,0.0,66.68,61.27,25.77,0.0,63.76,25.82,2.88,85.91,0.188,0.35
S09776,50.551,20.78,2.88,74.19,50.933,22.08,0.0,72.78,22.09,0.0,72.54,0.382,0.374
S05850,58.011,19.58,0.0,64.47,58.189,22.64,0.0,84.19,25.75,4.35,77.48,0.178,0.374
S00058,53.802,24.49,21.64,74.16,54.308,17.3,0.0,60.05,24.92,0.0,66.07,0.506,0.355
S01518,52.224,23.7,0.0,75.57,52.521,24.98,0.0,67.8,23.75,0.0,67.65,0.297,0.358
S00566,59.091,30.72,0.0,75.67,59.435,21.08,0.0,63.5,26.69,0.0,68.41,0.344,0.298
S08851,68.067,26.9,0.0,64.56,68.269,25.12,0.0,63.01,22.36,3.09,75.65,0.202,0.147
S02245,64.303,26.77,0.0,73.66,64.602,23.72,0.0,60.05,25.63,0.0,68.41,0.299,0.252
S05760,50.732,24.92,0.0,75.95,51.009,19.52,0.0,61.15,14.35,0.0,55.04,0.277,0.054
S04366,58.6,26.3,0.0,71.94,58.849,14.52,3.17,55.23,20.03,0.65,58.08,0.249,0.133
S04207,47.058,24.2,0.53,79.53,47.538,28.21,0.0,77.81,22.81,0.0,76.33,0.48,0.391
S01543,59.295,18.9,0.0,74.11,59.509,25.3,0.0,78.08,19.5,36.77,67.02,0.214,0.452
S01185,57.147,22.71,0.0,58.84,57.384,29.91,0.0,73.43,18.53,0.0,66.79,0.237,0.21
S02239,79.163,23.18,0.0,63.7,79.323,26.17,0.0,79.82,22.03,11.35,75.66,0.16,0.176
S08434,55.715,17.48,0.0,62.63,55.869,23.13,0.0,66.13,24.47,0.0,70.91,0.154,0.267
S02262,67.924,26.07,2.27,71.18,68.239,15.62,0.36,64.55,22.91,0.0,69.21,0.315,0.232
S04780,47.467,21.24,0.0,68.56,47.752,23.18,7.31,74.88,22.24,15.03,61.33,0.285,0.422
S05508,62.514,26.5,0.0,78.34,62.733,28.38,0.0,57.1,23.47,0.0,73.64,0.219,0.265
S01717,64.659,18.71,0.0,59.4,64.8,27.41,15.72,73.74,23.7,20.93,72.84,0.141,0.45
S00477,52.05,23.16,0.0,69.94,52.369,23.63,0.0,76.62,21.89,0.0,81.68,0.319,0.349
S03558,77.159,22.13,0.0,52.89,77.205,18.13,5.59,62.48,21.12,7.52,80.29,0.046,0.255
S02771,49.831,22.35,4.82,82.01,50.249,17.67,0.0,70.06,28.38,1.8,74.67,0.418,0.443
S02612,63.076,15.22,0.0,64.68,63.146,19.69,0.0,68.12,19.83,0.82,69.32,0.07,0.143
S09160,73.057,19.52,0.0,72.21,73.316,25.7,8.6,54.34,14.47,0.58,69.28,0.259,0.021
S04477,56.116,22.18,0.0,75.59,56.403,21.68,0.0,66.41,24.09,3.32,68.22,0.287,0.236
S01405,64.836,16.38,0.0,71.49,64.995,21.7,0.0,79.65,21.94,1.28,70.57,0.159,0.221
S01541,58.052,17.87,0.0,60.51,58.177,23.07,0.0,64.48,25.34,0.0,83.03,0.125,0.299
S02981,74.876,18.98,0.0,55.6,74.911,18.26,1.13,70.21,25.69,4.79,65.86,0.035,0.185
S05682,51.523,25.07,0.6,74.92,51.844,19.33,0.0,58.41,19.83,0.0,61.39,0.321,0.151
S09867,65.132,27.97,0.0,70.09,65.347,26.7,0.0,64.86,18.49,0.0,66.32,0.215,0.12
S04033,60.324,30.06,0.0,81.23,60.554,26.49,0.0,62.28,25.24,9.5,72.22,0.23,0.369
S04978,70.074,24.87,0.0,61.3,70.208,23.74,8.55,71.27,25.27,0.0,63.42,0.134,0.21
S00285,62.642,23.34,5.24,52.05,62.845,23.09,0.0,63.46,19.97,3.4,77.69,0.203,0.127
S04724,64.682,22.5,0.0,70.3,64.895,23.38,0.0,62.66,18.59,6.31,52.56,0.213,0.161
S05376,64.907,27.7,2.99,59.05,65.228,14.95,0.0,72.27,26.01,0.0,83.9,0.321,0.342
S05474,57.304,22.97,0.0,72.87,57.566,23.51,15.21,80.96,26.14,9.71,67.08,0.262,0.362
S00120,71.286,22.12,0.0,86.76,71.351,21.32,0.0,63.02,24.97,8.73,70.68,0.065,0.247
S09897,74.502,20.86,0.0,75.5,74.633,19.75,0.0,79.03,19.18,1.08,71.99,0.131,0.032
S07636,55.043,23.6,0.66,71.38,55.383,23.25,0.0,69.69,24.69,16.96,72.34,0.34,0.439
S04271,65.737,17.08,0.0,63.64,65.96,21.77,3.13,78.51,20.48,3.02,76.54,0.223,0.218
S01772,63.755,22.2,3.5,84.45,64.039,22.76,0.0,70.03,18.73,2.41,73.04,0.284,0.154
S07322,62.684,18.11,0.0,65.47,62.828,19.67,0.0,69.68,21.11,0.0,65.33,0.144,0.204
S06386,63.125,26.23,0.0,67.81,63.465,23.37,0.0,73.55,26.67,4.86,73.81,0.34,0.35
S06455,65.866,25.98,0.0,62.52,66.068,17.69,0.0,70.26,14.74,1.91,58.15,0.202,0.058
S06702,52.691,27.05,0.0,85.0,53.121,23.77,0.0,69.75,20.83,0.96,77.75,0.43,0.328
S00428,52.892,27.19,0.0,76.8,53.168,17.58,0.0,78.63,22.62,0.0,69.33,0.276,0.295
S04795,69.519,31.54,4.42,70.58,69.752,26.86,9.45,78.11,21.64,1.38,79.23,0.233,0.146
S08025,66.987,23.85,0.0,59.42,67.346,24.21,0.0,70.35,22.5,0.0,67.34,0.359,0.101
S02839,65.092,25.95,0.0,71.24,65.32,24.28,0.0,67.08,22.45,0.0,64.12,0.228,0.152
S08416,63.932,26.56,7.42,74.02,64.264,19.28,0.0,75.75,25.75,0.0,70.92,0.332,0.17
S05178,58.249,24.46,0.0,62.75,58.516,25.37,11.39,70.85,21.28,0.52,70.96,0.267,0.278
S06057,67.718,23.41,1.56,78.03,68.123,17.78,0.0,85.47,20.45,7.44,70.5,0.405,0.207
S01676,63.434,19.46,0.0,67.76,63.691,27.92,10.5,64.87,23.38,5.55,72.21,0.257,0.235
S06246,61.496,19.14,0.0,63.33,61.72,22.45,0.0,78.82,18.83,0.53,63.57,0.224,0.133
S09595,71.775,18.88,9.59,77.65,71.944,18.57,0.0,74.85,18.73,0.0,77.7,0.169,0.09
S04164,63.397,17.73,0.0,63.34,63.576,24.67,6.03,64.9,24.11,18.66,72.33,0.179,0.45
S01953,69.911,20.22,0.0,77.14,70.107,23.14,6.77,68.64,22.96,0.0,71.25,0.196,0.148
S04255,60.397,25.84,6.23,76.92,60.799,29.41,0.0,79.9,23.23,4.64,77.77,0.402,0.227
S09479,48.932,22.93,2.71,63.43,49.182,26.53,22.38,75.79,20.06,0.0,64.14,0.25,0.281
S00432,58.54,24.38,0.0,82.92,58.832,25.62,0.0,78.52,19.53,0.0,61.07,0.292,0.141
S05945,69.994,24.52,7.89,87.99,70.263,22.62,0.0,82.5,22.79,20.31,79.41,0.269,0.411
S03941,59.013,21.86,26.57,63.93,59.553,28.18,0.0,74.63,23.53,0.59,68.33,0.54,0.216
S03236,52.582,17.52,0.0,60.13,52.792,27.12,0.0,61.07,24.98,0.7,83.4,0.21,0.426
S08521,66.557,19.1,0.0,65.9,66.68,21.3,0.0,72.46,26.2,17.07,60.51,0.123,0.401
S03019,64.173,22.27,0.01,78.53,64.45,21.81,0.0,67.23,25.9,0.0,68.97,0.277,0.204
S02872,54.522,26.45,0.34,67.18,54.861,18.25,15.38,77.11,22.47,6.7,56.38,0.339,0.325
S02018,68.235,24.74,0.0,64.3,68.824,30.43,0.0,80.33,23.76,15.0,73.62,0.589,0.256
S02076,55.92,25.69,0.0,71.57,56.26,18.36,7.74,76.57,19.25,3.8,79.83,0.34,0.271
S06112,82.686,26.89,0.0,75.72,82.911,20.14,8.81,76.7,24.71,15.6,67.72,0.225,0.262
S02577,71.896,26.56,0.0,82.11,72.093,23.55,0.0,67.97,16.9,0.0,65.0,0.197,0.095
S04349,61.62,20.64,0.0,68.01,61.791,21.75,0.0,73.28,20.69,11.89,68.34,0.171,0.317
S00180,58.908,22.82,0.0,58.47,59.012,20.0,0.0,84.01,28.53,23.09,73.2,0.104,0.615
S04602,66.889,20.98,0.0,68.64,67.136,18.22,0.0,58.95,15.64,0.0,61.16,0.247,0.043
S01582,50.84,25.07,25.03,73.71,51.402,25.59,0.0,81.25,22.95,9.88,52.71,0.562,0.302
S09402,57.467,19.48,2.34,62.81,57.683,15.26,0.0,76.37,24.44,21.75,73.64,0.216,0.504
S07803,50.871,22.08,0.0,48.88,51.123,23.45,3.21,74.59,19.17,0.26,64.59,0.252,0.213
S06650,72.071,24.57,0.0,70.44,72.317,23.77,0.0,76.2,15.59,0.0,72.89,0.246,0.052
S03196,56.95,17.34,0.0,55.19,57.051,25.95,4.25,64.76,29.62,6.56,73.91,0.101,0.45
S08424,59.373,24.83,0.0,59.11,59.657,24.69,0.0,74.59,24.29,0.0,53.99,0.284,0.187
S06502,64.381,16.6,0.0,73.01,64.84,23.32,0.0,79.54,23.19,11.08,71.88,0.459,0.231
S06535,54.395,21.66,0.0,65.71,54.661,26.56,0.0,67.49,25.72,0.34,73.91,0.266,0.281
S08376,71.9,26.11,0.0,59.3,72.058,19.65,0.0,77.05,20.43,26.98,83.1,0.158,0.431
S01666,73.489,22.56,0.0,75.15,73.695,26.17,13.37,64.76,25.61,0.0,62.24,0.206,0.142
S04428,46.135,22.9,4.81,66.65,46.528,25.23,0.0,71.71,26.3,0.95,67.58,0.393,0.346
S07193,61.642,25.61,10.15,88.97,62.16,27.74,0.0,79.52,25.67,9.54,73.69,0.518,0.291
S05642,55.701,24.0,0.0,79.23,55.961,20.24,0.0,75.92,19.69,31.22,63.75,0.26,0.508
S07101,68.341,29.3,22.3,77.43,68.83,23.22,0.0,66.22,23.05,2.33,63.35,0.489,0.091
S09959,40.0,24.14,0.0,60.41,40.425,24.66,11.49,78.62,26.83,11.19,74.68,0.425,0.578
S08354,63.385,18.54,7.33,79.04,63.722,18.51,0.0,61.77,22.48,13.41,65.96,0.337,0.219
S03374,66.123,21.36,0.0,65.56,66.319,24.87,0.0,82.12,27.69,28.23,71.03,0.196,0.568
S06515,57.492,26.66,0.0,77.86,57.816,19.38,3.81,65.76,24.02,23.6,75.15,0.324,0.526
S05356,65.66,19.1,0.0,51.81,65.891,17.19,0.0,54.14,26.91,5.15,61.28,0.231,0.361
S05595,58.427,27.41,0.0,85.13,58.905,17.66,6.05,64.97,21.54,5.98,52.38,0.478,0.198
S00408,61.034,21.9,0.0,69.23,61.348,25.5,0.0,66.6,25.56,21.37,71.02,0.314,0.504
S02438,65.987,24.19,0.0,65.79,66.213,16.23,0.0,62.4,21.48,0.0,64.07,0.226,0.212
S08563,58.431,19.54,0.0,70.45,58.649,26.76,0.0,58.56,26.75,2.09,69.72,0.218,0.28
S02146,65.361,14.13,0.0,67.6,65.563,24.59,0.0,70.64,19.13,16.7,72.91,0.202,0.353
S09504,41.959,21.35,0.0,64.08,42.312,19.03,0.0,66.7,16.15,0.74,63.66,0.353,0.216
S00376,51.202,19.9,0.0,76.5,51.491,25.32,0.0,72.79,24.54,6.98,75.46,0.289,0.402
S09622,63.703,23.0,0.0,61.36,63.862,22.73,0.62,59.77,20.16,3.87,69.8,0.159,0.204
S03315,59.797,20.45,0.0,57.55,60.071,18.49,0.0,79.3,25.0,34.71,76.98,0.274,0.683
S01759,63.203,19.62,0.0,64.77,63.288,23.65,0.0,68.76,22.87,0.0,68.14,0.085,0.207
S03730,55.631,24.2,2.02,62.49,55.942,26.71,2.53,73.5,22.06,12.04,70.63,0.311,0.361
S09665,60.438,25.78,0.0,75.41,60.674,25.95,0.0,76.02,22.08,6.18,74.05,0.236,0.307
S04943,65.947,23.2,0.0,67.24,66.155,26.36,4.84,74.21,22.15,0.0,68.27,0.208,0.207
S02382,66.861,24.16,1.92,79.94,67.18,21.38,0.0,58.28,27.74,0.0,75.68,0.319,0.231
S03754,74.636,25.39,0.0,83.66,74.818,24.58,0.0,67.5,20.06,1.86,69.67,0.182,0.086
S07306,49.219,19.57,0.0,74.92,49.519,23.29,0.0,66.43,23.28,25.3,60.72,0.3,0.559
S07063,52.039,22.59,0.0,65.11,52.329,27.32,0.0,67.56,19.47,0.0,68.19,0.29,0.199
S08095,40.682,15.16,0.0,80.82,41.053,18.74,0.0,73.97,25.48,0.53,71.7,0.371,0.39
S03026,61.898,26.34,0.0,87.09,62.343,18.22,1.45,59.52,20.37,0.0,68.38,0.445,0.178
S03376,66.959,16.57,0.0,46.94,67.011,26.35,0.0,62.71,23.87,0.0,60.35,0.052,0.168
S04576,48.286,22.64,0.0,61.7,48.576,26.83,0.0,76.82,25.49,11.76,77.44,0.29,0.554
S03268,80.241,24.19,24.01,71.99,80.571,20.16,0.0,66.67,22.24,0.0,56.65,0.33,0.051
S09969,60.435,24.95,0.0,69.6,60.647,25.19,11.45,69.54,18.83,7.09,76.03,0.212,0.271
S01006,58.215,26.03,0.0,76.28,58.579,17.05,0.0,81.63,24.57,0.0,76.4,0.364,0.269
S03066,54.47,20.47,0.0,58.96,54.802,21.17,0.0,67.22,23.83,0.0,74.71,0.332,0.274
S03776,68.688,24.77,0.0,76.56,69.01,24.6,1.39,76.39,24.45,0.0,86.98,0.322,0.259
S05044,64.824,19.45,0.0,68.54,65.014,19.29,13.09,64.72,23.8,0.0,86.18,0.19,0.291
S09280,67.293,21.89,0.0,65.92,67.482,26.23,6.16,68.23,17.97,7.33,67.8,0.189,0.114
S03560,56.144,20.62,0.0,65.76,56.406,18.11,0.0,69.05,26.88,9.34,71.57,0.262,0.331
S01853,57.087,23.47,0.0,74.15,57.393,24.15,0.11,64.74,24.57,0.0,77.92,0.306,0.341
S05722,63.149,21.2,0.18,72.84,63.322,17.43,0.0,68.73,24.77,0.12,59.74,0.173,0.163
S04013,52.479,23.46,0.0,62.07,52.755,25.27,0.0,61.79,24.24,4.44,68.51,0.276,0.384
S06444,46.472,25.97,3.12,76.32,46.857,17.22,1.26,73.84,23.3,0.0,70.7,0.385,0.272
S07805,70.044,21.32,0.0,73.84,70.074,25.82,22.06,74.11,23.45,0.93,70.65,0.03,0.207
S08856,63.478,22.79,0.0,84.02,63.641,20.03,0.0,76.67,22.9,1.5,70.84,0.163,0.241
S06800,69.324,23.61,0.0,65.93,69.506,24.2,0.0,74.22,23.41,16.46,78.19,0.182,0.329
S09222,54.487,24.32,3.01,67.33,54.766,21.61,0.0,68.52,20.45,1.1,74.8,0.279,0.238
S02729,63.349,16.88,0.0,70.54,63.403,19.06,0.0,66.73,20.17,8.29,76.73,0.054,0.317
S08029,46.925,23.46,5.72,81.41,47.286,22.82,0.0,70.71,20.85,11.82,78.17,0.361,0.441
S03495,54.148,18.73,0.0,68.38,54.278,17.43,0.0,70.94,12.46,0.77,63.53,0.13,0.126
S03181,53.616,27.69,1.45,59.34,54.012,22.32,0.0,61.26,20.1,8.79,64.66,0.396,0.266
S02954,67.131,17.75,14.02,70.93,67.426,22.45,0.0,75.6,21.27,16.82,63.98,0.295,0.262
S04781,70.576,23.33,0.0,73.98,70.828,24.68,0.0,88.27,24.7,0.0,69.35,0.252,0.149
S03617,64.003,29.98,0.0,58.05,64.284,24.64,0.0,74.7,25.68,0.0,69.39,0.281,0.213
S07641,60.917,22.99,2.5,68.32,61.161,21.05,0.0,67.61,24.47,0.08,70.19,0.244,0.211
S06998,56.814,18.46,0.0,78.25,56.94,21.66,0.0,65.44,19.22,0.0,76.37,0.126,0.203
S01496,77.5,20.68,0.0,76.61,77.594,23.01,0.0,62.63,25.36,14.87,70.48,0.094,0.261
S06445,54.647,25.82,0.0,77.26,54.947,25.56,0.0,60.68,25.81,11.81,62.9,0.3,0.358
S05070,48.991,20.12,0.0,70.69,49.318,23.16,8.86,72.14,20.51,15.26,70.05,0.327,0.415
S03112,57.121,24.06,0.0,70.93,57.347,23.16,0.0,78.49,22.11,0.69,64.57,0.226,0.194
S03986,64.586,30.57,0.0,69.17,64.792,24.49,0.0,78.38,24.18,8.47,67.45,0.206,0.307
S05944,73.324,23.57,1.38,73.74,73.518,25.29,0.64,69.92,21.82,0.0,65.17,0.194,0.049
S02478,41.395,27.16,0.0,72.2,41.752,24.64,0.0,71.18,23.37,9.61,67.92,0.357,0.46
S02651,47.428,23.35,0.0,64.13,47.813,21.31,0.0,64.31,25.68,1.61,78.56,0.385,0.383
S02410,53.202,16.33,0.0,59.17,53.404,16.99,0.0,58.93,17.2,1.4,52.8,0.202,0.167
S06223,50.25,19.26,0.0,62.5,50.487,21.71,0.0,59.13,25.61,3.77,57.29,0.237,0.271
S07577,70.937,22.68,0.0,74.44,71.17,26.66,0.0,57.14,22.68,11.17,68.97,0.233,0.232
S03638,58.655,26.04,0.0,68.5,59.043,25.55,13.03,74.82,23.71,8.44,78.16,0.388,0.342
S00476,56.773,22.33,0.0,81.35,57.074,16.59,0.0,73.79,19.28,0.0,66.45,0.301,0.172
S08937,69.256,27.93,0.0,77.48,69.436,23.87,0.0,68.5,21.51,11.98,70.4,0.18,0.325
S01792,67.825,21.78,13.53,75.33,68.17,25.61,0.0,65.76,21.83,21.6,82.6,0.345,0.485
S02592,63.457,22.87,1.09,77.27,63.782,23.62,0.0,62.0,17.85,0.0,66.7,0.325,0.046
S03599,67.86,27.76,0.0,76.64,68.166,24.95,0.0,75.69,22.08,15.88,77.58,0.306,0.33
S04736,72.541,27.53,0.0,74.18,72.692,29.54,11.04,77.24,21.48,8.79,66.65,0.151,0.152
S02644,53.471,26.78,18.34,69.59,53.973,22.65,0.0,70.91,25.58,0.32,78.29,0.502,0.289
S03962,65.533,25.31,2.76,83.16,65.884,19.29,0.0,65.94,20.34,0.0,57.69,0.351,0.091
S09112,72.537,24.31,0.0,72.66,72.713,20.53,2.0,60.72,24.18,2.69,64.84,0.176,0.115
S02156,54.855,23.52,0.0,51.64,55.06,21.86,8.48,81.81,25.14,0.0,71.26,0.205,0.338
S03147,72.505,24.43,5.56,69.59,72.658,15.91,0.0,62.58,21.19,4.56,76.38,0.153,0.169
S00282,56.99,25.15,0.0,88.76,57.473,19.72,12.44,72.16,23.59,13.53,67.01,0.483,0.356
S09022,54.508,22.11,0.0,71.89,54.911,23.04,0.0,69.45,23.22,0.98,71.32,0.403,0.254
S08199,70.893,15.71,2.48,67.74,70.963,18.4,0.0,63.85,24.45,1.16,80.88,0.07,0.274
S08430,40.648,22.05,0.0,64.09,41.033,23.42,0.0,76.08,23.38,0.0,80.42,0.385,0.392
S05058,51.162,23.23,0.21,71.53,51.513,28.57,13.23,74.47,23.85,2.52,62.91,0.351,0.208
S00767,66.998,24.89,0.0,68.08,67.192,23.25,0.0,71.88,25.82,0.0,66.09,0.194,0.261
S01720,55.082,27.72,0.0,69.05,55.338,21.12,5.21,62.71,29.42,7.43,86.97,0.256,0.429
S02489,52.946,22.43,0.0,68.06,53.333,20.56,0.0,77.58,20.96,1.88,69.43,0.387,0.29
S00588,64.336,25.01,4.36,75.52,64.549,20.79,0.0,65.98,18.02,0.3,84.98,0.213,0.086
S00481,64.404,24.55,0.0,83.86,64.81,26.57,0.0,71.33,17.1,3.16,61.89,0.406,0.054
S08735,42.659,27.29,12.57,81.04,43.447,17.94,0.0,72.67,19.83,1.85,70.58,0.788,0.274
S05317,89.185,28.21,0.0,63.28,89.283,22.4,0.0,58.56,20.36,0.14,77.41,0.098,0.026
S04880,51.787,26.27,0.0,75.69,52.038,27.46,0.0,81.98,20.06,0.0,74.26,0.251,0.275
S06319,54.24,25.34,0.0,67.58,54.796,16.81,0.41,61.18,23.82,3.69,74.97,0.556,0.347
S05771,63.397,25.93,1.86,76.03,63.879,23.77,4.92,59.78,22.55,1.08,56.63,0.482,0.142
S07866,59.822,24.07,0.0,79.73,60.05,23.17,0.0,65.26,24.29,1.41,73.39,0.228,0.245
S08554,59.94,17.35,0.0,81.36,60.108,27.09,6.65,61.91,25.16,0.0,84.55,0.168,0.3
S09110,62.638,24.23,0.0,83.94,62.856,20.23,0.0,63.15,23.97,0.0,82.29,0.218,0.249
S05976,58.861,23.04,0.0,79.1,59.102,19.63,0.06,52.64,21.73,2.38,65.89,0.241,0.245
S02633,80.733,24.41,35.0,69.78,81.094,23.43,0.0,66.78,21.44,0.0,64.12,0.361,0.144
S08590,72.317,21.81,0.0,73.93,72.706,26.48,0.0,66.26,24.41,2.81,77.52,0.389,0.286
S05270,72.166,22.86,0.0,63.12,72.303,20.09,0.0,64.88,24.13,3.12,72.42,0.137,0.2
S09723,64.94,25.1,0.0,75.41,65.183,21.56,5.39,76.01,19.24,0.0,71.35,0.243,0.123
S07601,53.421,17.38,0.0,58.93,53.706,24.87,0.0,79.82,20.99,0.0,59.33,0.285,0.15
S09383,40.0,19.71,0.0,74.48,40.515,24.07,0.0,70.9,21.69,0.93,72.01,0.515,0.386
S05584,63.964,24.2,3.82,65.31,64.107,16.87,0.0,76.44,23.49,0.0,78.09,0.143,0.254
S06713,40.0,25.8,0.0,77.2,40.491,27.42,0.05,66.11,22.49,4.17,63.72,0.491,0.29
S05656,80.12,23.42,9.21,60.58,80.417,28.17,0.0,89.99,22.68,0.0,79.09,0.297,0.212
S04751,58.182,24.97,0.0,72.44,58.467,24.66,0.0,73.78,22.38,4.32,61.5,0.285,0.187
S07339,74.434,16.3,0.0,61.02,74.513,21.64,0.0,81.34,21.68,0.0,62.19,0.079,0.071
S08187,76.099,24.44,7.08,73.06,76.256,27.13,16.53,72.13,25.01,1.59,65.74,0.157,0.181
S00469,51.09,21.87,1.98,56.26,51.492,18.56,0.0,55.68,19.07,0.0,71.84,0.402,0.263
S06500,80.828,24.58,0.0,83.07,80.976,18.26,0.0,60.09,25.6,1.4,73.81,0.148,0.219
S02789,48.211,21.54,0.0,79.16,48.568,24.5,0.41,71.95,17.12,0.0,60.98,0.357,0.247
S04594,57.811,26.14,0.0,76.74,58.213,20.38,0.0,65.18,24.13,3.52,71.7,0.402,0.261
S06452,48.71,20.48,0.0,59.24,48.925,21.15,0.0,86.26,23.51,0.0,71.86,0.215,0.326
S08237,61.541,26.03,16.18,68.98,62.019,28.92,0.0,79.65,21.62,0.0,66.23,0.478,0.248
S00207,65.675,24.9,0.0,59.68,65.919,30.34,0.0,73.93,20.71,0.0,68.39,0.244,0.081
S02169,59.229,26.58,0.0,74.18,59.554,15.71,0.0,66.3,26.05,45.0,63.65,0.325,0.702
S02242,49.026,28.54,4.53,72.13,49.435,14.84,0.0,73.44,20.96,0.0,54.71,0.409,0.192
S01810,60.969,25.45,0.0,80.26,61.242,24.97,4.17,68.9,19.77,0.0,72.88,0.273,0.201
S03390,78.334,29.51,20.67,68.47,78.665,21.6,0.18,58.65,23.28,3.33,61.65,0.331,0.101
S00763,55.323,27.09,0.0,84.31,55.748,21.86,0.0,74.07,19.61,0.0,73.56,0.425,0.199
S05541,82.029,21.26,0.0,74.4,82.085,24.35,0.0,64.36,27.19,9.35,78.65,0.056,0.34
S07516,61.313,27.56,0.0,90.34,61.735,14.77,0.0,69.32,24.32,5.36,70.81,0.422,0.304
S04364,61.825,23.49,0.0,69.6,61.973,23.22,1.48,76.51,27.98,3.09,67.53,0.148,0.359
S07931,64.001,26.73,0.0,87.74,64.664,23.05,0.0,68.31,20.99,0.0,66.55,0.663,0.154
S09184,74.436,23.07,0.0,74.29,74.566,26.33,0.0,75.49,21.65,24.89,65.79,0.13,0.277
S02141,73.007,25.18,0.0,80.74,73.211,13.86,0.0,60.38,22.25,5.0,76.57,0.204,0.177
S09341,52.927,29.87,1.21,74.02,53.243,23.02,8.71,78.62,23.67,16.52,67.09,0.316,0.484
S05275,66.946,25.33,0.0,62.33,67.316,22.53,2.64,84.89,23.91,1.25,71.62,0.37,0.144
S06235,61.92,21.75,0.81,59.87,62.143,22.64,0.0,79.97,23.8,2.7,69.89,0.223,0.322
S05205,72.121,16.53,0.0,45.51,72.325,27.16,0.0,77.15,19.9,0.0,61.23,0.204,0.126
S03976,58.014,19.74,14.5,68.19,58.396,24.4,14.73,90.85,24.58,0.0,82.38,0.382,0.383
S07267,65.682,25.34,0.0,59.09,66.168,20.36,4.98,61.74,21.49,14.17,67.28,0.486,0.284
S08559,50.078,25.46,3.22,78.33,50.421,22.94,12.33,55.25,26.62,13.89,73.45,0.343,0.57
S01193,66.156,22.93,0.0,63.41,66.297,24.89,0.0,77.49,24.09,10.32,59.89,0.141,0.252
S00421,55.676,16.99,0.0,61.36,55.873,25.37,6.97,64.48,17.19,11.27,73.44,0.197,0.352
S05524,51.386,29.48,0.0,74.04,51.817,12.0,0.0,81.02,23.68,0.41,70.52,0.431,0.339
S00237,56.932,20.42,0.0,66.69,57.193,24.56,2.12,69.05,25.4,9.65,61.91,0.261,0.347
S06160,69.499,19.59,0.0,59.45,69.71,17.52,0.0,69.01,19.46,0.0,68.5,0.211,0.098
S08643,60.921,25.88,0.0,61.19,61.224,25.15,1.17,68.13,25.95,34.05,68.92,0.303,0.566
S02643,62.776,20.27,4.56,80.33,63.042,24.02,7.1,67.35,19.76,3.64,82.91,0.266,0.196
S08133,64.616,23.85,19.59,66.53,64.967,24.49,0.0,62.41,25.14,0.0,74.85,0.351,0.235
S07752,58.678,26.28,0.0,73.31,58.945,20.9,0.0,90.87,22.32,2.93,70.23,0.267,0.293
S09255,70.576,25.34,1.15,62.65,70.752,21.24,0.0,76.29,20.77,0.0,63.6,0.176,0.039
S04312,65.754,28.95,1.28,78.54,66.025,23.76,3.66,60.76,24.76,0.0,70.85,0.271,0.212
S01010,74.65,25.84,1.61,77.26,74.982,27.16,2.45,51.89,21.46,0.0,63.34,0.332,0.048
S03140,42.547,24.71,0.0,67.39,42.896,22.0,0.0,81.58,20.41,6.11,52.49,0.349,0.25
S07517,66.935,27.36,0.0,65.4,67.136,23.49,0.0,81.86,23.23,1.09,66.43,0.201,0.213
S01212,64.607,26.29,0.0,74.38,64.844,23.25,1.86,69.45,21.82,0.0,73.28,0.237,0.168
S03788,60.34,17.99,0.0,75.71,60.475,23.68,0.0,77.02,25.94,5.04,64.81,0.135,0.323
S07219,52.453,23.73,0.0,59.07,52.757,23.14,9.46,78.8,20.72,10.57,67.2,0.304,0.367
S06796,50.81,14.74,0.0,65.22,50.995,17.82,0.0,61.7,19.32,2.26,70.35,0.185,0.306
S04293,53.364,24.02,0.0,73.51,53.6,26.51,1.71,70.31,27.39,0.13,70.36,0.236,0.343
S09940,66.027,27.85,3.45,72.4,66.267,25.68,0.0,62.42,21.03,0.47,69.27,0.24,0.13
S00806,63.079,21.26,0.0,61.25,63.194,24.27,0.0,67.19,25.18,5.43,86.03,0.115,0.364
S00478,61.86,19.33,0.0,57.14,62.068,23.02,0.0,79.23,27.26,39.33,77.56,0.208,0.707
S09581,51.0,24.07,0.0,61.46,51.333,27.09,0.0,73.69,17.12,1.0,75.22,0.333,0.221
S06576,55.335,24.69,0.0,70.33,55.633,25.12,13.76,82.78,25.47,0.96,72.82,0.298,0.288
S09089,72.383,17.69,0.0,55.16,72.428,23.56,1.04,75.23,19.86,0.0,64.66,0.045,0.037
S07348,67.568,25.76,0.0,71.9,67.832,21.78,0.0,70.45,23.5,10.52,68.41,0.264,0.276
S08748,63.9,22.86,12.55,76.69,64.227,25.69,0.0,68.95,24.28,15.65,73.12,0.327,0.392
S01813,76.935,22.76,0.0,53.0,77.005,20.5,0.0,66.71,23.95,11.37,63.67,0.07,0.199
S08083,60.011,20.07,0.0,42.72,60.184,22.79,0.0,65.87,26.59,0.0,67.0,0.173,0.308
S09471,68.855,17.51,0.93,74.87,69.124,20.96,35.0,69.68,26.3,0.0,69.04,0.269,0.234
S05379,50.049,23.29,0.0,68.74,50.39,23.85,0.0,74.44,23.4,0.0,76.01,0.341,0.288
S04553,59.43,13.52,0.0,72.58,59.611,25.21,3.02,71.55,18.35,16.55,65.28,0.181,0.313
S04657,64.654,25.13,0.0,84.29,64.841,18.75,0.0,72.73,26.24,1.53,67.25,0.187,0.253
S03380,69.923,17.99,0.0,83.33,70.165,24.35,0.0,61.38,24.1,1.58,71.73,0.242,0.183
S07388,63.794,26.06,0.0,90.34,64.022,28.47,0.0,75.9,24.17,30.95,65.44,0.228,0.502
S06752,74.481,15.58,0.0,78.83,74.596,25.04,14.37,81.13,25.94,11.86,72.91,0.115,0.283
S01563,59.692,27.36,0.0,77.87,59.921,26.06,0.0,69.34,26.07,34.93,65.9,0.229,0.662
S01057,73.886,14.67,1.47,61.19,73.923,24.23,0.0,68.72,22.43,8.95,74.37,0.037,0.195
S06214,61.221,25.77,0.0,91.32,61.509,21.36,2.82,83.28,18.17,4.17,65.89,0.288,0.129
S09323,52.243,23.02,0.0,64.28,52.493,21.76,0.0,80.24,24.68,1.3,66.17,0.25,0.337
S04859,73.222,20.01,0.0,76.7,73.606,20.79,0.0,63.29,24.32,17.29,67.54,0.384,0.401
S00240,62.787,24.35,13.54,82.65,63.152,18.9,0.0,67.14,23.92,2.11,61.54,0.365,0.191
S09861,66.405,19.54,0.0,58.37,66.591,14.01,1.87,63.01,20.08,0.0,71.19,0.186,0.212
S08082,68.115,22.52,0.0,70.18,68.423,16.93,3.49,67.32,18.99,16.12,65.22,0.308,0.271
S04887,51.863,17.91,0.0,64.87,52.08,18.09,0.0,51.7,24.3,2.34,69.56,0.217,0.351
S08180,59.769,19.33,0.0,85.6,59.921,21.65,7.9,77.54,21.56,2.71,73.79,0.152,0.266
S05961,67.484,26.85,0.0,76.99,67.801,25.44,0.0,68.77,20.36,0.0,72.89,0.317,0.189
S06783,63.655,20.88,23.07,71.74,64.005,15.85,0.0,62.97,23.13,8.08,71.28,0.35,0.291
S03623,67.645,22.84,0.0,71.36,67.872,23.59,3.23,65.8,26.88,0.0,72.05,0.227,0.302
S07787,60.728,24.68,1.23,68.05,60.981,23.0,10.17,77.64,24.27,1.11,69.87,0.253,0.206
S02287,76.235,24.32,0.0,75.74,76.525,21.66,1.83,70.29,21.19,0.53,62.3,0.29,0.137
S07838,70.79,17.05,0.0,71.58,70.905,27.96,0.0,73.11,19.32,0.07,71.14,0.115,0.102
S06888,57.078,25.75,0.86,63.56,57.366,19.5,0.0,72.06,21.48,0.0,74.72,0.288,0.29
S05042,60.939,24.41,0.0,78.69,61.192,25.81,0.0,68.75,24.47,0.29,81.89,0.253,0.308
S00276,58.66,20.33,27.75,75.09,59.239,29.83,10.3,68.28,20.58,1.87,66.05,0.579,0.138
S08146,74.033,20.8,0.0,58.73,74.148,21.07,14.58,78.15,24.02,5.26,72.95,0.115,0.234
S08668,50.803,22.55,0.0,73.1,51.33,14.29,0.0,61.9,23.73,7.77,73.99,0.527,0.444
S06157,67.282,22.16,0.0,45.68,67.329,21.8,0.0,59.76,21.72,18.61,72.6,0.047,0.407
S01623,57.035,23.66,0.0,56.79,57.271,24.55,0.0,57.85,20.18,0.88,61.35,0.236,0.179
S05302,68.84,23.21,5.53,78.85,69.118,15.9,11.15,61.99,17.82,1.88,81.81,0.278,0.108
S09750,63.247,27.69,17.96,71.53,63.672,19.74,0.0,80.18,25.8,4.8,70.98,0.425,0.301
S06288,65.22,13.11,0.0,60.89,65.34,22.01,0.0,67.39,21.56,1.11,65.1,0.12,0.131
S08834,67.343,25.94,2.7,78.93,67.572,21.82,0.0,73.59,22.57,0.0,76.35,0.229,0.239
S01923,56.442,23.78,0.0,74.05,56.659,17.06,0.0,70.66,23.87,5.56,73.81,0.217,0.322
S00118,61.396,25.91,0.0,70.93,61.773,25.15,0.19,71.87,26.68,2.26,74.82,0.377,0.405
S05231,63.453,26.31,0.0,80.09,63.694,26.22,27.56,79.42,24.84,0.0,76.76,0.241,0.299
S08791,64.993,19.8,0.0,56.47,65.164,21.77,0.0,66.71,24.07,0.0,74.34,0.171,0.228
S06245,64.625,20.9,0.0,79.6,64.812,20.49,0.0,62.26,25.34,1.04,82.47,0.187,0.261
S04258,71.135,19.24,0.0,66.85,71.22,22.96,23.02,67.92,19.96,1.06,63.82,0.085,0.109
S07625,67.602,27.15,26.4,55.34,68.057,20.32,0.0,78.73,17.53,10.31,74.58,0.455,0.252
S04648,71.97,26.07,5.8,88.96,72.276,19.76,0.0,67.98,22.66,6.82,71.53,0.306,0.291
S04976,68.595,24.55,2.85,81.02,68.874,26.09,0.0,63.9,19.16,0.0,65.83,0.279,0.109
S09128,66.685,22.27,0.0,69.48,66.91,23.87,0.0,68.69,23.54,0.04,65.85,0.225,0.16
S04386,66.014,25.01,0.0,81.83,66.233,20.89,28.21,66.43,25.07,3.46,59.84,0.219,0.293
S09256,65.054,27.85,1.6,69.05,65.451,21.83,0.74,71.34,21.7,0.7,63.14,0.397,0.15
S06986,56.832,24.47,0.0,65.81,57.055,22.35,10.54,59.18,17.11,5.58,77.26,0.223,0.092
S07966,63.69,19.91,0.0,55.55,64.018,26.07,0.0,66.68,22.37,4.52,71.63,0.328,0.173
S04403,67.19,22.72,4.48,61.04,67.309,18.68,0.0,60.65,23.27,0.0,69.89,0.119,0.161
S00040,55.031,22.27,0.0,71.96,55.346,21.55,0.0,70.29,20.74,6.31,84.95,0.315,0.304
S03921,55.003,24.47,0.0,67.05,55.362,26.25,0.0,88.8,21.53,0.0,66.72,0.359,0.243
S07081,67.808,26.65,7.62,68.94,67.993,24.24,0.0,71.15,22.03,6.38,74.72,0.185,0.269
S00163,40.95,26.17,0.0,80.36,41.364,21.26,5.95,72.43,21.04,0.0,66.64,0.414,0.308
S03981,64.291,20.61,0.0,62.79,64.655,20.45,0.18,67.69,22.66,1.35,67.76,0.364,0.178
S01295,60.471,27.36,9.89,73.9,60.906,24.33,1.54,68.56,16.34,0.41,60.11,0.435,0.169
S03859,63.78,24.5,0.0,72.18,64.016,24.25,0.0,66.82,20.37,3.18,72.47,0.236,0.225
S09876,71.809,21.75,0.0,78.11,71.848,27.23,16.73,73.16,18.78,4.02,76.21,0.039,0.151
S01140,51.436,23.64,7.11,80.2,51.932,28.91,0.0,67.3,23.01,6.98,77.01,0.496,0.42
S05218,53.067,22.52,18.38,87.49,53.695,19.98,18.06,68.54,21.85,0.0,68.04,0.628,0.233
S04299,72.471,15.2,0.0,66.61,72.577,18.56,0.0,70.54,24.02,2.83,78.79,0.106,0.262
S09566,65.534,18.63,0.0,73.97,65.643,19.9,0.0,72.69,20.98,0.0,79.49,0.109,0.281
S00808,59.744,14.88,8.27,67.32,60.004,28.99,11.95,68.98,14.84,1.05,60.44,0.26,0.02
S00065,64.026,18.72,0.0,72.26,64.214,19.09,0.0,68.86,25.92,35.09,74.98,0.188,0.616
S04564,69.754,27.86,0.0,63.29,69.881,25.22,0.0,69.85,25.37,2.29,80.1,0.127,0.277
S00520,68.257,24.99,0.0,76.33,68.444,23.8,8.71,60.96,21.23,9.55,64.96,0.187,0.264
S03047,62.642,27.99,0.0,84.78,62.864,19.93,0.0,72.69,24.73,9.03,70.06,0.222,0.267
S05416,64.932,26.47,6.17,77.98,65.308,22.31,0.0,78.38,24.67,0.0,63.65,0.376,0.172
S05708,64.37,20.82,0.0,73.21,64.628,16.62,0.0,70.12,25.96,7.24,64.87,0.258,0.352
S03987,62.796,24.8,0.0,88.75,63.199,26.61,0.0,63.77,21.67,0.0,73.52,0.403,0.128
S06110,57.619,22.38,0.0,69.52,57.915,19.88,0.0,66.22,20.47,2.82,70.83,0.296,0.287
S09363,57.368,22.18,0.0,71.17,57.563,30.36,0.0,59.91,26.27,0.0,75.16,0.195,0.335
S01040,69.242,19.21,0.0,70.57,69.359,21.75,0.0,84.73,20.71,19.13,83.71,0.117,0.43
S05957,73.954,26.38,9.38,74.02,74.366,23.08,0.0,69.76,21.58,0.36,70.06,0.412,0.172
S04356,59.395,17.36,0.0,69.44,59.628,22.77,0.0,73.63,22.53,3.05,70.22,0.233,0.246
S05256,56.368,20.09,0.91,72.19,56.614,18.52,0.0,58.4,17.56,15.07,70.77,0.246,0.322
S05415,53.959,20.97,0.0,84.85,54.263,16.09,0.0,63.16,25.85,0.8,68.35,0.304,0.295
S07928,56.561,23.15,0.67,71.3,56.901,21.31,0.0,77.79,23.63,1.42,79.51,0.34,0.329
S08557,76.507,23.62,0.65,80.34,76.714,25.59,0.0,75.93,19.46,0.0,68.71,0.207,0.053
S08231,72.989,23.16,15.93,72.15,73.302,23.34,5.16,76.85,18.27,2.5,59.99,0.313,0.048
S06405,75.67,22.29,0.0,68.27,75.996,21.03,8.91,71.85,20.14,21.36,71.97,0.326,0.334
S04763,62.381,28.16,0.0,84.43,62.788,23.73,0.0,71.22,24.78,8.24,62.43,0.407,0.301
S09677,59.668,17.56,0.0,72.43,59.82,22.64,0.0,63.03,17.79,4.25,59.5,0.152,0.186
S00487,52.08,22.63,0.0,70.09,52.434,17.74,0.0,64.48,19.8,0.59,73.79,0.354,0.356
S09737,45.372,19.11,7.14,78.89,45.766,17.64,0.0,72.73,22.94,8.54,72.31,0.394,0.445
S03827,61.42,18.62,0.0,74.05,61.634,14.78,0.0,65.57,27.36,4.06,62.55,0.214,0.319
S08079,64.12,21.19,0.0,77.19,64.39,29.84,0.6,94.18,24.5,2.45,81.47,0.27,0.237
S07919,53.735,31.36,0.0,86.75,54.272,24.34,0.0,70.74,18.74,0.0,76.44,0.537,0.211
S04614,57.788,26.08,0.0,67.49,58.156,22.07,3.23,74.04,26.33,2.76,68.61,0.368,0.307
S09266,82.62,22.39,0.0,78.65,82.882,15.85,0.0,63.79,25.0,4.79,64.58,0.262,0.075
S04459,68.765,17.6,0.0,59.27,68.863,26.63,8.21,70.07,28.29,0.71,82.89,0.098,0.311
S05671,57.634,20.62,0.0,53.57,57.799,26.78,0.0,76.23,15.11,0.0,60.32,0.165,0.084
S01258,63.245,22.63,0.0,75.92,63.433,26.46,0.0,65.46,24.21,0.0,72.07,0.188,0.277
S02784,65.683,22.24,0.0,80.94,65.839,18.71,0.0,64.8,23.7,1.04,64.75,0.156,0.219
S08499,55.707,25.44,0.0,81.78,56.009,21.17,9.0,77.54,23.06,4.0,66.26,0.302,0.256
S08813,67.604,24.55,13.31,83.77,67.984,22.95,0.0,79.76,28.21,16.86,76.27,0.38,0.495
S04968,65.605,25.76,5.31,81.53,66.007,25.22,0.0,63.61,21.01,34.18,65.06,0.402,0.527
S00628,74.752,14.32,0.0,73.67,74.793,23.62,0.0,65.81,25.28,1.35,76.93,0.041,0.215
S07819,67.815,21.94,0.0,63.5,67.972,18.5,0.0,61.29,19.63,0.0,67.94,0.157,0.174
S09293,70.519,22.74,2.16,63.07,70.723,17.62,0.0,50.08,24.43,24.71,77.73,0.204,0.495
S01601,77.216,23.76,0.0,65.1,77.292,24.1,0.0,52.41,24.94,0.0,73.7,0.076,0.117
S04766,73.022,30.95,0.0,82.4,73.301,20.07,0.0,64.13,23.17,3.28,82.84,0.279,0.16
S04646,64.046,18.78,0.0,76.51,64.186,23.06,0.0,82.0,25.95,4.68,75.82,0.14,0.281
S08920,82.657,26.95,3.94,71.36,82.842,26.78,0.0,71.08,23.17,6.56,56.29,0.185,0.06
S03185,65.06,27.65,2.07,72.21,65.317,17.37,0.0,71.27,25.29,28.38,70.57,0.257,0.432
S04475,56.047,20.44,0.0,59.49,56.201,26.04,5.57,74.36,23.73,2.79,81.94,0.154,0.362
S09578,62.351,22.38,3.74,84.8,62.643,29.1,0.0,55.21,25.71,3.99,74.2,0.292,0.235
S04173,62.504,25.64,5.75,83.59,62.804,21.19,0.94,73.53,25.41,24.03,78.28,0.3,0.498
S00557,66.786,26.77,0.0,65.63,67.008,20.17,0.0,57.66,21.47,0.0,67.94,0.222,0.151
S04549,54.905,29.15,0.0,74.46,55.207,17.87,0.0,59.94,26.6,9.13,87.18,0.302,0.476
S07990,70.976,21.59,0.0,64.15,71.096,24.05,5.89,83.79,21.55,5.02,75.47,0.12,0.151
S04166,49.547,20.4,0.0,78.83,49.778,26.17,4.89,82.01,21.24,3.71,71.72,0.231,0.291
S05006,65.468,21.33,0.0,79.23,65.67,20.78,0.0,73.36,23.55,0.0,70.8,0.202,0.212
S02127,59.769,17.34,0.0,64.12,59.999,19.89,0.0,82.7,28.12,7.23,57.96,0.23,0.321
S00295,50.361,23.55,5.07,80.36,50.72,24.01,0.0,82.33,29.11,0.0,67.33,0.359,0.41
S06505,67.001,21.52,0.0,64.91,67.209,26.33,1.18,61.29,23.61,1.46,72.55,0.208,0.219
S00475,54.69,26.61,0.0,79.1,54.947,22.13,0.0,73.01,21.06,0.97,69.59,0.257,0.284
S02666,58.871,23.01,0.0,72.34,59.069,24.69,0.0,76.25,24.1,18.15,84.68,0.198,0.482
S02237,64.798,17.69,0.0,59.9,64.962,23.32,0.88,83.3,22.13,6.46,58.66,0.164,0.224
S09618,65.179,25.85,0.0,55.49,65.479,26.57,0.0,58.1,17.11,0.0,80.44,0.3,0.082
S00754,66.192,15.62,0.0,57.98,66.255,23.38,0.0,62.19,20.8,2.04,77.4,0.063,0.201
S07862,83.479,21.47,0.0,81.62,83.503,22.83,3.39,87.01,22.36,3.17,60.36,0.024,0.089
S07395,62.145,23.62,0.0,76.92,62.343,21.58,0.0,62.98,22.66,0.0,66.4,0.198,0.215
S08758,54.952,16.12,0.0,52.67,55.078,25.3,4.03,76.67,27.65,3.46,75.91,0.126,0.364
S00671,62.567,25.23,0.0,69.48,62.933,16.41,0.0,65.61,22.44,0.0,67.08,0.366,0.164
S04080,68.006,25.49,0.0,67.15,68.151,18.18,0.0,69.96,26.2,30.69,77.76,0.145,0.626
S06567,70.671,16.27,0.0,72.81,70.736,24.49,0.0,74.65,23.55,2.77,74.83,0.065,0.201
S03075,74.195,28.86,0.0,74.99,74.342,19.43,0.0,64.03,24.47,14.0,55.96,0.147,0.226
S07615,62.237,29.9,0.0,69.52,62.521,25.76,0.0,71.08,21.92,2.2,70.88,0.284,0.196
S09745,51.157,25.33,0.0,66.96,51.504,19.55,0.0,55.66,26.13,9.53,64.02,0.347,0.334
S05785,71.892,23.88,0.0,63.14,72.024,23.34,0.0,81.2,27.17,0.0,79.04,0.132,0.272
S07298,59.384,25.16,3.32,71.84,59.787,17.39,0.0,65.17,21.26,2.4,67.04,0.403,0.182
S03665,54.305,21.74,0.0,72.76,54.65,28.24,4.47,70.78,23.41,1.73,67.58,0.345,0.332
S05096,44.143,23.92,0.0,48.44,44.495,26.06,0.23,65.66,24.46,7.25,70.71,0.352,0.5
S09513,59.663,28.92,12.59,70.05,59.964,19.82,0.0,71.41,20.23,1.19,70.16,0.301,0.215
S01580,61.262,18.1,0.0,65.21,61.389,21.21,0.0,69.76,29.09,3.36,79.5,0.127,0.441
S06260,69.773,22.92,6.01,61.26,69.921,24.28,0.0,73.18,18.08,3.78,57.08,0.148,0.088
S00005,52.354,23.02,9.36,53.78,52.836,19.04,0.0,54.73,23.1,38.56,73.78,0.482,0.647
S07258,54.569,27.68,11.93,61.67,54.945,21.69,0.0,80.84,19.55,0.0,70.37,0.376,0.151
S06088,62.521,23.0,0.0,81.75,62.76,16.89,0.0,55.43,27.27,2.46,88.76,0.239,0.388
S09756,72.95,20.12,0.0,68.4,72.992,27.74,0.17,67.21,21.22,4.69,71.75,0.042,0.098
S01615,65.425,22.42,0.0,71.61,65.683,16.94,0.0,51.64,23.37,19.88,59.86,0.258,0.346
S07222,73.348,23.62,0.0,68.14,73.427,21.65,0.0,71.88,20.47,7.76,61.96,0.079,0.091
S01292,63.997,21.46,0.0,60.33,64.161,24.47,0.0,90.24,21.24,12.91,77.81,0.164,0.261
S01584,58.853,18.07,0.0,73.15,59.138,20.99,0.0,67.94,21.83,15.44,59.29,0.285,0.317
S07912,69.008,23.08,0.0,84.74,69.333,23.31,0.0,66.99,21.04,3.65,68.63,0.325,0.111
S03086,63.924,19.34,0.0,86.49,64.21,24.3,0.0,75.37,22.25,1.63,79.02,0.286,0.225
S01017,68.604,18.66,0.0,58.34,68.71,20.57,0.0,84.88,24.09,0.0,82.68,0.106,0.244
S04837,61.361,21.29,0.37,65.4,61.636,21.83,0.0,63.64,23.25,1.93,67.2,0.275,0.146
S09480,47.428,24.46,0.0,51.98,47.805,20.83,0.0,57.88,26.48,10.16,72.59,0.377,0.48
S03305,62.529,17.57,0.0,63.98,62.594,21.51,0.0,65.77,13.95,14.6,61.63,0.065,0.213
S09952,60.116,23.02,2.9,79.74,60.612,24.25,0.0,68.14,21.99,10.55,66.51,0.496,0.306
S06704,57.414,23.8,0.0,69.45,57.668,17.19,0.0,64.64,23.23,8.32,79.96,0.254,0.296
S05153,50.172,25.69,0.0,66.61,50.399,21.73,0.0,75.43,26.03,1.89,80.24,0.227,0.437
S01332,61.912,18.26,0.0,63.86,62.068,27.33,6.52,78.91,25.3,45.0,71.55,0.156,0.78
S06086,51.75,19.36,9.09,64.66,52.025,26.5,0.0,70.82,26.8,5.94,65.06,0.275,0.405
S03733,58.068,14.88,0.0,67.89,58.277,20.78,0.0,62.26,24.55,0.1,61.5,0.209,0.33
S09598,46.163,24.14,0.0,77.59,46.44,27.67,0.0,78.34,21.36,0.0,72.26,0.277,0.319
S07830,53.698,17.99,0.0,68.11,53.975,16.48,0.0,53.52,22.15,13.86,64.13,0.277,0.363
S05181,62.367,23.23,7.07,65.16,62.601,24.68,0.0,62.67,23.8,6.44,71.35,0.234,0.37
S09059,50.421,26.96,2.78,69.41,50.697,25.99,9.68,77.62,23.64,31.79,69.83,0.276,0.726
S03426,70.469,20.86,0.0,53.11,70.622,18.59,0.0,67.5,17.43,6.66,65.18,0.153,0.176
S09415,74.405,19.85,0.0,75.73,74.498,25.19,2.98,58.61,22.95,22.1,70.46,0.093,0.321
S02290,69.613,24.39,0.0,70.77,69.824,21.41,0.0,62.91,23.62,0.0,65.51,0.211,0.172
S05787,63.143,20.78,0.0,76.76,63.336,22.22,7.67,59.92,25.83,0.0,72.82,0.193,0.293
S00069,60.777,24.77,31.42,81.03,61.55,18.78,0.0,68.33,26.46,1.83,60.64,0.773,0.227
S03628,55.484,18.61,0.0,55.32,56.051,25.35,0.0,71.65,28.53,2.56,80.35,0.567,0.409
S04881,48.285,19.98,7.09,66.24,48.663,23.99,0.0,69.85,22.57,3.52,76.74,0.378,0.3
S09882,68.322,23.81,0.0,87.92,68.616,24.75,15.4,83.05,22.99,0.87,73.05,0.294,0.274
S05352,50.401,20.34,0.0,82.84,50.663,23.89,0.0,73.31,21.18,32.62,74.6,0.262,0.673
S00568,56.469,17.18,0.0,62.24,56.664,24.44,5.07,75.11,24.88,6.05,68.61,0.195,0.313
S08347,48.681,21.5,0.0,88.79,49.082,23.04,4.92,71.47,22.98,12.47,54.95,0.401,0.387
S06395,66.04,23.31,0.0,76.58,66.167,18.06,0.0,63.77,20.98,0.0,78.27,0.127,0.178
S01355,61.548,23.09,0.0,90.75,61.866,25.29,6.21,72.09,19.44,1.38,70.19,0.318,0.158
S04788,55.111,26.99,22.43,69.2,55.501,15.55,0.0,84.41,24.12,6.14,78.45,0.39,0.442
S08917,60.199,21.71,3.54,76.32,60.495,19.94,0.0,67.45,20.52,1.02,72.53,0.296,0.222
S09722,55.663,30.01,0.0,64.37,56.17,26.18,0.0,77.13,22.79,14.53,77.27,0.507,0.539
S03887,61.363,27.06,0.0,84.47,61.62,29.88,19.27,70.49,27.63,0.0,63.76,0.257,0.331
S09108,56.395,25.49,0.0,65.09,56.712,22.06,7.08,82.56,22.34,0.0,65.24,0.317,0.243
S00663,58.959,27.16,0.0,64.11,59.132,17.57,0.0,80.74,19.2,0.0,73.09,0.173,0.135
S06626,52.322,27.83,2.5,74.07,52.659,24.02,0.64,59.04,24.33,0.0,70.94,0.337,0.317
S09638,52.061,27.64,14.91,69.13,52.421,26.35,0.0,68.58,22.72,0.0,75.03,0.36,0.257
S03000,53.874,18.56,0.0,62.66,54.088,23.62,8.16,69.16,22.85,0.03,78.15,0.214,0.317
S08612,59.392,27.46,0.18,86.8,59.812,24.38,0.0,74.27,24.87,0.0,68.34,0.42,0.249
S02550,60.488,22.21,0.0,76.25,60.738,18.6,0.0,72.45,18.88,19.85,60.78,0.25,0.287
S02168,59.532,17.11,0.0,65.13,59.668,18.41,0.0,66.74,28.41,0.0,93.36,0.136,0.415
S01887,73.514,22.87,0.0,62.14,73.64,24.65,0.0,68.83,25.26,1.17,86.26,0.126,0.213
S06672,73.497,28.38,2.27,70.8,73.852,23.62,0.0,73.72,24.43,1.58,80.12,0.355,0.184
S08691,67.836,16.36,0.0,63.33,67.921,28.8,0.0,62.92,26.25,0.0,68.48,0.085,0.165
S08769,64.417,20.91,0.0,81.23,64.64,23.35,0.0,61.04,26.77,11.89,70.39,0.223,0.419
S08288,65.784,23.09,17.45,62.36,66.062,24.68,0.0,63.83,18.42,0.69,67.13,0.278,0.079
S00214,51.846,23.93,0.51,74.36,52.144,22.75,0.0,55.69,27.17,28.93,77.25,0.298,0.712
S02086,71.393,16.53,0.0,81.07,71.523,22.56,0.0,69.38,22.91,18.26,73.74,0.13,0.263
S01565,51.53,17.52,5.07,67.84,51.788,21.98,0.0,73.06,20.84,0.0,69.64,0.258,0.221
S07009,56.094,27.23,0.0,83.91,56.427,28.23,0.0,75.4,22.32,1.28,65.35,0.333,0.281
S08498,68.341,23.21,23.97,64.45,68.763,24.19,0.0,58.12,21.66,0.0,72.39,0.422,0.117
S05258,60.885,18.07,0.0,61.37,61.074,20.43,2.92,64.07,18.71,0.0,62.81,0.189,0.167
S08654,40.79,27.71,0.0,80.99,41.385,21.99,0.0,78.15,25.56,1.35,72.38,0.595,0.372
S05292,49.215,26.76,0.0,68.15,49.616,26.57,0.0,68.6,25.13,3.11,77.38,0.401,0.447
S08712,75.584,22.88,0.0,75.13,75.776,23.36,0.0,71.51,23.37,15.39,60.1,0.192,0.252
S04817,75.132,26.81,23.77,63.84,75.501,14.52,0.0,64.41,17.51,3.13,68.06,0.369,0.059
S05792,57.566,26.05,0.0,95.65,57.921,25.72,0.0,74.41,24.68,0.0,82.15,0.355,0.295
S07464,71.756,26.72,0.0,62.03,71.888,22.82,0.0,60.26,24.32,2.92,70.44,0.132,0.157
S00268,61.526,14.54,0.0,74.46,61.702,23.39,0.0,62.51,22.54,10.53,70.89,0.176,0.38
S05283,74.45,21.24,0.0,80.83,74.552,26.62,0.0,68.7,21.72,2.72,78.55,0.102,0.21
S07937,57.628,16.2,0.0,63.35,57.849,16.28,2.27,64.89,25.41,0.87,72.88,0.221,0.213
S04352,62.29,16.04,0.0,54.77,62.403,23.41,9.85,79.26,21.14,0.0,74.83,0.113,0.147
S04892,63.826,15.11,0.0,75.45,64.098,27.43,0.0,79.99,23.45,19.85,78.68,0.272,0.525
S07010,52.896,25.52,0.0,64.58,53.115,23.16,0.0,76.55,18.03,4.08,62.75,0.219,0.162
S07045,60.288,21.33,0.0,81.38,60.583,21.65,0.0,77.15,24.12,10.15,64.78,0.295,0.42
S04034,72.189,23.24,0.0,66.36,72.288,20.12,0.0,69.86,20.65,0.0,75.26,0.099,0.112
S07737,55.608,28.49,0.0,75.5,55.861,30.14,8.1,71.52,20.83,3.28,70.05,0.253,0.181
S05199,80.8,21.57,0.0,62.66,80.823,17.28,0.0,66.76,25.46,27.43,87.79,0.023,0.52
S05730,59.69,17.59,0.0,59.45,59.784,26.36,9.91,61.16,25.92,0.0,65.03,0.094,0.295
S01393,62.632,18.66,0.0,74.79,62.844,23.67,0.0,62.79,24.57,7.49,71.6,0.212,0.344
S09071,73.167,20.26,0.0,74.48,73.344,23.53,2.44,69.74,23.43,0.0,75.56,0.177,0.193
S09759,60.902,17.07,0.0,62.3,60.969,17.99,0.0,62.74,19.78,0.0,67.21,0.067,0.179
S03699,72.788,26.02,0.0,75.69,73.002,18.01,0.0,66.6,22.87,1.44,76.87,0.214,0.215
S08341,59.597,23.53,0.0,69.76,59.809,25.8,0.0,71.81,25.28,0.0,79.39,0.212,0.273
S02172,64.967,25.87,8.26,68.49,65.248,24.42,35.0,65.63,21.99,7.07,70.51,0.281,0.238
S06727,58.748,22.64,0.0,68.38,58.906,22.02,10.34,75.19,25.76,0.0,70.43,0.158,0.324
S01821,65.246,19.63,0.0,57.52,65.338,30.29,0.0,58.24,22.31,0.0,79.23,0.092,0.242
S03609,68.598,25.24,0.0,74.68,68.93,25.05,0.0,63.19,19.45,8.81,69.34,0.332,0.297
S00668,56.99,24.33,0.0,69.63,57.407,20.06,0.0,79.14,24.9,25.56,71.24,0.417,0.492
S07408,57.807,21.16,0.0,60.16,58.072,22.0,0.0,73.62,19.38,0.0,77.76,0.265,0.247
S02423,73.75,27.56,2.87,67.42,73.99,18.14,0.0,88.89,22.21,0.72,68.46,0.24,0.109
S04552,50.654,14.97,0.0,71.14,50.851,25.22,0.0,59.33,25.9,0.42,67.43,0.197,0.362
S02699,59.835,24.4,0.0,61.04,60.175,29.52,0.0,66.22,18.35,15.63,64.76,0.34,0.276
S00826,78.896,21.13,0.0,61.15,79.011,25.93,12.62,71.94,23.01,6.75,66.19,0.115,0.11
S03144,80.997,23.97,2.39,84.81,81.094,14.66,0.0,63.92,22.93,18.02,64.16,0.097,0.262
S00410,70.978,18.8,0.0,75.34,71.293,23.5,0.0,76.29,22.5,0.91,64.54,0.315,0.115
S00343,50.482,25.51,0.0,79.7,50.797,25.78,0.0,66.66,27.78,1.59,65.92,0.315,0.379
S05938,52.602,26.25,10.81,66.53,52.959,21.86,0.0,63.95,27.29,2.55,74.04,0.357,0.435
S01341,51.196,21.1,0.0,57.75,51.369,26.69,7.97,79.44,24.81,2.46,72.82,0.173,0.346
S05571,51.454,22.52,0.0,78.78,51.8,20.12,0.0,65.13,21.91,3.19,77.56,0.346,0.308
S02485,63.299,20.75,0.0,60.96,63.756,20.82,0.0,66.72,20.71,0.4,64.99,0.457,0.129
S08155,62.746,22.64,0.0,76.93,62.89,23.41,0.0,78.88,21.74,3.48,57.65,0.144,0.213
S04658,62.794,24.57,0.0,74.05,63.011,22.99,10.18,70.53,28.94,10.39,74.49,0.217,0.438
S01767,54.736,23.36,3.48,61.44,55.027,26.64,0.0,78.11,25.54,1.72,64.65,0.291,0.374
S01046,60.266,23.16,0.0,77.77,60.506,24.58,0.0,66.13,23.33,36.78,65.48,0.24,0.572
S08921,69.403,23.86,0.0,66.43,69.516,23.16,0.0,74.06,18.14,0.56,70.25,0.113,0.089
S06884,58.907,22.9,4.7,61.49,59.136,18.74,0.44,67.26,24.91,7.4,72.17,0.229,0.381
S07445,66.818,22.4,0.0,59.5,66.921,15.18,1.14,66.88,20.23,0.0,72.69,0.103,0.108
S02536,58.041,26.18,0.0,79.98,58.255,25.54,0.0,78.24,21.09,0.0,69.69,0.214,0.215
S09840,44.801,19.25,0.0,69.28,45.075,18.49,0.49,74.41,21.54,10.93,68.97,0.274,0.396
S06653,46.023,22.33,27.81,75.83,46.702,20.66,0.0,62.72,21.43,0.37,77.76,0.679,0.383
S08755,67.464,23.42,16.79,82.59,67.851,14.31,0.0,62.03,25.91,0.0,70.15,0.387,0.266
S07089,61.169,13.18,0.0,73.61,61.292,14.98,0.0,61.67,19.97,0.21,83.37,0.123,0.232
S09424,49.535,26.99,0.0,75.98,49.888,20.48,0.0,69.05,28.0,1.25,77.67,0.353,0.396
S07553,56.832,19.6,0.0,78.61,57.278,17.11,11.8,65.38,22.34,0.0,67.96,0.446,0.178
S03621,58.234,24.0,20.51,84.85,58.713,26.19,0.0,76.54,20.32,2.84,74.2,0.479,0.245
S07653,55.834,21.03,4.25,71.46,56.162,23.5,0.0,74.73,24.49,3.55,78.38,0.328,0.34
S06120,61.361,22.77,0.0,57.5,61.516,20.54,0.0,78.74,22.3,14.3,71.42,0.155,0.33
S01130,60.963,27.45,15.96,67.64,61.384,26.54,3.42,66.96,21.89,0.0,68.49,0.421,0.199
S02441,57.363,24.05,0.0,72.68,57.82,21.75,0.0,60.53,21.95,0.0,56.37,0.457,0.139
S07847,56.872,16.38,0.0,66.7,57.062,20.07,0.0,76.21,29.42,0.0,73.08,0.19,0.416
S02025,61.222,25.37,11.01,71.14,61.462,26.57,0.0,54.92,18.97,6.25,70.98,0.24,0.228
S05907,66.145,27.87,7.57,65.84,66.383,19.76,0.0,67.12,22.86,5.14,65.28,0.238,0.214
S02113,64.666,16.17,0.0,51.3,64.735,30.22,0.0,70.7,25.2,5.93,69.55,0.069,0.259
S03824,52.829,18.8,0.0,74.87,53.085,23.07,0.77,81.2,18.77,0.12,83.65,0.256,0.283
S06359,55.457,24.93,4.7,70.22,55.742,23.64,0.0,57.02,23.41,0.0,71.42,0.285,0.255
S04473,56.435,26.22,0.0,74.29,56.727,19.64,0.0,50.59,23.04,0.0,75.74,0.292,0.298
S09967,68.209,25.68,0.0,69.82,68.517,16.98,0.0,68.62,21.65,0.9,67.25,0.308,0.194
S08321,62.467,23.87,11.72,81.45,62.787,27.41,0.0,62.01,19.91,1.23,82.35,0.32,0.203
S04347,66.47,26.61,11.47,74.11,66.777,28.82,0.0,76.79,22.52,9.5,67.55,0.307,0.257
S02830,76.153,25.49,0.0,76.8,76.355,24.27,0.0,69.13,22.52,16.98,75.61,0.202,0.344
S09963,69.319,21.82,0.0,71.74,69.503,20.29,4.64,70.88,20.44,8.8,68.49,0.184,0.191
S08797,71.597,22.35,0.0,63.75,71.607,24.45,0.0,73.21,20.76,0.04,75.56,0.01,0.142
S07300,62.648,23.6,0.0,89.86,62.909,27.59,0.0,62.82,24.7,0.19,75.17,0.261,0.302
S09684,74.6,23.35,8.61,69.35,74.788,18.8,0.0,75.39,17.98,0.3,68.91,0.188,0.01
S02856,57.936,20.14,0.0,66.33,58.158,20.68,0.0,78.93,20.01,3.28,70.33,0.222,0.239
S08452,49.712,25.76,0.0,68.12,49.987,22.34,0.0,82.31,31.76,16.48,81.57,0.275,0.612
S01685,51.684,22.19,0.0,72.39,52.008,22.15,0.0,73.62,24.03,0.0,68.91,0.324,0.317
S07883,68.253,25.24,0.0,77.84,68.441,18.34,0.0,67.58,22.89,13.93,70.81,0.188,0.304
S04348,67.327,20.42,0.0,78.6,67.444,13.89,0.0,76.36,19.12,0.46,65.85,0.117,0.143
S04452,69.818,20.82,0.0,70.83,69.877,26.8,0.0,61.67,21.65,6.88,73.89,0.059,0.208
S02949,51.342,26.84,0.0,68.0,51.722,22.84,0.0,60.14,23.05,35.2,63.36,0.38,0.606
S09282,60.76,23.44,0.0,63.1,60.944,25.63,0.0,79.64,20.67,0.0,79.64,0.184,0.234
S02578,51.722,20.73,6.79,69.08,52.164,24.49,0.0,69.03,23.86,0.0,63.49,0.442,0.251
S05073,73.26,26.11,0.0,93.47,73.488,28.39,20.51,77.12,21.99,0.0,63.16,0.228,0.077
S06289,52.549,27.7,3.16,60.45,52.98,22.04,10.3,71.77,22.62,10.78,77.76,0.431,0.395
S05445,68.261,25.21,0.0,58.78,68.298,20.42,0.0,75.62,21.92,5.1,82.54,0.037,0.191
S03823,65.262,21.82,0.0,81.33,65.445,23.28,10.13,53.78,22.8,5.01,84.66,0.183,0.267
S09055,73.465,22.51,0.0,67.54,73.514,16.42,0.0,74.24,23.54,1.72,76.27,0.049,0.187
S06143,56.148,25.43,16.54,88.24,56.85,23.04,10.17,73.83,26.08,0.0,81.84,0.702,0.293
S04480,58.943,14.3,0.0,66.45,59.104,22.12,0.0,64.28,20.21,12.42,55.02,0.161,0.268
S05980,56.137,22.91,0.0,66.24,56.299,26.67,9.34,62.08,25.24,7.67,70.36,0.162,0.363
S09023,59.758,29.01,21.0,74.42,60.237,24.77,0.52,76.57,18.43,0.15,67.78,0.479,0.177
S08659,70.027,16.26,0.0,62.35,70.037,18.12,0.0,58.82,21.08,3.88,77.23,0.01,0.184
S03425,70.272,26.61,5.25,65.54,70.47,27.03,5.92,66.07,23.83,23.61,69.34,0.198,0.404
S00351,61.711,21.49,0.0,64.22,61.882,18.99,0.0,61.14,21.18,2.88,69.37,0.171,0.169
S05947,66.109,27.74,0.0,55.24,66.369,25.14,0.0,68.94,22.65,23.51,55.88,0.26,0.361
S04581,82.417,17.44,0.0,76.31,82.464,21.55,0.0,69.09,16.61,1.27,66.27,0.047,0.042
S03914,52.933,29.11,0.0,68.78,53.305,22.94,0.0,52.13,18.11,9.66,68.57,0.372,0.318
S01306,60.195,27.66,0.0,73.2,60.487,26.11,0.0,74.37,16.32,0.0,65.39,0.292,0.037
S04589,51.376,23.21,0.0,71.23,51.729,25.1,0.0,76.77,26.32,3.65,77.02,0.353,0.416
S00908,68.704,23.53,0.0,83.26,69.32,23.01,2.94,55.49,25.54,0.0,79.43,0.616,0.269
S03865,56.68,18.93,4.51,71.6,56.888,23.91,0.0,67.38,23.28,25.54,74.0,0.208,0.506
S03201,53.414,18.16,0.0,70.28,53.668,23.93,7.45,80.32,20.02,15.78,68.36,0.254,0.319
S04527,50.363,28.39,0.0,59.92,50.579,27.25,0.0,82.03,23.65,0.22,66.07,0.216,0.285
S04479,57.915,23.78,0.0,69.7,58.167,18.03,0.0,65.46,21.56,3.38,71.91,0.252,0.228
S05718,59.458,28.55,0.0,90.27,60.068,14.69,4.55,71.0,26.53,20.96,71.44,0.61,0.451
S03134,59.283,20.59,0.0,49.69,59.415,24.23,0.0,87.72,21.56,8.53,69.56,0.132,0.318
S08093,67.4,26.25,0.0,76.15,67.581,20.01,0.0,69.72,26.84,0.0,66.1,0.181,0.237
S02293,65.02,18.58,0.0,69.44,65.227,19.49,0.0,72.69,23.45,0.0,62.04,0.207,0.223
S01695,66.515,16.94,0.0,63.74,66.61,16.56,0.0,65.27,21.16,0.0,59.0,0.095,0.136
S06429,69.804,19.09,0.0,70.52,69.932,14.93,0.0,74.56,21.64,25.52,72.36,0.128,0.42
S02189,58.814,19.88,0.0,68.37,58.997,25.62,0.0,64.47,25.12,1.88,68.99,0.183,0.254
S04342,57.681,19.11,0.0,51.17,57.867,26.86,0.0,77.84,22.24,0.0,65.78,0.186,0.24
S06921,66.974,21.04,6.06,75.34,67.138,25.77,12.94,94.13,20.22,1.5,70.26,0.164,0.094
S07444,61.163,19.14,0.0,73.17,61.291,18.17,0.0,77.18,23.44,3.17,74.13,0.128,0.272
S08355,57.205,26.28,0.0,64.23,57.544,14.5,0.0,60.52,24.73,6.16,71.56,0.339,0.397
S06812,67.159,23.51,1.02,62.9,67.218,26.6,0.0,70.06,24.35,0.0,84.07,0.059,0.265
S03321,66.672,18.6,0.0,70.59,66.833,31.1,0.0,85.9,23.97,6.67,80.12,0.161,0.336
S00444,64.835,21.48,0.0,76.79,65.114,24.56,7.44,71.57,23.8,9.59,88.14,0.279,0.337
S09451,50.069,20.77,7.46,70.01,50.314,30.29,0.0,84.35,23.29,1.74,75.39,0.245,0.357
S03280,53.179,15.99,3.95,52.74,53.442,23.4,0.0,58.09,27.78,0.0,60.19,0.263,0.265
S03332,52.923,23.49,28.47,78.13,53.712,23.01,0.0,67.31,25.47,2.24,64.54,0.789,0.258
S08216,75.462,18.74,0.0,62.91,75.539,26.89,0.0,75.55,26.29,0.0,78.72,0.077,0.219
S09895,50.226,25.66,0.0,64.79,50.497,24.13,0.0,71.33,21.74,0.1,72.42,0.271,0.281
S07152,71.203,25.04,4.41,91.88,71.461,23.26,4.74,70.17,22.29,0.0,67.51,0.258,0.127
S08516,49.1,24.21,0.0,72.8,49.477,20.93,2.63,55.78,23.61,0.63,73.46,0.377,0.347
S05697,73.58,14.69,0.0,38.71,73.59,16.24,0.0,55.11,22.36,0.0,66.4,0.01,0.12
S00173,66.631,25.06,0.0,49.33,66.941,25.89,0.98,60.36,24.23,45.0,61.43,0.31,0.735
S05054,54.44,23.3,0.0,87.16,54.793,24.97,0.0,69.87,24.79,15.8,68.05,0.353,0.36
S09891,42.587,20.75,0.0,80.47,42.96,25.08,3.36,75.13,23.77,3.31,60.91,0.373,0.414
S04557,55.677,16.96,0.0,80.71,55.795,29.56,0.0,62.55,20.44,4.82,64.95,0.118,0.265
S02020,54.205,19.92,0.0,72.99,54.497,29.28,0.0,74.0,25.91,2.08,71.51,0.292,0.283
S02665,72.125,28.46,0.0,68.92,72.294,23.33,0.0,70.7,22.01,4.57,74.77,0.169,0.247
S07564,44.132,24.86,0.0,66.24,44.475,18.97,0.33,76.39,25.03,4.01,68.34,0.343,0.431
S09599,74.069,27.74,0.0,75.93,74.187,26.37,35.0,63.06,21.32,0.31,62.33,0.118,0.133
S03654,40.0,18.99,0.0,62.78,40.333,23.06,0.0,70.5,20.97,21.29,65.13,0.333,0.52
S01621,66.737,26.86,3.66,68.4,66.951,24.34,3.27,57.53,26.76,3.3,76.82,0.214,0.292
S00980,59.534,22.31,17.76,63.68,59.926,25.69,0.0,62.45,22.26,3.52,73.41,0.392,0.289
S01947,66.847,25.6,0.0,89.56,67.093,26.6,2.21,62.29,22.22,1.88,63.68,0.246,0.089
S08018,63.346,22.46,7.3,61.1,63.533,18.72,0.0,67.61,28.36,26.72,73.95,0.187,0.615
S07346,61.037,18.55,0.0,57.34,61.12,20.66,0.0,88.03,21.41,15.98,79.83,0.083,0.368
S07244,40.0,18.85,0.0,62.5,40.316,25.42,0.0,50.23,23.13,3.49,61.33,0.316,0.405
S02768,65.883,25.96,0.0,62.74,66.109,21.68,0.0,57.29,21.67,2.83,58.94,0.226,0.224
S03502,62.509,26.53,0.0,68.31,62.823,20.78,0.0,59.32,22.01,0.0,75.33,0.314,0.217
S02928,50.779,26.3,0.0,63.72,51.225,25.42,0.0,79.84,23.37,0.0,73.63,0.446,0.343
S01118,58.48,24.59,9.54,66.54,58.756,21.23,0.0,58.44,19.66,0.0,76.25,0.276,0.198
S07397,51.903,22.84,0.0,79.95,52.203,23.49,0.0,70.98,23.41,13.13,74.44,0.3,0.485
S02180,57.196,26.07,0.0,71.86,57.56,16.58,0.0,79.16,23.15,8.52,72.38,0.364,0.319
S04355,66.211,23.54,0.08,62.57,66.327,23.1,0.0,74.49,22.95,4.43,65.39,0.116,0.175
S06171,51.696,26.37,2.9,70.29,52.109,26.67,0.0,69.58,22.15,8.45,64.35,0.413,0.324
S05779,82.589,21.11,35.0,79.82,82.972,22.5,0.0,63.69,23.95,0.0,77.6,0.383,0.186
S00629,55.824,29.99,0.0,82.3,56.132,25.39,0.0,74.86,17.11,1.01,60.65,0.308,0.113
S02902,64.48,22.59,0.0,60.6,64.58,15.99,0.0,81.98,20.89,0.27,60.97,0.1,0.178
S07352,65.13,27.67,0.0,67.89,65.422,24.5,1.11,75.08,23.75,0.0,71.37,0.292,0.206
S06642,51.991,24.99,0.05,81.37,52.296,17.05,0.0,56.81,23.49,2.49,66.42,0.305,0.31
S06307,69.885,28.51,3.96,79.3,70.196,20.87,8.01,62.43,20.41,0.0,54.05,0.311,0.087
S03762,61.443,27.99,0.0,79.47,61.802,23.05,0.0,70.84,22.45,0.0,55.84,0.359,0.183
S03355,60.497,25.38,20.47,68.03,60.984,22.52,0.0,70.79,19.84,1.56,74.76,0.487,0.151
S04053,57.644,25.05,0.0,80.59,57.967,30.11,0.0,68.72,23.64,9.01,70.36,0.323,0.389
S09095,62.171,18.75,0.0,59.35,62.277,27.86,0.0,69.82,27.48,0.0,71.86,0.106,0.306
S01441,74.469,24.02,0.0,79.39,74.623,18.03,0.0,65.35,19.5,0.0,54.95,0.154,0.06
S01971,68.104,18.24,0.0,67.79,68.351,22.01,0.0,73.48,23.28,1.35,73.32,0.247,0.194
S08831,55.05,22.21,4.73,73.96,55.465,27.59,1.71,76.47,17.82,0.0,63.98,0.415,0.114
S08011,70.492,22.07,0.0,72.73,70.68,18.3,0.0,75.5,17.78,0.74,60.99,0.188,0.016
S05262,58.314,28.37,19.53,73.27,58.916,19.13,0.0,63.46,18.52,12.1,66.26,0.602,0.253
S09447,63.791,21.9,0.0,72.27,64.011,26.79,0.0,80.21,22.1,3.98,71.25,0.22,0.264
S05456,64.942,23.04,0.0,62.31,65.268,29.88,0.0,75.16,23.85,0.87,56.95,0.326,0.199
S00810,62.721,24.59,0.0,71.33,62.998,22.52,0.0,73.15,22.55,3.01,69.05,0.277,0.201
S07105,51.088,23.16,0.0,80.26,51.375,22.98,19.38,61.38,23.54,1.23,68.02,0.287,0.287
S04587,66.658,18.38,0.0,66.28,66.713,25.77,0.0,71.52,18.47,3.75,72.35,0.055,0.21
S02876,66.761,23.93,0.0,65.51,67.101,24.78,0.0,77.14,20.63,0.0,67.91,0.34,0.164
S03340,53.752,25.3,0.0,73.99,54.039,24.82,5.33,74.21,23.99,0.0,69.64,0.287,0.285
S01731,68.499,24.32,0.0,68.3,68.695,19.78,0.0,70.94,20.15,8.92,61.6,0.196,0.162
S00785,59.192,18.83,0.0,68.03,59.458,23.53,0.0,76.42,23.11,18.07,71.68,0.266,0.355
S00523,56.068,27.78,0.0,75.02,56.413,28.1,0.0,77.1,21.56,3.5,73.2,0.345,0.261
S00749,70.071,23.9,5.74,66.16,70.301,26.72,0.0,78.12,25.83,7.43,72.47,0.23,0.329
S08209,53.217,15.61,0.0,64.22,53.392,26.88,16.72,81.7,25.49,0.47,67.29,0.175,0.339
S09796,56.675,25.02,0.0,77.4,56.999,21.0,0.0,63.41,24.87,1.35,78.14,0.324,0.32
S04331,68.459,30.83,5.51,68.06,68.72,18.35,0.0,71.21,21.34,0.0,68.55,0.261,0.105
S06075,62.12,28.47,1.01,69.77,62.413,29.13,5.0,68.79,21.6,15.48,72.22,0.293,0.333
S05803,48.815,15.98,0.0,62.3,49.052,23.17,0.0,82.14,26.3,0.0,73.14,0.237,0.34
S00511,55.272,23.06,0.0,81.03,55.636,22.06,0.0,77.05,20.01,0.0,59.47,0.364,0.105
S01122,59.748,19.8,5.73,53.88,60.021,19.51,0.0,63.81,26.85,6.15,74.92,0.273,0.379
S05986,55.237,24.1,0.64,72.04,55.516,19.77,0.0,85.1,26.63,15.7,82.57,0.279,0.467
S06274,66.655,25.06,0.0,69.14,66.894,21.11,0.0,77.83,27.24,8.0,71.23,0.239,0.396
S02586,75.697,16.85,0.0,61.47,75.707,23.38,0.0,77.49,26.75,4.64,67.39,0.01,0.245
S08634,69.401,24.27,0.0,68.46,69.657,25.32,14.69,67.51,27.02,0.0,81.72,0.256,0.227
S03784,53.522,17.18,0.0,67.34,53.699,25.23,0.0,87.26,22.92,10.86,69.62,0.177,0.352
S03787,54.861,26.72,0.0,77.94,55.189,24.51,0.0,73.09,18.88,0.0,54.04,0.328,0.135
S03164,70.116,20.48,0.0,77.13,70.23,20.11,0.0,66.29,21.51,0.0,64.66,0.114,0.114
S04913,65.316,20.59,0.0,76.28,65.584,14.18,0.0,66.74,23.61,0.0,70.02,0.268,0.245
S04404,71.05,21.29,0.0,58.91,71.223,24.32,0.0,65.08,20.16,0.0,65.86,0.173,0.087
S05659,67.505,24.37,0.0,67.56,67.683,16.3,0.0,71.9,24.75,3.94,72.67,0.178,0.183
S03108,64.483,26.1,0.0,69.2,64.729,18.22,0.0,76.24,21.07,1.69,74.25,0.246,0.229
S01012,78.899,25.52,0.0,68.18,79.051,22.99,13.51,70.08,24.57,0.0,55.69,0.152,0.051
S08081,55.053,20.0,0.0,69.43,55.461,24.62,0.0,67.35,28.91,2.46,60.18,0.408,0.266
S09835,72.838,16.78,0.0,63.49,72.885,22.32,8.23,72.67,17.6,0.0,70.1,0.047,0.126
S08695,67.441,24.45,0.0,80.44,67.672,16.96,0.0,66.2,22.18,6.76,59.7,0.231,0.242
S02029,61.12,19.39,0.0,74.65,61.316,29.05,4.83,63.01,26.1,0.0,69.4,0.196,0.274
S06725,73.999,18.3,5.89,86.98,74.26,21.1,0.0,71.86,17.9,0.27,73.14,0.261,0.052
S01975,63.908,22.15,0.0,69.74,64.219,32.28,0.0,72.43,18.46,18.92,68.5,0.311,0.287
S01951,55.932,20.26,0.0,65.52,56.159,22.26,0.0,65.32,26.9,7.16,58.31,0.227,0.347
S07417,50.535,23.52,4.46,77.91,50.889,23.73,0.0,70.32,21.81,1.33,81.23,0.354,0.393
S00379,68.088,19.83,0.0,67.81,68.229,22.39,0.0,63.66,24.38,2.32,76.68,0.141,0.145
S06264,75.091,16.98,0.0,59.84,75.236,27.87,0.0,59.55,25.9,1.73,78.92,0.145,0.273
S00157,59.748,30.7,0.0,78.11,60.146,22.83,0.0,68.52,25.05,0.0,80.06,0.398,0.313
S08811,66.365,22.6,0.0,62.06,66.523,26.16,6.47,71.08,24.22,33.97,71.53,0.158,0.447
S00153,67.099,26.0,0.0,72.46,67.225,26.35,9.89,64.73,24.05,6.71,56.58,0.126,0.195
S07304,56.087,14.49,0.0,61.41,56.269,22.02,0.0,71.77,22.8,8.13,74.89,0.182,0.332
S07877,48.952,25.2,0.0,68.88,49.266,24.17,5.8,88.56,21.48,0.66,80.82,0.314,0.327
S02678,51.458,17.75,0.0,68.64,51.639,27.25,0.0,82.49,25.31,3.25,75.24,0.181,0.417
S04247,56.706,24.65,0.0,75.8,57.033,20.4,0.0,75.54,24.11,16.84,63.65,0.327,0.384
S01915,64.827,16.43,0.0,89.81,65.34,21.01,1.75,77.29,22.17,0.0,68.4,0.513,0.095
S05835,64.955,15.19,0.0,70.97,64.976,18.31,0.0,67.71,27.48,1.53,72.42,0.021,0.284
S09841,58.293,32.7,0.0,95.38,58.739,18.48,0.0,72.84,15.62,0.0,50.41,0.446,0.024
S08251,59.602,21.22,0.0,74.7,59.839,20.43,14.99,52.72,20.87,10.58,67.34,0.237,0.332
S05252,60.73,23.66,8.91,73.35,61.376,17.06,0.59,67.21,22.44,0.42,73.28,0.646,0.241
S02555,69.737,22.1,0.0,65.95,69.838,25.81,0.0,72.1,24.82,2.08,65.23,0.101,0.258
S09673,59.047,20.82,0.0,63.52,59.274,16.49,0.0,53.25,20.81,33.68,71.43,0.227,0.552
S04371,65.957,23.17,0.0,63.72,66.075,22.64,0.0,89.95,24.82,9.37,72.97,0.118,0.308
S05038,59.112,26.54,1.75,84.95,59.428,22.52,0.0,68.32,21.18,1.0,65.56,0.316,0.175
S01568,47.522,24.92,21.24,66.76,48.094,26.29,0.3,70.5,25.49,37.78,80.52,0.572,0.792
S08515,57.125,22.15,0.0,84.02,57.419,22.33,4.6,74.37,24.95,0.0,70.95,0.294,0.348
S09976,68.147,18.27,0.0,71.42,68.292,23.87,0.0,58.57,24.87,0.0,84.75,0.145,0.218
S01758,57.825,18.79,0.0,64.33,57.893,19.09,2.14,64.04,22.08,1.32,68.27,0.068,0.214
S00492,59.819,28.14,0.0,61.68,60.059,28.78,0.0,77.57,24.62,9.84,67.04,0.24,0.331
S03515,63.738,23.68,0.0,60.91,63.842,22.94,12.12,73.48,22.48,5.55,78.77,0.104,0.218
S09950,64.356,16.36,0.0,75.07,64.411,27.92,0.0,71.34,23.34,2.74,60.29,0.055,0.261
S00536,70.314,24.01,0.0,66.4,70.405,24.34,5.22,81.98,24.29,6.41,60.42,0.091,0.242
S05420,59.382,21.31,0.0,89.59,59.64,21.82,0.0,81.64,23.6,2.73,57.17,0.258,0.256
S04699,61.659,26.0,0.0,82.24,61.919,19.43,0.0,64.36,25.09,0.22,62.93,0.26,0.247
S02046,60.861,19.56,0.0,73.14,61.086,24.06,0.0,86.92,26.37,16.05,71.38,0.225,0.521
S00186,60.927,21.94,0.0,65.98,61.193,21.4,0.0,64.51,25.74,4.18,72.95,0.266,0.303
S02249,64.411,21.52,0.0,68.43,64.628,22.0,4.02,67.84,20.53,1.69,73.59,0.217,0.137
S09694,75.307,23.27,0.0,62.75,75.386,24.21,0.0,75.88,22.93,4.35,73.26,0.079,0.293
S07359,61.984,15.96,0.0,59.05,62.062,25.07,0.0,71.9,26.5,12.79,59.21,0.078,0.365
S06302,58.752,27.94,0.0,79.54,59.115,24.36,1.48,76.72,20.84,3.57,65.08,0.363,0.264
S05872,75.477,18.78,0.0,68.38,75.531,25.48,0.0,73.09,28.42,7.45,76.3,0.054,0.29
S01082,60.349,27.54,1.75,74.3,60.595,14.98,0.0,51.22,23.32,12.69,77.5,0.246,0.406
S07135,52.322,18.7,2.63,57.06,52.543,22.29,0.0,65.36,18.69,0.0,67.72,0.221,0.197
S06735,61.825,18.84,0.0,78.18,62.001,23.9,3.68,64.0,20.07,17.1,64.5,0.176,0.266
S00002,63.669,24.5,0.0,64.02,63.846,18.72,0.0,83.57,21.76,1.26,51.26,0.177,0.219
S03461,79.973,25.89,3.01,71.69,80.14,20.5,0.0,72.67,19.68,1.84,78.16,0.167,0.037
S08377,63.738,24.0,0.0,65.34,63.941,26.57,9.87,75.93,22.78,2.77,71.31,0.203,0.251
S06680,71.441,24.7,0.0,67.05,71.639,24.58,0.0,74.48,20.37,0.0,60.3,0.198,0.037
S03289,73.301,24.89,0.0,72.9,73.494,24.23,0.0,56.68,25.4,16.77,74.4,0.193,0.29
S04727,85.141,15.33,0.0,66.24,85.2,26.64,10.56,60.1,16.78,0.0,64.34,0.059,0.039
S00612,72.168,26.56,0.0,76.12,72.46,27.57,0.0,66.16,26.49,0.0,71.6,0.292,0.184
S09116,59.697,22.19,16.65,70.23,60.058,21.52,0.0,59.63,24.33,0.16,59.56,0.361,0.161
S01619,59.668,23.24,0.11,82.24,59.903,28.08,0.0,90.41,21.32,4.69,66.99,0.235,0.184
S03769,61.978,22.95,6.4,84.08,62.27,27.27,0.0,83.03,26.35,15.1,72.39,0.292,0.376
S08419,56.435,28.54,0.0,76.18,56.801,18.97,3.37,71.14,20.26,0.0,72.69,0.366,0.245
S09992,56.565,22.08,0.0,69.67,56.839,24.96,0.0,75.25,19.96,0.0,64.18,0.274,0.189
S00933,70.113,19.88,0.0,66.9,70.254,25.09,0.0,70.11,24.99,7.11,73.6,0.141,0.285
S06784,46.599,14.59,0.0,72.95,46.998,18.59,0.0,55.44,25.58,2.12,80.38,0.399,0.382
S08907,58.753,23.3,0.0,63.39,58.989,26.42,0.0,77.78,24.0,38.97,60.74,0.236,0.558
S08835,62.023,26.75,0.0,73.64,62.194,25.9,0.0,82.61,21.78,0.0,63.86,0.171,0.171
S02901,46.386,20.58,0.0,58.49,46.694,20.94,0.0,83.24,24.5,0.0,66.22,0.308,0.372
S01640,60.938,17.29,0.0,71.45,61.107,25.02,0.0,87.33,23.59,3.79,74.36,0.169,0.24
S03553,51.139,23.12,0.0,64.4,51.51,27.16,0.0,78.55,23.75,8.81,74.49,0.371,0.409
S06617,53.2,21.83,3.45,78.71,53.421,25.15,11.1,68.44,27.23,1.91,65.85,0.221,0.372
S03417,57.354,22.26,0.0,69.53,57.826,22.87,2.74,76.79,22.33,0.0,71.86,0.472,0.246
S07870,50.88,25.08,18.0,79.09,51.543,24.35,0.0,71.36,23.18,0.0,79.8,0.663,0.318
S04793,66.688,27.91,0.0,86.64,66.918,24.02,12.81,72.4,25.9,0.0,68.27,0.23,0.214
S06322,66.319,23.66,0.75,71.95,66.468,19.72,0.0,87.64,21.69,0.0,58.1,0.149,0.153
S07674,62.122,25.37,0.0,65.85,62.364,19.01,0.0,67.79,21.6,5.43,81.71,0.242,0.192
S08585,57.116,21.35,0.0,77.67,57.479,22.84,18.79,73.88,17.16,0.53,66.62,0.363,0.092
S01590,47.63,20.84,0.0,58.5,47.838,18.13,0.0,79.25,24.65,0.43,70.36,0.208,0.313
S05468,67.984,16.78,0.0,66.74,68.038,21.37,0.0,76.29,22.24,4.11,65.92,0.054,0.254
S09936,51.433,21.72,0.0,80.81,51.834,24.79,0.0,65.94,20.01,1.95,74.71,0.401,0.249
S05088,58.455,19.49,0.0,57.16,58.711,24.88,0.0,83.19,22.88,0.0,63.18,0.256,0.162
S05190,66.997,28.34,0.0,55.76,67.144,22.71,0.0,70.79,23.84,4.61,67.32,0.147,0.188
S08335,63.504,27.83,9.01,56.41,64.172,22.84,0.0,84.38,18.49,0.05,73.58,0.668,0.127
S08578,47.406,23.68,0.0,65.37,47.694,22.42,10.94,62.94,21.62,0.0,71.56,0.288,0.299
S00341,70.117,22.55,0.0,74.46,70.327,23.11,0.0,67.58,19.57,0.0,48.94,0.21,0.066
S08519,58.958,17.15,7.82,70.69,59.237,24.17,8.41,88.2,22.88,1.47,59.88,0.279,0.22
S06148,66.668,20.98,0.0,68.09,66.76,23.8,0.0,79.17,25.39,16.16,80.36,0.092,0.437
S05164,59.979,21.59,0.0,82.51,60.213,21.86,16.42,73.37,24.1,2.3,70.09,0.234,0.314
S05455,52.078,24.66,3.32,68.72,52.431,25.21,35.0,79.34,25.28,0.0,72.4,0.353,0.371
S00398,90.0,22.43,0.0,80.29,90.104,22.32,5.69,85.14,21.75,8.29,73.05,0.104,0.054
S01696,52.385,22.16,0.0,58.42,52.719,17.43,0.0,66.03,24.16,0.0,80.46,0.334,0.389
S09400,71.103,15.13,0.0,62.19,71.252,18.89,0.0,71.74,26.67,26.43,70.38,0.149,0.511
S08260,53.383,14.59,0.0,55.73,53.568,18.36,0.0,61.42,15.9,4.21,62.27,0.185,0.062
S05279,62.261,20.44,0.0,44.04,62.332,23.44,0.0,67.48,22.31,14.86,72.94,0.071,0.432
S04211,61.228,24.08,0.0,69.41,61.537,19.21,0.0,74.6,19.15,0.0,75.99,0.309,0.216
S09264,64.043,22.73,0.0,75.68,64.226,20.35,0.0,67.16,24.74,7.15,68.19,0.183,0.39
S08841,64.033,31.42,13.79,85.13,64.545,24.96,0.05,78.0,25.82,0.0,56.14,0.512,0.271
S01234,58.949,24.29,5.68,70.84,59.214,20.81,3.43,57.01,24.3,8.59,71.47,0.265,0.461
S09490,60.588,22.63,0.0,74.28,60.847,24.66,5.19,64.04,26.18,5.35,78.22,0.259,0.381
S08428,62.739,23.14,0.0,80.21,63.034,24.86,9.3,66.57,21.4,0.0,70.79,0.295,0.169
S08987,53.413,24.26,0.0,71.93,53.672,28.22,0.0,76.33,17.92,0.71,64.09,0.259,0.199
S02038,58.814,29.2,0.0,68.2,59.057,24.71,0.0,71.25,17.89,0.0,64.92,0.243,0.139
S08320,54.969,19.7,0.0,54.54,55.103,26.52,0.0,64.01,19.6,0.31,63.76,0.134,0.178
S06475,51.151,25.67,6.09,71.5,51.517,26.2,0.0,70.61,24.73,4.54,74.87,0.366,0.232
S03836,47.528,25.31,4.0,72.07,47.95,17.63,0.0,58.72,24.99,7.06,72.86,0.422,0.418
S01222,60.093,22.85,25.14,86.42,60.627,25.48,4.6,74.78,26.08,11.5,64.43,0.534,0.355
S07229,76.747,24.15,0.0,59.03,76.777,24.77,0.0,74.51,23.68,1.53,69.74,0.03,0.197
S03992,73.095,22.22,0.0,94.52,73.226,26.38,0.0,65.2,21.63,0.04,64.64,0.131,0.136
S04615,61.345,26.69,13.73,80.67,61.784,25.94,0.0,71.66,25.98,0.52,88.36,0.439,0.376
S07948,57.597,24.55,28.41,76.72,58.162,30.3,0.0,70.39,22.46,5.44,71.12,0.565,0.266
S04125,68.755,20.84,0.0,62.24,68.822,21.79,0.0,74.12,21.07,0.08,63.7,0.067,0.096
S00729,58.291,17.47,0.0,69.95,58.524,18.61,0.0,76.87,21.77,21.39,60.74,0.233,0.324
S06891,69.684,24.48,0.0,84.31,69.974,22.5,0.0,67.27,23.58,0.0,69.54,0.29,0.215
S02055,57.607,23.05,0.0,66.06,57.948,18.41,0.0,65.14,19.09,0.0,73.96,0.341,0.182
S03265,65.301,23.67,13.48,64.06,65.624,19.74,0.0,77.68,25.44,0.0,63.49,0.323,0.236
S08422,73.879,24.76,0.0,68.29,74.168,19.93,0.0,65.01,18.0,4.54,77.64,0.289,0.227
S06162,61.915,19.86,14.51,64.29,62.197,18.07,0.0,63.86,25.28,17.11,81.32,0.282,0.44
S05337,66.516,21.97,0.0,79.09,66.721,19.83,8.09,65.91,21.44,2.92,59.67,0.205,0.114
S03875,53.957,24.51,0.0,78.1,54.342,16.85,1.61,65.98,24.95,6.34,70.7,0.385,0.341
S06640,54.439,24.11,0.0,75.61,54.716,22.87,0.0,72.28,22.42,11.39,66.22,0.277,0.37
S08153,58.318,26.45,26.79,67.79,58.861,22.9,1.3,54.42,24.81,2.49,68.8,0.543,0.302
S04171,73.364,17.72,0.0,64.41,73.635,21.18,8.59,67.75,25.36,4.93,71.79,0.271,0.206
S07143,67.081,25.33,11.11,94.86,67.475,22.09,0.0,61.27,23.03,0.0,67.63,0.394,0.188
S06705,72.819,22.61,6.18,65.65,73.094,25.24,0.0,74.14,25.14,0.0,78.84,0.275,0.183
S00245,49.268,22.03,0.0,80.62,49.809,26.07,8.84,69.94,23.75,9.07,65.09,0.541,0.358
S09913,59.894,19.0,0.0,62.84,60.114,26.18,0.0,66.28,21.34,0.0,78.14,0.22,0.164
S07027,50.58,25.27,0.0,81.38,50.861,27.04,0.0,75.2,24.28,3.93,73.17,0.281,0.324
S04542,69.873,20.07,0.0,68.61,70.038,26.31,0.0,75.78,26.48,0.0,75.22,0.165,0.224
S01034,62.255,22.61,5.24,58.52,62.415,24.25,0.0,70.28,21.57,5.37,67.12,0.16,0.175
S02095,63.014,28.59,0.0,77.86,63.292,22.33,3.6,84.51,20.19,0.0,59.44,0.278,0.19
S07037,73.431,23.08,0.0,57.88,73.497,25.17,0.0,69.14,20.66,0.54,73.62,0.066,0.171
S01033,53.22,28.93,0.29,82.82,53.628,20.41,0.0,74.11,23.78,9.66,71.66,0.408,0.453
S02661,60.285,21.77,0.0,71.96,60.545,24.15,0.0,68.22,24.14,3.46,76.18,0.26,0.352
S04983,79.905,18.07,5.66,64.8,79.915,23.5,0.0,67.37,26.29,0.0,90.36,0.01,0.261
S03107,57.984,19.47,0.0,72.36,58.228,26.56,0.0,64.36,24.73,1.34,76.09,0.244,0.299
S04099,59.815,22.99,0.0,53.26,60.004,16.5,0.0,59.21,23.34,0.0,67.8,0.189,0.206
S07745,63.619,26.14,0.0,68.38,63.881,21.83,0.0,67.86,24.71,0.0,77.14,0.262,0.268
S01719,58.706,22.25,8.77,59.61,59.013,25.58,0.28,66.23,22.89,0.0,64.6,0.307,0.227
S09395,65.717,23.97,5.07,64.75,66.029,27.17,0.0,79.68,24.03,1.36,71.33,0.312,0.204
S01111,55.609,18.03,0.0,61.86,56.036,28.36,0.0,75.6,20.27,8.0,75.51,0.427,0.339
S08730,52.977,21.72,5.39,69.23,53.248,20.01,0.0,63.9,22.7,9.21,63.09,0.271,0.388
S08618,54.486,25.45,0.0,85.07,54.866,26.53,0.0,71.08,14.6,1.04,68.95,0.38,0.124
S00465,63.62,20.97,0.0,60.46,63.794,22.31,0.81,89.37,25.27,2.14,80.56,0.174,0.244
S06305,64.425,24.84,0.0,76.42,64.871,24.4,0.0,58.23,23.55,0.0,73.18,0.446,0.251
S07956,59.899,18.27,2.29,70.56,60.039,23.46,0.0,75.91,22.56,3.94,77.6,0.14,0.217
S04440,59.929,27.64,0.0,62.51,60.121,19.31,0.0,66.99,23.03,1.48,71.63,0.192,0.258
S00827,59.305,22.89,0.0,67.38,59.428,23.2,6.76,60.67,25.64,1.09,73.4,0.123,0.311
S02355,52.152,18.47,0.0,60.77,52.32,23.32,0.0,68.53,17.72,0.0,64.1,0.168,0.148
S04832,52.505,17.85,0.0,76.24,52.665,21.58,0.0,64.61,17.51,17.54,65.34,0.16,0.358
S05654,63.916,24.04,0.0,70.23,64.033,22.76,18.3,75.5,25.46,0.61,63.97,0.117,0.173
S03764,55.567,25.06,1.15,60.74,55.764,26.35,6.76,72.18,24.84,0.0,80.77,0.197,0.297
S05323,78.398,19.53,0.0,62.13,78.42,29.5,0.0,62.68,26.65,13.49,71.36,0.022,0.289
S06099,53.365,22.24,24.96,80.24,53.827,17.92,0.0,60.69,17.71,1.99,69.01,0.462,0.107
S06081,64.979,27.25,0.0,70.47,65.323,23.91,20.73,79.5,23.84,10.86,69.18,0.344,0.369
S01431,40.0,29.04,13.67,67.94,40.572,25.81,0.0,75.72,22.16,1.0,57.25,0.572,0.308
S00683,63.31,23.02,11.27,74.67,63.612,26.21,0.0,73.12,21.48,0.05,74.05,0.302,0.172
S09542,58.406,22.01,1.78,67.96,58.689,24.27,0.93,70.38,21.52,22.87,67.91,0.283,0.332
S02860,67.692,25.47,0.0,72.18,67.885,23.58,0.0,63.54,24.38,0.36,74.01,0.193,0.178
S01816,55.337,14.59,0.0,69.61,55.518,21.47,0.0,70.35,19.44,0.0,71.15,0.181,0.236
S01467,55.216,21.67,0.0,68.85,55.496,23.55,0.0,72.84,23.91,18.84,74.46,0.28,0.435
S00799,63.596,19.17,0.0,75.29,64.108,27.8,0.0,69.23,20.3,0.21,66.93,0.512,0.077
S04373,64.705,25.87,33.84,73.49,65.469,27.09,0.0,73.85,25.73,7.86,66.83,0.764,0.241
S01137,53.218,27.22,8.33,73.94,53.567,19.27,0.0,58.78,21.41,5.32,66.84,0.349,0.258
S00995,48.829,24.2,0.0,72.79,49.062,22.68,0.0,68.12,22.75,0.53,57.06,0.233,0.247
S07616,51.34,22.42,0.0,62.52,51.602,17.33,2.99,78.44,25.05,14.27,76.35,0.262,0.505
S01473,48.909,16.51,0.0,67.91,49.166,15.63,0.0,72.36,21.41,4.77,85.04,0.257,0.364
S05908,61.76,21.64,2.26,72.97,61.983,25.53,0.0,85.96,25.54,0.0,69.09,0.223,0.258
S01935,46.364,23.06,11.21,78.25,46.75,25.14,0.0,63.09,24.95,3.16,68.64,0.386,0.343
S00425,63.951,25.85,7.56,69.17,64.282,25.19,21.69,74.65,26.43,40.3,59.27,0.331,0.656
S03637,64.005,26.84,19.91,66.0,64.415,21.2,0.0,59.26,20.58,2.42,72.21,0.41,0.129
S08974,63.384,23.92,0.0,83.81,63.699,25.47,0.0,65.84,21.35,24.19,62.56,0.315,0.436
S09898,61.631,19.28,0.0,62.65,61.806,25.21,0.0,67.45,22.42,3.76,70.02,0.175,0.231
S06464,79.122,30.78,3.12,54.56,79.241,28.3,0.0,87.58,26.01,0.0,66.38,0.119,0.142
S09231,54.667,27.42,15.52,85.7,55.175,25.03,0.0,70.46,21.09,0.0,70.69,0.508,0.266
S03570,62.168,23.5,0.0,61.14,62.495,17.51,0.0,70.63,23.72,2.92,74.14,0.327,0.237
S07243,58.848,24.16,0.0,63.29,59.024,20.99,0.0,70.73,21.81,4.55,54.65,0.176,0.178
S02333,68.096,24.35,0.0,66.6,68.504,22.66,0.0,73.81,24.55,0.86,69.41,0.408,0.197
S00622,80.463,18.29,0.0,63.22,80.473,22.71,0.0,76.84,22.03,0.07,74.99,0.01,0.163
S09957,45.718,17.62,9.51,65.31,46.159,29.33,7.99,64.9,25.78,0.0,70.02,0.441,0.418
S02119,58.05,24.71,0.15,79.0,58.33,25.61,0.0,58.12,20.83,0.0,70.37,0.28,0.173
S05336,71.597,25.39,0.0,73.63,71.783,25.1,0.0,63.72,19.27,3.61,63.61,0.186,0.086
S07437,66.167,25.45,0.0,76.12,66.324,21.54,0.0,73.75,24.19,17.69,74.34,0.157,0.417
S02788,68.417,21.49,0.0,66.35,68.558,17.29,0.0,52.88,20.63,0.17,70.77,0.141,0.145
S02927,71.361,24.66,0.0,69.25,71.663,23.27,11.62,59.11,17.1,3.3,62.22,0.302,0.01
S06284,70.813,25.76,26.45,69.77,71.202,19.13,0.0,71.5,21.82,4.65,77.35,0.389,0.287
S07153,62.887,20.05,0.0,71.67,63.236,19.99,0.0,65.68,20.7,30.82,73.6,0.349,0.46
S07293,49.215,20.56,0.0,61.3,49.422,26.95,11.94,81.05,23.16,9.68,74.74,0.207,0.401
S02579,48.944,25.6,0.0,70.46,49.374,26.4,10.72,69.1,24.75,0.0,72.49,0.43,0.333
S02944,64.81,23.73,0.0,67.67,65.201,17.05,1.15,67.29,22.13,0.0,57.98,0.391,0.152
S00463,52.382,18.68,0.0,77.94,52.769,25.09,0.0,67.71,22.09,18.92,55.15,0.387,0.441
S00185,66.799,24.63,0.0,69.82,67.061,28.91,14.94,61.62,19.31,8.73,69.04,0.262,0.164
S02774,49.371,21.27,0.0,67.88,49.701,22.2,0.0,78.31,19.47,5.16,84.88,0.33,0.427
S06266,66.955,24.11,0.0,77.21,67.191,18.76,0.0,66.48,23.69,7.18,75.24,0.236,0.303
S01094,46.899,20.78,0.0,84.52,47.259,24.38,6.7,79.13,22.23,0.25,65.58,0.36,0.334
S02007,65.361,25.51,0.0,75.42,65.655,28.99,0.0,87.4,23.91,4.34,72.56,0.294,0.222
S01338,68.45,24.98,0.0,70.65,68.548,21.22,0.0,77.95,19.3,0.42,61.37,0.098,0.01
S05097,68.319,22.22,0.0,58.69,68.446,18.38,0.0,47.35,25.11,16.28,55.34,0.127,0.329
S05388,70.902,28.14,22.15,75.86,71.226,21.48,4.74,76.17,23.3,0.0,69.66,0.324,0.158
S09372,66.56,29.59,0.0,63.95,66.828,21.76,6.44,67.44,23.1,3.12,60.08,0.268,0.122
S00164,53.302,24.09,0.0,59.73,53.647,26.97,2.07,66.66,23.1,0.0,71.35,0.345,0.258
S01233,68.374,26.93,0.0,56.82,68.619,22.23,0.0,62.65,19.22,0.0,63.5,0.245,0.103
S05915,68.723,24.94,7.35,67.43,69.088,23.29,1.69,77.78,23.29,5.19,68.94,0.365,0.204
S08063,72.324,21.91,0.0,67.59,72.475,21.47,0.0,74.58,23.6,5.95,65.27,0.151,0.223
S06374,67.509,24.37,1.51,70.62,67.792,30.93,11.29,68.34,20.39,3.3,64.74,0.283,0.218
S07138,52.825,19.56,0.0,80.43,53.093,26.54,0.0,56.44,24.82,3.84,74.5,0.268,0.226
S05119,58.109,24.09,0.05,66.62,58.277,22.14,0.0,76.87,21.39,2.04,71.96,0.168,0.192
S03094,71.652,17.23,8.47,61.58,71.72,27.67,0.0,73.38,14.76,0.99,59.2,0.068,0.037
S05472,41.384,28.37,0.0,64.06,41.753,28.0,3.23,74.63,23.1,1.19,63.72,0.369,0.326
S08969,64.835,19.96,0.0,65.89,64.946,23.6,0.0,65.59,25.61,12.02,71.94,0.111,0.352
S03705,69.955,21.14,3.55,72.06,70.188,26.46,0.86,76.69,21.96,3.21,68.58,0.233,0.141
S04447,58.981,22.69,0.0,57.34,59.224,28.39,14.76,84.34,21.15,5.4,70.68,0.243,0.303
S01968,43.479,27.52,0.0,65.21,43.722,23.75,0.0,68.47,18.52,15.37,67.14,0.243,0.368
S01191,53.088,18.07,0.0,51.63,53.358,24.07,0.0,49.8,23.57,4.34,73.52,0.27,0.354
S07360,71.193,16.2,0.27,63.23,71.256,17.94,0.0,59.39,24.27,3.71,74.8,0.063,0.191
S05846,59.192,23.73,28.3,70.89,59.708,23.08,0.0,48.35,26.22,0.0,74.79,0.516,0.314
S08380,63.615,21.68,0.0,77.07,63.911,28.01,0.0,57.16,23.52,17.3,64.56,0.296,0.298
S05462,59.784,27.65,0.0,78.39,60.144,17.42,5.25,89.65,22.71,5.41,66.71,0.36,0.312
S08576,78.566,24.82,5.96,92.38,78.754,24.0,0.0,69.1,25.45,0.0,63.14,0.188,0.084
S02762,72.735,29.29,0.0,55.14,72.891,20.98,0.0,81.28,24.09,0.0,73.49,0.156,0.257
S05790,49.688,22.55,0.0,64.17,49.899,24.71,0.0,67.68,25.64,1.19,79.54,0.211,0.375
S09417,57.649,27.92,3.58,74.43,58.047,28.34,0.0,83.83,26.12,2.06,58.06,0.398,0.28
S00430,55.982,20.54,0.0,62.79,56.393,25.92,0.0,66.21,29.04,0.0,76.35,0.411,0.356
S07439,58.125,19.53,0.0,55.38,58.45,22.43,0.0,70.37,19.09,23.66,63.9,0.325,0.356
S00254,63.169,19.5,0.0,63.49,63.406,22.16,0.0,68.81,25.41,8.39,78.53,0.237,0.361
S01320,51.896,21.88,0.0,62.5,52.189,15.31,0.0,68.98,24.99,14.76,65.17,0.293,0.482
S05962,70.164,22.84,0.0,64.13,70.284,17.0,0.0,62.1,20.71,0.0,69.23,0.12,0.204
S09814,58.872,25.66,0.0,65.12,59.219,15.77,0.0,60.15,26.71,5.51,66.12,0.347,0.345
S00658,56.901,24.51,0.0,71.01,57.103,25.73,0.0,88.84,18.4,4.65,57.27,0.202,0.108
S01287,62.526,29.35,5.14,75.51,62.837,19.78,0.0,57.96,25.63,9.6,65.92,0.311,0.278
S03719,51.965,27.63,0.0,62.53,52.376,27.19,0.0,72.56,26.38,0.03,76.27,0.411,0.397
S01803,71.702,23.56,0.0,74.69,72.015,18.75,0.0,61.43,23.3,5.03,69.71,0.313,0.19
S02757,61.314,23.13,0.0,68.7,61.594,19.78,0.0,64.59,20.21,7.83,62.71,0.28,0.269
S09166,81.967,24.17,15.21,76.97,82.245,20.44,0.0,69.43,18.49,8.51,73.24,0.278,0.087
S01644,63.077,24.2,0.0,72.17,63.487,30.43,0.0,78.69,22.21,2.69,63.58,0.41,0.2
S04417,55.856,27.13,0.0,72.8,56.229,17.1,0.0,77.15,21.96,0.0,65.61,0.373,0.191
S00917,62.943,21.84,25.47,77.33,63.368,18.25,0.0,66.16,26.72,0.0,67.99,0.425,0.259
S03579,54.654,24.1,0.0,71.9,54.869,12.65,0.0,75.95,25.49,0.0,74.75,0.215,0.325
S03064,58.317,22.62,0.7,78.34,58.599,22.36,0.0,75.41,25.47,32.14,73.87,0.282,0.588
S04708,59.29,14.87,0.0,66.77,59.426,24.68,0.0,57.35,23.63,0.0,62.38,0.136,0.196
S04062,58.387,12.53,9.08,82.35,58.656,24.24,0.0,56.24,20.98,0.51,62.63,0.269,0.095
S02748,47.47,17.62,0.0,49.49,47.617,17.01,0.0,62.45,22.78,9.5,65.51,0.147,0.36
S07093,54.596,22.21,0.0,62.44,54.801,24.44,0.0,68.0,17.75,0.33,81.29,0.205,0.206
S06560,64.925,24.23,0.0,72.21,65.213,22.29,0.0,63.38,20.92,3.83,81.38,0.288,0.253
S05891,62.907,15.74,0.0,61.09,63.046,21.7,0.0,76.24,24.39,7.6,79.54,0.139,0.366
S01184,64.552,21.36,8.85,81.88,64.908,26.98,0.0,65.81,20.56,0.0,75.94,0.356,0.159
S03969,76.947,23.49,0.0,82.17,77.328,22.33,0.0,72.34,19.81,15.43,68.94,0.381,0.212
S04007,52.164,29.62,0.0,78.02,52.546,20.77,0.0,77.85,27.6,4.52,75.42,0.382,0.345
S03853,74.815,13.34,0.0,61.44,74.895,23.33,0.0,79.7,22.35,36.51,77.75,0.08,0.387
S01801,69.493,26.31,6.17,64.19,69.77,24.0,0.0,62.73,25.37,16.29,76.87,0.277,0.457
S03532,53.669,26.0,2.25,73.1,54.007,20.72,0.0,60.77,27.03,15.5,65.57,0.338,0.369
S09809,53.663,18.19,7.76,52.56,54.031,22.78,0.87,80.91,19.24,0.62,68.29,0.368,0.162
S04574,65.516,18.79,2.97,73.36,65.801,17.9,0.0,78.7,25.77,36.01,83.15,0.285,0.645
S03760,63.092,16.81,0.0,69.58,63.263,17.41,0.0,58.58,24.52,5.3,67.01,0.171,0.219
S08878,59.257,22.29,0.0,79.8,59.481,19.2,0.0,63.48,22.26,3.74,60.35,0.224,0.226
S00866,49.044,17.61,0.0,64.99,49.371,27.13,2.91,65.83,22.54,2.49,74.39,0.327,0.257
S01614,80.389,17.89,0.0,73.88,80.646,17.06,0.0,76.74,24.29,16.6,75.81,0.257,0.271
S07454,61.787,23.11,0.0,73.29,62.095,28.99,0.0,72.98,26.78,4.68,66.33,0.308,0.332
S06123,63.223,25.21,0.0,72.13,63.326,19.43,0.0,66.71,22.71,0.0,70.02,0.103,0.164
S07851,67.522,25.28,0.0,85.18,67.732,25.39,0.0,74.93,25.22,6.04,63.9,0.21,0.255
S09014,49.796,24.81,0.0,69.36,50.113,25.18,0.34,61.32,22.75,0.0,54.19,0.317,0.29
S01188,61.613,24.47,4.13,79.56,62.062,25.0,0.0,70.11,23.03,0.0,80.84,0.449,0.23
S08159,72.106,26.53,0.0,70.29,72.186,26.03,0.16,71.08,20.74,1.15,76.35,0.08,0.175
S05433,54.326,23.34,2.61,75.54,54.682,18.65,0.0,59.79,16.75,3.3,58.86,0.356,0.099
S03657,48.742,18.72,0.0,81.3,49.104,24.62,0.0,78.97,21.05,8.02,72.85,0.362,0.33
S08780,67.606,23.92,0.0,86.47,67.806,16.9,0.0,65.85,25.54,17.23,71.27,0.2,0.42
S01290,67.999,25.7,0.0,71.37,68.181,23.72,0.0,68.32,21.37,0.0,58.3,0.182,0.161
S08533,54.491,29.43,0.0,86.88,54.832,23.12,0.0,74.06,22.45,16.38,59.11,0.341,0.384
S00934,68.265,19.99,5.22,70.32,68.525,24.83,0.0,75.1,23.27,0.0,72.25,0.26,0.161
S02607,74.158,22.83,7.65,77.68,74.357,20.14,0.0,60.52,19.88,18.5,69.86,0.199,0.37
S01139,58.383,24.88,0.0,73.9,58.759,22.88,0.0,67.99,27.83,35.04,65.41,0.376,0.623
S07611,69.119,23.34,0.0,78.02,69.232,27.12,0.0,68.04,28.47,1.42,83.29,0.113,0.339
S04143,65.162,25.58,0.0,70.26,65.33,25.08,0.0,67.81,25.59,21.57,71.07,0.168,0.443
S04474,60.26,23.66,0.0,71.56,60.439,22.94,0.0,70.8,20.37,0.59,72.8,0.179,0.172
S04692,63.913,14.89,0.0,63.45,64.154,17.61,0.0,58.73,20.84,5.62,71.33,0.241,0.277
S09050,67.887,26.24,0.0,65.29,68.143,23.7,0.83,69.21,19.98,4.38,66.89,0.256,0.111
S00691,59.703,24.02,0.0,81.16,59.957,27.61,0.82,61.68,23.74,17.46,70.86,0.254,0.424
S00905,64.243,25.92,4.33,61.68,64.473,24.05,5.54,57.7,20.46,6.36,78.53,0.23,0.124
S07059,56.85,25.62,4.45,85.04,57.133,21.73,0.0,79.9,26.7,4.14,64.22,0.283,0.282
S04872,67.935,28.63,35.0,67.96,68.566,25.02,5.74,73.24,20.92,0.0,73.56,0.631,0.089
S07263,59.532,24.28,0.0,71.06,59.801,22.08,0.0,74.49,24.74,12.21,63.3,0.269,0.304
S03403,58.8,20.92,14.4,69.34,59.145,23.41,6.18,75.88,25.09,2.76,72.03,0.345,0.306
S06728,57.066,17.38,0.0,62.3,57.228,23.79,0.0,78.78,22.57,0.0,67.99,0.162,0.312
S00598,72.635,24.53,0.0,64.52,72.737,24.66,0.49,72.3,22.47,0.3,63.15,0.102,0.072
S06347,69.586,25.34,7.82,82.53,69.964,25.42,0.0,60.87,24.6,4.51,63.46,0.378,0.233
S01323,54.992,23.47,0.0,63.16,55.254,24.55,0.0,75.99,18.33,0.0,63.29,0.262,0.193
S08469,63.143,23.96,2.5,70.55,63.412,29.66,0.0,74.82,22.09,37.74,74.48,0.269,0.663
S00997,62.807,18.6,0.0,63.3,62.875,24.0,0.0,85.98,28.94,8.48,74.49,0.068,0.345
S04453,58.989,22.97,0.16,57.19,59.201,17.78,0.0,71.2,24.46,1.76,67.6,0.212,0.258
S02807,61.602,15.44,0.0,62.18,61.666,18.9,0.0,54.99,21.04,0.0,69.71,0.064,0.219
S05899,63.745,16.05,0.0,55.0,63.755,26.71,0.0,70.74,23.24,0.0,82.94,0.01,0.274
S09548,49.614,22.44,2.28,70.27,49.857,23.92,0.0,74.71,24.52,35.06,67.94,0.243,0.685
S07665,52.036,24.73,0.0,79.04,52.697,18.66,0.0,67.97,24.93,3.33,64.82,0.661,0.33
S03602,64.468,22.63,0.0,64.28,65.0,24.32,2.64,83.34,26.69,32.24,72.39,0.532,0.63
S01999,47.276,23.66,0.0,65.49,47.863,24.96,7.88,69.46,24.67,11.92,66.39,0.587,0.389
S04915,57.485,19.15,15.96,74.24,57.894,20.36,10.21,71.77,21.25,7.54,66.97,0.409,0.317
S04029,71.848,21.38,0.6,49.61,72.019,22.21,0.0,59.1,23.67,4.19,76.75,0.171,0.234
S08761,62.493,25.67,0.0,56.14,62.734,22.05,0.0,78.96,25.86,0.0,75.87,0.241,0.289
S04275,68.719,16.88,0.0,69.41,68.729,19.26,0.0,68.73,16.06,0.0,61.45,0.01,0.075
S07248,63.337,20.54,0.0,55.98,63.53,19.91,0.0,65.78,23.53,0.0,64.35,0.193,0.247
S02160,71.13,28.25,0.0,69.19,71.339,20.24,0.0,87.55,19.12,3.3,58.09,0.209,0.09
S09068,53.189,26.07,10.63,68.65,53.673,18.14,0.0,52.34,22.92,10.7,71.88,0.484,0.387
S01567,74.524,24.67,21.01,74.8,74.906,24.49,0.0,63.57,24.39,0.0,80.05,0.382,0.163
S02366,59.626,29.72,0.0,91.95,60.032,22.88,0.0,72.14,24.01,0.0,70.12,0.406,0.268
S05707,56.332,21.24,0.0,72.85,56.632,26.52,0.0,75.31,24.79,18.03,87.16,0.3,0.458
S03017,61.146,22.44,0.0,63.15,61.269,21.84,0.0,70.68,23.72,0.0,69.54,0.123,0.247
S01331,48.475,25.27,0.0,64.37,48.792,23.53,0.0,70.81,17.82,1.86,81.62,0.317,0.235
S04192,55.095,17.07,0.0,68.46,55.251,21.62,0.0,68.63,25.23,8.1,73.32,0.156,0.472
S05321,49.936,25.62,0.58,80.34,50.335,26.82,0.0,63.07,24.34,25.29,72.89,0.399,0.577
S01418,69.687,21.3,3.71,57.8,69.862,24.22,10.77,58.88,23.7,27.5,72.93,0.175,0.453
S04779,50.829,20.53,0.0,58.42,51.085,22.86,0.0,59.21,27.73,0.0,69.27,0.256,0.362
S02449,73.96,26.64,0.0,76.38,74.061,19.71,0.0,60.73,23.39,0.0,69.4,0.101,0.153
S06717,58.248,23.41,0.0,74.07,58.56,17.56,0.0,74.1,25.03,2.29,64.47,0.312,0.3
S00202,55.338,24.12,0.0,76.04,55.524,24.27,2.25,72.07,26.47,7.8,74.82,0.186,0.472
S06935,53.27,23.85,0.0,65.46,53.54,23.27,7.6,67.26,27.16,0.0,68.38,0.27,0.323
S05026,65.849,24.92,0.0,76.51,66.234,21.6,0.0,85.68,20.04,0.71,68.45,0.385,0.22
S04805,59.965,23.45,0.0,76.2,60.27,17.32,0.0,61.21,23.43,1.76,70.38,0.305,0.337
S09847,65.434,25.31,0.0,78.8,65.849,22.69,0.3,71.34,22.32,6.81,75.1,0.415,0.296
S05354,58.532,20.42,3.15,62.62,58.742,26.42,0.19,74.16,16.23,0.9,73.27,0.21,0.154
S00255,68.338,18.42,0.0,69.84,68.428,22.01,19.22,81.76,24.69,0.0,72.64,0.09,0.201
S08246,64.217,17.73,0.0,54.86,64.322,17.37,0.0,74.93,21.51,0.0,65.05,0.105,0.118
S01443,65.418,21.77,1.16,66.99,65.735,24.85,27.04,66.36,24.07,4.99,71.16,0.317,0.271
S08142,45.962,29.36,10.42,73.73,46.494,29.36,0.0,89.04,22.5,1.02,74.37,0.532,0.332
S02330,49.915,27.99,0.0,84.87,50.359,17.95,1.3,66.14,26.37,32.78,63.42,0.444,0.642
S02114,61.644,29.35,11.5,70.86,62.045,23.42,0.0,68.83,15.16,0.12,66.4,0.401,0.052
S02814,61.271,25.61,10.71,65.1,61.846,25.5,0.0,83.09,22.28,3.52,62.89,0.575,0.262
S05995,60.105,25.15,0.0,72.69,60.294,20.13,24.29,76.91,20.7,0.0,66.9,0.189,0.205
S00949,47.185,19.84,0.0,57.4,47.434,23.58,0.0,65.86,25.62,1.68,75.67,0.249,0.385
S04946,51.961,23.52,0.0,66.65,52.269,26.41,0.0,91.62,23.33,0.0,62.31,0.308,0.32
S03904,75.625,26.67,0.0,68.41,75.729,26.64,0.0,74.04,25.83,0.0,62.68,0.104,0.151
S02683,46.936,24.52,0.0,75.73,47.415,26.18,15.47,66.87,21.92,0.0,61.58,0.479,0.311
S09667,71.523,22.82,0.0,74.59,71.597,19.22,0.0,81.43,20.61,0.0,60.98,0.074,0.135
S03796,52.764,26.31,0.0,73.2,52.974,25.59,0.0,68.09,22.43,28.69,71.43,0.21,0.621
S00305,67.427,18.88,0.0,49.73,67.477,22.89,0.0,57.28,21.54,0.61,68.55,0.05,0.167
S05063,61.581,21.82,0.0,63.25,61.729,19.79,0.0,65.58,21.33,3.26,66.45,0.148,0.142
S03212,63.116,27.84,0.0,75.35,63.272,30.71,0.0,75.7,20.61,27.45,71.36,0.156,0.435
S00650,58.506,24.35,0.0,61.01,58.775,21.78,0.0,61.08,21.03,0.0,72.61,0.269,0.193
S07121,62.294,23.57,0.0,69.97,62.537,17.07,0.0,79.6,21.67,0.87,68.51,0.243,0.258
S05712,73.414,28.61,0.0,67.34,73.505,24.9,0.0,76.99,24.64,2.26,69.47,0.091,0.195
S09219,64.945,28.75,0.0,79.02,65.35,27.3,12.71,61.88,25.63,2.56,70.55,0.405,0.254
S06875,55.141,17.02,0.0,63.4,55.291,18.72,0.0,69.93,26.31,5.19,70.56,0.15,0.286
S01020,56.732,22.11,0.0,70.89,56.887,22.87,0.0,69.49,20.19,0.0,59.14,0.155,0.172
S04465,61.596,26.77,0.0,61.94,61.915,13.93,1.02,63.47,18.53,0.0,73.36,0.319,0.155
S01988,65.188,25.17,0.0,71.1,65.612,22.86,0.0,73.4,24.63,0.0,67.77,0.424,0.244
S07175,66.754,24.83,0.0,74.44,67.001,24.48,0.0,78.83,22.3,0.0,71.95,0.247,0.222
S02620,65.498,18.7,0.0,63.07,65.812,19.3,0.0,84.47,24.23,0.0,78.49,0.314,0.289
S08378,67.599,23.5,0.0,64.83,67.729,22.35,0.0,73.19,24.42,5.86,69.61,0.13,0.261
S05031,61.652,25.39,4.4,72.06,61.928,22.5,0.0,61.12,23.1,6.86,80.68,0.276,0.381
S07999,50.194,17.89,0.0,74.29,50.462,26.0,0.0,70.52,25.63,0.0,63.11,0.268,0.378
S08242,61.63,24.26,0.0,64.94,61.98,15.44,0.0,70.4,21.58,1.56,80.51,0.35,0.253
S00755,70.556,21.79,0.0,71.57,70.611,26.51,0.0,70.31,21.25,2.0,67.74,0.055,0.111
S07481,60.47,23.02,0.0,57.96,60.699,21.72,0.0,76.16,24.87,12.51,68.75,0.229,0.315
S04882,51.437,15.82,0.0,63.75,51.681,26.26,0.0,64.23,22.63,3.12,54.99,0.244,0.226
S06587,64.286,25.93,0.0,80.22,64.454,20.55,4.2,71.27,25.07,3.83,74.18,0.168,0.247
S03673,70.43,26.44,7.63,74.93,70.619,18.16,0.0,66.56,22.28,2.08,73.28,0.189,0.237
S00149,56.287,23.04,0.0,84.41,56.551,22.39,0.0,72.29,24.88,5.84,58.87,0.264,0.215
S07515,53.378,24.32,2.13,79.08,53.63,20.72,0.0,56.77,21.93,1.37,72.68,0.252,0.203
S00624,52.269,23.27,0.0,76.06,52.654,18.83,0.0,63.04,21.49,0.0,77.61,0.385,0.297
S03913,58.131,17.22,0.0,70.42,58.46,18.63,0.0,57.19,19.66,1.93,68.3,0.329,0.178
S02842,58.864,19.84,1.7,71.52,59.22,26.45,7.51,70.78,21.47,0.56,72.85,0.356,0.275
S02445,78.238,23.2,0.0,92.46,78.324,25.66,0.0,66.14,21.52,0.23,65.46,0.086,0.053
S05076,75.208,23.59,0.0,70.34,75.327,16.65,0.0,58.17,21.38,6.32,74.8,0.119,0.221
S09198,52.94,24.39,0.0,72.67,53.193,15.9,0.0,59.89,24.89,2.57,66.69,0.253,0.25
S06437,56.968,20.99,2.74,63.29,57.167,18.76,0.0,74.73,22.72,13.69,72.09,0.199,0.335
S03044,64.242,22.66,0.0,65.53,64.626,21.74,2.48,73.01,18.02,0.66,69.58,0.384,0.168
S03964,64.435,23.52,0.0,86.53,64.708,21.56,0.0,60.0,22.57,2.18,75.61,0.273,0.289
S03055,60.733,18.82,6.2,62.32,61.086,18.46,0.0,53.85,19.46,2.76,67.55,0.353,0.111
S02226,47.962,23.11,0.0,44.38,48.268,24.14,10.17,84.86,20.36,0.77,64.38,0.306,0.29
S05535,56.226,26.98,7.26,75.93,56.696,24.49,0.0,62.98,23.5,4.96,71.19,0.47,0.307
S02941,70.412,25.12,0.0,82.58,70.573,20.86,0.0,72.64,23.01,0.0,64.65,0.161,0.199
S03301,58.048,19.78,0.0,82.35,58.351,22.61,0.0,78.59,24.54,2.64,74.77,0.303,0.291
S05155,52.56,19.55,0.0,61.43,52.828,26.32,1.08,71.66,25.37,0.0,70.13,0.268,0.334
S04135,57.791,21.26,0.0,76.34,57.997,22.83,0.0,68.74,23.39,15.54,75.25,0.206,0.376
S02198,58.2,27.57,7.65,78.18,58.581,19.52,0.3,66.54,27.24,10.9,78.6,0.381,0.414
S00196,64.928,25.62,0.0,54.3,65.28,14.73,10.3,73.93,20.48,0.31,60.99,0.352,0.129
S04813,59.312,23.88,0.0,76.52,59.496,27.63,0.0,87.6,23.8,7.28,79.5,0.184,0.289
S09688,66.924,19.18,0.0,70.65,67.132,26.82,0.0,76.62,21.26,0.0,68.09,0.208,0.042
S03983,60.893,28.01,0.0,70.92,61.192,25.82,0.0,73.98,18.9,3.6,67.12,0.299,0.206
S05759,72.139,24.88,0.0,78.01,72.467,24.39,1.19,71.91,25.53,2.4,58.46,0.328,0.159
S07005,55.056,23.92,2.36,78.72,55.45,21.87,0.0,77.08,22.22,4.27,59.57,0.394,0.223
S09398,44.303,24.59,0.0,83.85,44.687,16.61,0.0,63.92,20.16,21.92,71.01,0.384,0.596
S09332,62.949,27.13,30.4,88.69,63.576,20.95,0.0,51.53,20.72,18.52,66.47,0.627,0.313
S05426,55.688,22.22,0.0,60.13,55.914,20.42,0.0,74.41,22.16,1.59,65.8,0.226,0.316
S08038,68.906,19.93,0.0,69.62,69.191,15.54,0.0,60.83,23.88,5.58,65.57,0.285,0.325
S06211,56.444,16.27,0.0,56.22,56.454,26.24,1.16,80.52,22.56,0.0,73.59,0.01,0.246
S04141,67.032,26.05,1.62,67.84,67.326,30.82,0.0,71.52,21.5,34.42,79.96,0.294,0.469
S09718,62.978,19.04,0.0,68.46,63.167,22.07,0.0,64.39,23.51,0.0,71.72,0.189,0.158
S07295,57.699,20.01,0.0,60.51,58.025,26.02,0.0,72.7,26.81,2.15,71.11,0.326,0.37
S05124,64.22,26.02,0.0,70.81,64.444,24.92,0.0,81.09,26.26,3.59,75.03,0.224,0.26
S03412,57.999,20.0,0.0,68.66,58.283,21.98,0.0,70.32,23.16,0.0,78.64,0.284,0.263
S09153,56.256,26.26,0.0,74.13,56.621,21.19,0.0,70.36,21.86,0.0,67.06,0.365,0.253
S04760,72.724,27.43,21.8,65.33,73.135,22.74,0.0,60.0,27.31,2.11,78.55,0.411,0.216
S07227,50.517,24.5,1.14,64.49,50.801,23.56,0.0,68.07,21.74,0.0,70.02,0.284,0.255
S09199,62.35,18.05,0.0,54.45,62.535,29.34,7.37,68.36,23.75,2.17,74.54,0.185,0.232
S03148,65.676,19.53,0.0,45.14,65.76,20.46,0.0,63.36,24.49,6.86,79.1,0.084,0.339
S06539,56.6,26.84,0.91,69.85,56.957,21.51,0.0,65.78,17.73,0.0,76.33,0.357,0.21
S07491,65.849,26.02,0.0,66.2,65.945,18.14,0.0,71.68,21.54,21.42,65.74,0.096,0.331
S00667,70.888,23.97,2.83,82.26,71.097,16.27,0.0,62.84,22.1,0.0,69.97,0.209,0.219
S00853,65.994,20.72,0.0,66.34,66.069,21.03,0.0,69.18,22.21,28.46,59.27,0.075,0.486
S05729,62.471,26.1,0.0,60.49,62.673,23.26,1.07,65.66,26.74,4.61,76.68,0.202,0.336
S01204,63.574,24.5,0.0,74.24,63.732,18.86,0.0,76.63,20.47,1.96,76.59,0.158,0.308
S00403,67.17,19.04,0.0,64.74,67.361,25.24,0.0,80.58,17.98,0.3,83.22,0.191,0.106
S01136,63.542,15.24,0.0,53.33,63.632,22.52,0.87,74.03,19.94,2.21,63.77,0.09,0.102
S00847,54.412,21.82,0.0,76.7,54.598,25.44,0.0,76.17,23.61,1.73,74.36,0.186,0.223
S05700,84.267,17.49,0.0,69.08,84.342,18.97,0.0,61.25,18.02,0.83,72.5,0.075,0.056
S02432,62.266,27.53,12.18,71.54,62.641,23.88,0.0,66.75,16.51,1.16,66.38,0.375,0.157
S00212,51.221,26.32,0.0,66.82,51.419,25.93,0.0,69.39,21.95,2.6,67.77,0.198,0.306
S09657,61.593,25.88,0.0,82.13,61.833,25.77,0.18,82.53,22.75,0.32,69.11,0.24,0.174
S08518,57.04,19.67,0.0,50.91,57.258,25.06,0.61,62.66,21.85,0.0,72.05,0.218,0.219
S07112,71.283,18.25,6.06,84.36,71.576,20.04,0.0,61.75,23.07,0.0,70.81,0.293,0.16
S05236,64.812,24.32,0.0,75.9,65.079,20.0,0.0,69.91,21.69,0.0,61.92,0.267,0.116
S09507,69.432,25.81,0.0,71.86,69.688,24.15,0.0,74.5,24.78,36.0,87.2,0.256,0.598
S01186,65.407,26.67,0.0,69.6,65.676,22.14,0.0,63.89,18.47,0.0,64.87,0.269,0.044
S01032,68.507,21.64,13.18,71.96,68.93,26.02,0.0,85.75,26.76,6.39,88.32,0.423,0.388
S07522,60.602,18.34,0.0,77.91,60.827,21.26,0.0,57.84,23.22,3.09,75.98,0.225,0.329
S08913,59.894,25.21,0.0,81.61,60.161,24.37,0.0,87.02,22.72,0.0,58.83,0.267,0.19
S02232,64.133,27.66,0.27,74.02,64.723,24.52,0.0,68.15,19.09,0.22,59.04,0.59,0.011
S09018,51.69,22.74,0.0,68.74,52.289,20.6,4.26,59.39,23.12,10.95,66.84,0.599,0.391
S03165,68.769,25.33,0.0,71.91,69.169,20.58,0.0,68.34,23.16,1.83,50.08,0.4,0.113
S05536,57.211,23.58,2.75,62.95,57.448,24.19,0.0,72.31,19.05,0.0,66.69,0.237,0.16
S00073,64.292,23.81,0.0,64.17,64.533,24.62,1.33,78.0,23.86,0.0,58.39,0.241,0.251
S06161,74.94,23.84,0.0,93.03,75.095,17.08,0.0,69.01,23.4,0.0,61.33,0.155,0.104
S05776,58.883,21.77,31.5,65.05,59.468,17.91,0.0,78.43,22.84,2.14,74.52,0.585,0.249
S02202,67.405,25.44,0.0,65.71,67.708,14.56,0.0,57.41,17.63,0.0,69.45,0.303,0.07
S09758,57.895,18.38,1.95,67.74,58.115,20.18,2.45,74.4,21.06,0.0,69.17,0.22,0.222
S04222,75.597,21.65,6.51,74.27,75.747,28.98,4.64,60.97,23.35,1.48,72.47,0.15,0.166
S00547,57.597,22.35,2.94,77.59,57.968,23.12,14.85,66.04,17.72,0.51,74.91,0.371,0.175
S06949,54.531,29.78,8.55,78.11,54.979,15.82,0.0,69.24,24.74,1.37,70.65,0.448,0.363
S04604,66.405,23.7,0.0,66.5,66.617,18.66,0.0,59.08,16.95,0.0,66.67,0.212,0.072
S07632,46.774,20.28,0.0,63.38,47.065,27.35,4.27,63.08,19.52,0.0,70.97,0.291,0.22
S05586,78.865,17.04,0.0,86.32,78.88,23.29,0.0,73.09,23.23,4.36,60.1,0.015,0.098
S09348,51.948,22.42,0.0,74.58,52.209,21.98,0.0,74.12,12.27,1.8,69.72,0.261,0.125
S05176,53.73,24.55,0.0,73.09,53.982,20.79,6.33,67.06,20.85,0.0,64.15,0.252,0.206
S01815,60.194,17.88,0.0,71.77,60.32,20.13,0.0,65.61,20.24,10.51,71.65,0.126,0.289
S03288,58.104,24.83,0.0,79.04,58.329,23.23,8.86,73.44,21.46,0.45,60.75,0.225,0.164
S07213,74.895,29.81,1.63,53.12,75.044,27.04,0.0,77.39,21.42,6.58,69.11,0.149,0.091
S02545,56.933,27.74,4.31,66.87,57.221,19.72,0.0,71.05,26.78,11.16,76.3,0.288,0.497
S08604,79.292,24.96,27.8,61.48,79.633,21.3,0.0,75.61,24.02,19.22,70.86,0.341,0.269
S06706,70.401,23.52,0.0,67.69,70.514,27.68,4.81,82.02,24.71,8.47,72.19,0.113,0.292
S01787,60.441,26.14,0.0,67.89,60.719,21.81,1.19,76.87,21.29,1.33,80.43,0.278,0.314
S02456,65.513,25.48,0.0,66.84,66.098,20.75,0.0,64.91,21.33,0.0,68.58,0.585,0.153
S01797,71.846,25.37,14.13,74.82,72.128,27.33,0.0,52.58,25.44,2.29,74.54,0.282,0.238
S09307,64.556,18.65,0.0,62.76,64.741,23.71,0.0,58.97,25.58,0.96,62.37,0.185,0.265
S04956,47.165,26.17,0.0,66.6,47.564,19.12,1.71,62.73,21.95,10.94,70.66,0.399,0.412
S02518,47.734,26.7,0.0,81.28,48.059,24.73,0.0,68.06,15.86,3.34,70.3,0.325,0.213
S02080,79.652,23.78,0.0,86.04,79.844,21.87,0.0,63.83,18.58,0.0,68.29,0.192,0.073
S03590,60.65,22.72,0.0,73.58,60.749,25.36,0.0,60.16,23.96,24.08,71.53,0.099,0.464
S07832,55.397,18.44,0.0,63.03,55.709,25.05,0.0,62.61,15.96,1.57,63.51,0.312,0.088
S02859,59.64,25.3,0.0,78.23,59.923,25.93,22.95,89.16,26.12,0.0,77.63,0.283,0.37
S02689,59.994,17.96,0.0,58.29,60.051,18.17,0.0,68.3,21.4,0.0,64.06,0.057,0.193
S01542,64.007,15.63,0.0,64.59,64.334,17.9,3.91,58.38,25.59,5.31,78.13,0.327,0.253
S07684,65.769,25.12,0.0,67.73,65.925,23.85,2.97,80.4,25.69,3.33,52.94,0.156,0.23
S07589,71.489,24.12,0.0,73.47,71.648,17.04,0.0,61.54,23.2,8.75,77.33,0.159,0.244
S03106,81.163,24.49,0.0,56.79,81.289,19.7,0.0,77.91,19.67,0.5,64.0,0.126,0.024
S06545,69.3,24.04,9.84,74.08,69.627,23.67,0.0,72.29,23.46,5.72,64.59,0.327,0.148
S04704,53.666,16.88,0.0,65.94,53.79,21.24,0.0,81.66,21.79,2.98,72.97,0.124,0.278
S04288,75.521,20.08,0.0,58.78,75.611,20.99,0.0,70.85,20.16,0.0,78.47,0.09,0.113
S03514,60.759,26.05,0.46,59.85,61.158,25.52,12.4,63.65,25.02,0.99,73.53,0.399,0.271
S00635,66.985,20.16,0.0,64.47,67.173,27.54,0.0,71.74,25.93,5.53,67.87,0.188,0.251
S00556,53.419,22.33,0.0,77.05,53.766,25.17,0.0,78.85,22.51,7.8,87.69,0.347,0.41
S09832,58.254,24.86,0.0,65.71,58.497,18.06,0.0,70.89,22.05,0.0,64.72,0.243,0.207
S04897,44.953,23.78,0.0,59.45,45.224,24.7,0.0,67.73,19.53,0.0,68.38,0.271,0.353
S03780,66.865,25.69,0.0,74.21,67.104,23.51,0.0,85.3,21.73,0.0,71.27,0.239,0.194
S09880,45.263,27.18,0.0,63.78,45.705,21.06,0.0,69.06,25.29,0.46,77.23,0.442,0.422
S04009,75.59,23.06,0.0,72.62,75.649,23.37,10.74,82.63,20.3,3.19,62.95,0.059,0.065
S02764,69.297,13.5,0.0,63.39,69.39,21.56,0.0,74.98,24.7,1.4,71.47,0.093,0.208
S00518,49.011,23.36,0.0,73.47,49.305,27.29,0.0,54.61,26.56,1.41,82.62,0.294,0.386
S07760,53.873,31.61,0.0,64.26,54.28,20.46,0.0,60.2,21.31,0.49,75.19,0.407,0.284
S05122,46.601,23.41,10.34,71.84,47.044,21.63,0.0,74.23,26.01,12.76,70.02,0.443,0.548
S00771,60.422,16.65,5.14,62.74,60.604,16.16,6.21,58.77,24.21,0.0,69.91,0.182,0.281
S00484,73.538,21.02,0.0,64.28,73.602,17.37,13.9,70.91,25.3,9.45,77.11,0.064,0.301
S04457,55.929,26.48,0.0,74.58,56.286,22.01,0.0,60.5,20.78,7.18,70.06,0.357,0.323
S03588,71.936,20.65,0.0,67.6,72.081,24.22,0.0,94.46,20.88,4.08,74.77,0.145,0.063
S01325,73.709,28.58,0.02,66.02,73.998,24.08,0.0,64.29,19.74,5.62,65.62,0.289,0.232
S05871,62.641,22.61,0.0,69.54,62.793,27.77,0.0,70.94,25.81,5.6,76.3,0.152,0.298
S01748,69.324,19.51,0.0,67.43,69.378,19.09,0.0,67.61,18.55,22.62,68.8,0.054,0.372
S09531,58.96,19.32,0.0,76.58,59.257,17.9,0.0,63.11,22.75,0.0,64.85,0.297,0.223
S00089,75.524,22.85,2.25,72.96,75.885,28.49,22.11,73.7,25.19,0.0,66.49,0.361,0.143
S01469,65.54,17.03,0.0,77.88,65.949,16.8,0.0,60.29,21.87,7.55,72.45,0.409,0.312
S00084,58.651,14.84,0.0,56.31,58.834,25.0,10.74,72.65,21.07,3.49,74.18,0.183,0.204
S07959,73.539,26.82,0.0,70.82,73.731,18.06,0.0,52.33,23.5,0.0,79.13,0.192,0.231
S07411,57.635,26.0,0.0,80.52,57.952,23.88,0.0,55.94,26.22,8.09,79.4,0.317,0.475
S08330,68.421,22.02,0.0,72.12,68.679,17.42,1.45,69.37,25.64,0.0,68.95,0.258,0.18
S02594,58.963,17.17,0.01,70.81,59.125,26.23,0.0,70.66,18.68,1.42,77.64,0.162,0.218
S06516,47.277,22.47,4.34,56.47,47.607,22.95,0.0,92.23,22.5,0.12,75.82,0.33,0.319
S01364,72.023,23.45,0.0,54.22,72.135,22.84,4.11,63.85,19.43,8.91,76.55,0.112,0.181
S00944,63.251,25.45,0.64,73.2,63.531,23.53,0.0,72.73,26.5,3.97,75.6,0.28,0.253
S07536,70.666,17.69,1.14,59.23,70.845,23.41,15.62,54.8,20.91,0.0,78.24,0.179,0.16
S00381,56.151,24.43,0.0,77.72,56.45,16.53,0.0,62.35,22.21,0.14,73.4,0.299,0.269
S06900,67.973,24.05,25.09,56.59,68.462,26.99,0.0,82.54,25.54,13.64,70.49,0.489,0.474
S04701,62.397,14.59,0.0,65.86,62.465,30.56,0.0,69.02,26.36,1.19,72.83,0.068,0.258
S07686,42.175,24.25,0.0,60.76,42.44,25.84,0.0,52.3,23.28,0.0,66.4,0.265,0.31
S06181,50.094,25.94,0.0,72.74,50.355,20.27,4.92,60.43,25.44,0.0,83.5,0.261,0.386
S02873,59.182,25.08,0.0,64.55,59.393,21.87,5.2,79.67,16.17,0.21,60.5,0.211,0.113
S09443,51.389,18.03,0.0,64.05,51.677,25.39,0.0,82.73,21.45,16.75,70.15,0.288,0.482
S00474,54.408,20.53,7.57,54.57,54.63,29.19,0.0,77.23,20.53,1.95,52.94,0.222,0.166
S07220,54.629,23.29,14.05,75.45,55.07,25.95,0.0,59.78,28.24,0.0,71.67,0.441,0.412
S09711,56.488,22.06,0.0,75.72,56.8,25.36,0.0,68.71,23.3,26.02,64.22,0.312,0.547
S07079,71.641,24.23,0.0,76.65,71.845,23.92,0.0,75.01,24.97,0.8,66.14,0.204,0.151
S06393,75.203,23.67,0.0,70.56,75.293,22.36,2.56,84.74,23.19,0.0,71.1,0.09,0.173
S07358,69.001,25.31,0.1,74.07,69.538,24.2,0.0,63.83,20.57,0.63,81.61,0.537,0.164
S05978,64.305,25.5,0.0,74.47,64.611,25.73,5.66,79.26,25.49,0.0,74.86,0.306,0.243
S02047,62.59,25.79,3.12,69.27,62.783,27.56,0.0,77.87,28.72,12.14,70.86,0.193,0.407
S02157,69.911,26.25,0.0,69.49,70.037,14.49,7.21,70.91,23.76,0.0,78.39,0.126,0.239
S07598,72.613,23.4,0.0,77.95,72.776,23.14,0.0,60.59,22.29,0.0,75.36,0.163,0.122
S01106,55.29,22.12,0.0,74.91,55.613,17.53,0.0,65.9,20.2,1.06,72.4,0.323,0.194
S06043,67.347,27.2,0.0,67.91,67.61,20.19,0.0,71.17,25.43,0.0,65.41,0.263,0.191
S09159,64.282,28.07,3.29,70.03,64.546,25.74,0.0,79.51,25.52,0.0,69.06,0.264,0.242
S09318,66.036,14.24,0.9,57.92,66.149,24.33,0.0,60.92,24.92,2.79,80.1,0.113,0.295
S06096,63.53,25.37,0.0,69.52,63.865,23.1,22.94,58.68,26.22,0.83,69.93,0.335,0.261
S03302,71.382,22.3,0.0,70.39,71.425,24.52,0.0,70.56,19.93,0.0,67.83,0.043,0.129
S09295,65.711,19.4,0.0,64.72,65.924,24.43,0.0,73.11,23.0,2.69,81.23,0.213,0.267
S02710,60.294,14.96,0.0,60.91,60.483,24.99,0.0,71.81,23.28,3.82,76.77,0.189,0.259
S08440,67.363,27.02,1.08,87.33,67.591,25.22,0.0,81.4,26.42,0.0,69.63,0.228,0.183
S07855,71.11,19.39,1.75,60.82,71.271,22.14,0.0,70.18,21.15,0.51,78.76,0.161,0.217
S06419,42.462,25.36,0.0,83.97,42.971,23.93,0.0,77.23,27.24,4.64,70.24,0.509,0.455
S04945,49.398,23.08,0.0,85.22,49.827,18.36,0.0,72.96,20.39,0.0,70.28,0.429,0.286
S09528,61.571,14.7,0.0,72.88,61.701,23.05,14.53,76.84,23.74,0.0,73.84,0.13,0.311
S04442,53.498,23.75,0.56,68.19,53.753,21.51,0.0,74.44,22.7,4.62,55.77,0.255,0.186
S06770,80.554,16.46,0.0,58.63,80.572,26.67,0.0,80.21,18.17,0.0,64.79,0.018,0.029
S03473,58.096,25.41,0.0,71.18,58.424,18.4,0.0,70.88,23.76,2.17,77.6,0.328,0.254
S01232,54.808,23.11,0.0,68.54,55.193,22.03,0.0,83.91,23.07,0.0,80.11,0.385,0.348
S04494,53.714,13.34,0.0,69.38,53.953,26.79,0.0,78.1,25.4,0.0,71.83,0.239,0.317
S09785,53.594,22.31,0.0,85.2,53.876,25.49,0.0,60.28,23.28,26.57,80.21,0.282,0.612
S03879,75.051,21.73,0.0,67.56,75.2,23.24,0.0,68.78,25.42,26.03,84.14,0.149,0.327
S03003,63.332,24.8,0.0,52.96,63.441,23.7,0.0,72.63,20.17,2.81,66.02,0.109,0.093
S00228,52.043,19.66,0.0,81.08,52.472,25.13,7.59,70.57,20.13,18.61,64.71,0.429,0.35
S08096,63.51,22.88,0.74,83.19,63.778,23.97,0.0,77.62,21.55,6.29,62.39,0.268,0.246
S09977,58.254,27.09,0.0,64.21,58.449,26.34,1.07,68.27,23.74,5.4,73.38,0.195,0.4
S00355,66.057,25.13,19.31,69.54,66.445,22.33,0.0,72.41,21.79,3.71,66.4,0.388,0.174
S04003,76.912,23.25,0.0,75.3,77.221,24.3,9.31,70.86,20.73,0.34,76.6,0.309,0.134
S07769,59.033,27.28,0.0,57.08,59.226,24.98,0.0,80.99,20.98,1.76,72.59,0.193,0.23
S03038,83.606,18.3,0.0,75.23,83.65,29.01,17.43,63.07,24.11,0.0,73.4,0.044,0.093
S04124,63.253,21.66,0.0,63.15,63.422,20.49,0.0,63.74,23.87,7.4,63.56,0.169,0.286
S03816,59.235,22.55,19.68,71.36,59.741,20.03,0.0,73.11,20.03,0.0,74.14,0.506,0.229
S00011,48.087,24.62,0.0,76.56,48.478,22.06,0.0,70.19,27.09,0.0,71.43,0.391,0.362
S06011,60.826,20.21,0.0,78.41,61.231,29.32,22.6,60.92,26.81,15.35,73.12,0.405,0.494
S07521,67.108,27.76,0.0,70.02,67.325,21.6,1.38,64.78,19.01,16.03,81.06,0.217,0.337
S06158,61.596,18.76,0.0,59.92,61.755,18.77,0.0,69.74,28.67,0.0,73.43,0.159,0.324
S01124,44.752,24.04,35.0,68.56,45.465,22.92,2.38,62.26,19.85,3.32,66.75,0.713,0.225
S05222,67.916,23.32,0.0,54.91,68.134,21.47,6.81,69.62,22.12,12.35,80.05,0.218,0.297
S09477,66.501,27.58,0.0,67.23,66.697,24.35,0.0,65.72,24.04,9.13,64.22,0.196,0.281
S03159,76.977,28.86,3.32,74.67,77.239,23.88,0.0,67.01,22.38,3.28,65.36,0.262,0.072
S01737,50.783,16.34,0.0,72.06,51.123,21.76,0.0,80.88,21.35,0.0,57.37,0.34,0.212
S04405,59.0,29.82,0.59,79.81,59.25,17.74,0.0,59.71,17.88,0.0,62.46,0.25,0.174
S02372,67.13,26.93,0.0,66.8,67.352,23.65,0.0,75.44,23.98,14.54,79.81,0.222,0.361
S07645,60.456,21.77,0.0,68.51,60.664,16.17,0.0,58.24,23.29,0.0,69.68,0.208,0.241
S06743,67.171,28.24,4.06,68.96,67.416,16.08,0.0,61.62,25.49,1.16,68.09,0.245,0.181
S03250,55.512,29.14,0.0,79.32,55.834,28.08,0.0,76.61,22.83,0.88,76.73,0.322,0.228
S06361,67.861,23.49,0.0,71.1,68.045,17.63,0.0,72.52,21.59,4.13,69.42,0.184,0.21
S03493,62.584,20.27,0.0,57.99,62.838,28.42,0.0,71.39,20.88,1.83,66.69,0.254,0.145
S03985,51.781,24.79,0.0,65.1,52.127,23.69,0.0,64.53,24.79,1.52,72.39,0.346,0.346
S06461,57.442,19.88,0.0,48.92,57.639,25.66,0.0,58.03,23.91,3.15,74.5,0.197,0.239
S02310,62.675,24.4,0.46,77.45,63.054,24.56,0.0,60.37,26.51,7.17,73.61,0.379,0.416
S07542,64.083,25.9,8.98,80.61,64.544,21.44,0.0,70.46,21.48,0.74,46.84,0.461,0.114
S02675,57.15,20.5,0.0,70.85,57.457,25.12,0.0,78.0,23.11,0.0,72.96,0.307,0.32
S03006,76.11,26.15,1.2,73.48,76.35,18.68,0.0,58.53,27.62,1.11,75.84,0.24,0.22
S04052,55.472,20.89,0.0,73.47,55.74,24.36,7.98,67.55,22.88,3.02,69.41,0.268,0.313
S09388,67.983,25.21,0.0,81.83,68.264,27.3,0.0,82.18,23.03,25.77,67.76,0.281,0.407
S01636,69.64,28.34,0.0,71.17,70.018,26.34,35.0,64.51,21.25,1.38,71.33,0.378,0.184
S03748,64.264,19.54,0.0,71.22,64.482,23.9,12.37,71.99,19.11,0.0,71.37,0.218,0.219
S01412,83.008,22.36,10.78,72.21,83.153,18.16,0.0,62.0,23.08,0.81,69.8,0.145,0.151
S03763,61.221,28.0,11.25,72.22,61.575,19.51,0.0,64.15,23.56,11.0,68.22,0.354,0.367
S01059,62.435,21.58,0.0,56.81,62.597,13.97,0.0,52.81,26.66,0.0,68.38,0.162,0.213
S04908,59.369,24.78,0.0,78.89,59.714,23.68,0.0,81.63,23.49,3.87,74.6,0.345,0.285
S07622,53.724,24.9,0.0,71.93,54.06,24.88,0.0,75.66,27.47,6.89,65.3,0.336,0.336
S08190,57.49,17.55,0.0,48.01,57.675,20.19,10.84,60.92,21.37,0.74,70.28,0.185,0.222
S09845,71.632,19.03,0.0,70.39,71.795,16.35,0.0,81.3,17.69,20.64,77.49,0.163,0.233
S05398,58.984,15.07,0.0,74.97,59.202,26.03,0.0,76.87,24.42,12.88,83.82,0.218,0.505
S06238,69.167,21.67,0.0,69.23,69.264,17.22,0.0,69.52,20.17,8.76,65.6,0.097,0.215
S08861,52.349,24.41,1.88,78.67,52.664,18.14,0.0,76.21,22.54,1.24,70.7,0.315,0.38
S02185,59.359,20.99,0.0,68.57,59.677,24.81,0.0,70.3,21.53,6.2,64.22,0.318,0.332
S07083,56.893,20.11,0.0,79.01,57.117,24.21,0.0,73.49,20.22,0.0,62.79,0.224,0.146
S08456,57.725,21.62,0.0,62.28,57.964,25.07,0.0,70.02,23.42,1.08,64.13,0.239,0.203
S09728,66.588,20.15,0.0,67.42,66.784,23.17,0.0,62.91,28.0,0.38,77.57,0.196,0.288
S04970,50.82,21.86,0.0,73.92,51.145,23.38,0.0,66.73,22.74,0.31,72.26,0.325,0.311
S07237,61.064,28.31,0.0,60.81,61.405,22.57,20.66,67.63,22.55,0.44,65.92,0.341,0.212
S02002,52.388,20.45,0.0,72.82,52.693,21.49,0.0,78.86,22.43,0.0,73.93,0.305,0.311
S06501,49.903,24.54,0.0,73.83,50.327,27.18,14.16,73.9,24.57,0.57,79.91,0.424,0.363
S08808,52.321,24.92,0.0,61.85,52.625,24.08,5.04,59.85,25.23,2.52,74.21,0.304,0.265
S01249,61.154,18.57,0.0,66.65,61.316,20.22,10.24,80.86,24.67,0.0,72.39,0.162,0.291
S08275,58.54,27.25,0.0,74.4,58.86,20.69,0.0,75.87,21.55,19.41,41.35,0.32,0.325
S09752,53.61,23.77,0.0,77.09,53.875,16.83,0.0,65.34,21.67,2.38,57.82,0.265,0.188
S00642,59.729,20.39,0.0,63.33,59.87,19.49,0.0,60.09,22.33,3.38,72.05,0.141,0.266
S06336,40.0,27.38,16.49,86.62,40.617,24.5,0.0,67.45,24.21,4.03,77.47,0.617,0.478
S01027,74.644,24.51,0.0,72.98,74.881,24.71,0.0,60.09,27.77,31.84,78.62,0.237,0.545
S06631,65.544,32.16,18.57,74.09,66.142,17.01,0.0,70.58,22.5,0.0,72.67,0.598,0.151
S06286,66.24,30.33,2.8,73.76,66.685,26.53,0.0,79.23,24.93,2.08,65.06,0.445,0.257
S00603,52.552,14.73,0.0,59.92,52.822,15.45,0.0,71.38,17.76,1.68,79.25,0.27,0.175
S07497,70.785,26.79,0.0,68.7,70.964,17.61,0.0,70.65,22.8,0.0,49.72,0.179,0.035
S08773,63.195,18.62,0.0,75.27,63.466,16.19,4.9,78.32,16.42,3.5,68.82,0.271,0.124
S03689,71.724,23.19,0.0,76.48,71.881,15.98,0.0,66.77,22.62,11.44,68.43,0.157,0.246
S01296,60.767,29.19,0.0,76.67,61.127,19.19,0.0,58.67,15.23,4.21,52.74,0.36,0.064
S08681,56.462,19.46,0.0,67.47,56.727,28.98,0.0,64.12,24.65,3.95,77.5,0.265,0.288
S08702,55.67,23.66,0.0,76.54,55.987,24.26,6.4,60.31,19.38,12.11,76.68,0.317,0.315
S03195,72.451,23.54,12.94,73.11,72.75,21.09,3.44,67.47,21.92,36.58,71.04,0.299,0.451
S06121,73.52,27.08,0.0,88.09,73.776,21.33,25.24,65.27,21.87,0.0,77.23,0.256,0.168
S03612,70.961,18.35,0.0,63.07,71.114,17.01,0.0,84.35,22.5,2.15,66.78,0.153,0.106
S01342,57.797,25.49,5.92,74.57,58.064,17.88,0.0,56.03,19.39,0.66,69.21,0.267,0.199
S03529,66.461,21.55,0.0,65.7,66.656,17.79,0.75,77.76,23.78,13.04,75.4,0.195,0.271
S02135,72.539,23.58,0.0,87.7,72.839,21.54,0.0,70.15,26.72,8.53,80.25,0.3,0.292
S03712,67.679,26.73,0.0,76.51,67.926,20.23,0.0,69.92,22.56,3.3,69.85,0.247,0.194
S00790,52.403,24.89,3.61,68.74,52.738,27.19,0.0,84.94,21.01,27.85,61.55,0.335,0.515
S01841,65.157,27.24,0.0,69.38,65.415,24.12,0.0,72.75,25.58,0.0,64.94,0.258,0.229
S00780,69.181,29.92,22.44,71.98,69.607,24.22,0.0,64.35,21.81,0.0,71.34,0.426,0.146
S05232,59.228,23.76,0.0,70.36,59.557,25.53,0.0,69.04,22.43,0.0,74.01,0.329,0.24
S01461,81.367,21.1,1.71,54.17,81.424,16.18,0.0,68.24,18.53,10.35,67.61,0.057,0.021
S08290,64.616,19.98,0.0,71.51,64.801,28.45,3.69,74.87,25.22,1.12,80.51,0.185,0.262
S05892,65.344,27.22,0.0,74.67,65.565,20.42,14.65,61.47,20.39,0.0,73.62,0.221,0.12
S05404,71.486,24.54,0.0,74.78,71.631,28.08,0.52,70.36,23.18,0.0,64.76,0.145,0.075
S00488,63.302,24.44,14.17,75.09,63.691,26.23,0.0,68.48,26.68,0.0,92.77,0.389,0.378
S06952,53.995,21.6,0.0,63.43,54.18,17.83,0.0,63.4,21.06,0.0,79.19,0.185,0.349
S03119,53.271,25.89,0.0,48.3,53.59,22.71,0.0,71.82,20.21,10.08,66.05,0.319,0.35
S05357,45.868,28.05,15.86,65.63,46.347,26.64,7.43,77.75,24.57,27.1,73.93,0.479,0.619
S01682,49.789,23.44,28.24,75.05,50.633,29.53,0.0,88.72,21.41,5.76,54.66,0.844,0.26
S02408,69.057,23.64,0.0,75.96,69.502,24.37,2.14,75.29,26.98,16.39,78.0,0.445,0.41
S07125,73.234,26.79,0.0,79.16,73.455,22.58,0.0,55.52,21.79,1.03,66.83,0.221,0.126
S04735,65.615,19.9,0.0,72.57,65.811,27.33,0.0,78.91,19.89,6.07,64.81,0.196,0.162
S06879,78.389,23.68,0.0,68.46,78.484,24.93,13.59,82.98,19.94,1.89,69.81,0.095,0.05
S02705,58.979,20.76,0.0,64.95,59.279,27.91,0.0,70.78,22.69,14.42,71.36,0.3,0.325
S08990,63.48,25.32,0.0,63.92,63.742,19.11,3.52,60.83,23.42,0.0,70.91,0.262,0.23
S05005,71.724,22.54,0.0,88.75,71.888,21.74,13.57,60.04,26.65,1.76,76.0,0.164,0.286
S02292,77.404,29.07,0.0,80.62,77.682,22.2,0.0,65.27,19.3,34.75,75.76,0.278,0.486
S01713,61.764,16.56,0.0,59.28,61.908,27.23,0.0,76.31,25.28,0.0,75.41,0.144,0.339
S06320,53.331,29.1,0.0,70.57,53.728,26.02,0.0,68.58,20.57,0.0,68.55,0.397,0.229
S09630,74.434,19.85,0.0,65.98,74.477,20.63,0.0,67.21,25.18,3.17,75.26,0.043,0.236
S01562,69.911,12.57,0.0,76.23,70.017,12.0,0.0,57.95,22.68,1.14,72.05,0.106,0.148
S00405,63.85,23.85,0.0,69.77,64.038,26.83,0.0,79.76,22.05,2.95,61.96,0.188,0.196
S02793,49.076,12.31,0.0,53.19,49.218,26.36,0.69,66.67,24.36,0.0,80.93,0.142,0.373
S06987,68.461,26.41,0.0,76.21,68.642,18.5,0.0,65.41,23.35,0.0,65.86,0.181,0.153
S03910,52.421,21.77,0.0,52.75,52.911,17.95,0.0,57.09,24.08,1.86,70.98,0.49,0.276
S06835,51.037,22.23,0.0,62.09,51.355,19.18,0.0,59.72,19.71,1.28,71.6,0.318,0.197
S01610,56.788,25.77,0.0,78.12,57.112,25.63,0.0,82.76,25.16,10.07,77.42,0.324,0.435
S08968,58.899,18.66,3.55,64.39,59.162,24.8,0.0,64.28,23.78,11.83,63.29,0.263,0.366
S00024,64.544,19.61,0.0,69.41,64.639,28.06,1.75,65.65,23.95,8.51,78.47,0.095,0.295
S06655,77.649,23.11,0.0,81.47,77.757,14.21,0.01,60.74,20.41,7.97,65.23,0.108,0.124
S06263,65.678,20.26,0.0,53.74,65.851,26.46,0.76,80.42,24.76,0.0,81.33,0.173,0.261
S06135,60.655,24.24,0.0,81.78,61.019,28.51,0.0,75.29,24.52,0.0,79.05,0.364,0.269
S02561,71.307,16.92,0.0,66.63,71.437,19.76,0.0,63.07,21.85,7.97,63.04,0.13,0.189
S02077,61.172,23.97,11.78,74.49,61.497,19.2,0.0,52.98,22.78,24.93,79.39,0.325,0.447
S09955,56.823,15.98,0.0,81.92,57.027,14.07,0.0,60.4,23.2,6.78,77.83,0.204,0.302
S04378,60.609,25.9,0.0,70.66,60.843,27.42,3.02,72.64,23.12,0.0,75.48,0.234,0.185
S04889,65.77,18.24,0.0,74.64,65.968,24.92,0.0,80.59,21.15,12.43,66.92,0.198,0.285
S00705,65.857,25.22,0.0,93.81,66.097,25.43,0.0,73.74,26.24,4.32,73.14,0.24,0.242
S08087,72.798,28.35,0.0,73.66,72.999,20.02,0.0,71.66,24.19,0.0,75.78,0.201,0.241
S06570,67.18,18.95,0.0,78.87,67.401,25.21,0.17,73.94,16.75,0.0,72.68,0.221,0.035
S02984,64.836,13.3,0.0,66.39,64.923,22.32,11.57,75.52,23.23,0.03,76.02,0.087,0.248
S08379,59.621,20.83,11.02,69.07,59.914,26.22,0.0,98.0,25.1,2.08,72.27,0.293,0.307
S09522,58.09,17.38,0.0,70.09,58.294,26.67,0.0,63.01,21.91,22.94,78.22,0.204,0.448
S03892,63.202,23.03,0.0,75.81,63.371,18.6,1.28,65.97,28.33,2.87,77.55,0.169,0.385
S02698,59.875,17.98,0.0,69.02,60.052,28.01,5.76,81.79,27.17,5.99,78.13,0.177,0.403
S04330,68.01,27.85,0.0,76.17,68.198,24.66,0.0,67.46,22.64,4.59,64.02,0.188,0.185
S09305,40.0,26.7,0.0,83.57,40.488,27.24,0.0,77.31,24.81,0.0,77.09,0.488,0.47
S07087,62.266,24.89,0.0,68.68,62.492,25.19,0.0,65.43,22.92,3.54,64.08,0.226,0.201
S06979,63.392,32.24,0.0,70.2,63.63,18.85,0.0,70.15,25.43,0.47,60.92,0.238,0.147
S01525,56.915,20.43,0.0,73.06,57.138,24.21,0.0,74.23,21.66,0.0,69.49,0.223,0.272
S03004,57.528,22.7,1.32,67.12,57.892,26.49,8.39,85.33,25.6,4.61,73.09,0.364,0.257
S05500,70.762,27.33,0.0,65.26,71.022,22.39,7.67,54.71,19.99,1.63,68.92,0.26,0.066
S06392,71.936,23.93,0.59,81.72,72.074,20.55,0.0,72.35,15.73,0.0,72.49,0.138,0.01
S03437,64.5,19.5,0.0,68.54,64.612,20.43,2.73,77.83,15.87,0.0,67.47,0.112,0.055
S03550,62.044,17.01,0.0,74.97,62.362,26.16,0.0,57.3,20.98,5.83,80.51,0.318,0.317
S02609,68.468,15.94,0.0,72.49,68.522,23.62,0.0,57.26,21.94,0.0,82.56,0.054,0.249
S06934,68.482,27.27,0.0,58.16,68.654,25.18,0.0,74.2,19.38,11.28,57.91,0.172,0.186
